/*
 Navicat Premium Data Transfer

 Source Server         : Localhost
 Source Server Type    : MySQL
 Source Server Version : 80026
 Source Host           : localhost:3306
 Source Schema         : school_work

 Target Server Type    : MySQL
 Target Server Version : 80026
 File Encoding         : 65001

 Date: 05/12/2022 11:48:23
*/

SET NAMES utf8mb4;
SET FOREIGN_KEY_CHECKS = 0;

-- ----------------------------
-- Table structure for baoming_db
-- ----------------------------
DROP TABLE IF EXISTS `baoming_db`;
CREATE TABLE `baoming_db`  (
  `id` int NOT NULL AUTO_INCREMENT,
  `applyID` varchar(100) CHARACTER SET utf8 COLLATE utf8_general_ci NULL DEFAULT NULL,
  `stu_id` int NULL DEFAULT NULL,
  `nianji` char(1) CHARACTER SET utf8 COLLATE utf8_general_ci NULL DEFAULT NULL,
  `classid` char(1) CHARACTER SET utf8 COLLATE utf8_general_ci NULL DEFAULT NULL,
  `type_apply` char(1) CHARACTER SET utf8 COLLATE utf8_general_ci NULL DEFAULT NULL,
  `create_day` datetime NULL DEFAULT NULL,
  `state` char(1) CHARACTER SET utf8 COLLATE utf8_general_ci NULL DEFAULT NULL,
  `title` varchar(1000) CHARACTER SET utf8 COLLATE utf8_general_ci NULL DEFAULT NULL,
  `bz` varchar(1000) CHARACTER SET utf8 COLLATE utf8_general_ci NULL DEFAULT NULL,
  `stuname` varchar(100) CHARACTER SET utf8 COLLATE utf8_general_ci NULL DEFAULT NULL,
  PRIMARY KEY (`id`) USING BTREE
) ENGINE = InnoDB AUTO_INCREMENT = 3 CHARACTER SET = utf8 COLLATE = utf8_general_ci ROW_FORMAT = Dynamic;

-- ----------------------------
-- Records of baoming_db
-- ----------------------------
INSERT INTO `baoming_db` VALUES (1, '100001', 123456, '1', '3', '2', '2022-11-23 00:00:00', '0', '核酸检测志愿者报名', '无', '王小青');
INSERT INTO `baoming_db` VALUES (2, '100001', 654321, '1', '3', '2', '2022-11-25 00:00:00', '0', '核酸检测', '无', '张三');

-- ----------------------------
-- Table structure for from_db
-- ----------------------------
DROP TABLE IF EXISTS `from_db`;
CREATE TABLE `from_db`  (
  `id` int NOT NULL AUTO_INCREMENT,
  `fromID` varchar(100) CHARACTER SET utf8 COLLATE utf8_general_ci NULL DEFAULT NULL,
  `title` varchar(1000) CHARACTER SET utf8 COLLATE utf8_general_ci NULL DEFAULT NULL,
  `fileurl` varchar(1000) CHARACTER SET utf8 COLLATE utf8_general_ci NULL DEFAULT NULL,
  `picurl` varchar(1000) CHARACTER SET utf8 COLLATE utf8_general_ci NULL DEFAULT NULL,
  `homeid` int NULL DEFAULT NULL,
  `stuid` int NULL DEFAULT NULL,
  `homename` varchar(100) CHARACTER SET utf8 COLLATE utf8_general_ci NULL DEFAULT NULL,
  `stuname` varchar(100) CHARACTER SET utf8 COLLATE utf8_general_ci NULL DEFAULT NULL,
  `state` char(1) CHARACTER SET utf8 COLLATE utf8_general_ci NULL DEFAULT NULL,
  `from_type` char(1) CHARACTER SET utf8 COLLATE utf8_general_ci NULL DEFAULT NULL,
  `createtime` datetime NULL DEFAULT NULL,
  PRIMARY KEY (`id`) USING BTREE
) ENGINE = InnoDB AUTO_INCREMENT = 3 CHARACTER SET = utf8 COLLATE = utf8_general_ci ROW_FORMAT = Dynamic;

-- ----------------------------
-- Records of from_db
-- ----------------------------
INSERT INTO `from_db` VALUES (1, '100001', '寒假通知', NULL, NULL, 100001, 100001, '王刚', '王明', '0', '2', '2023-01-20 18:37:24');

-- ----------------------------
-- Table structure for gen_table
-- ----------------------------
DROP TABLE IF EXISTS `gen_table`;
CREATE TABLE `gen_table`  (
  `table_id` bigint NOT NULL AUTO_INCREMENT COMMENT '编号',
  `table_name` varchar(200) CHARACTER SET utf8 COLLATE utf8_general_ci NULL DEFAULT '' COMMENT '表名称',
  `table_comment` varchar(500) CHARACTER SET utf8 COLLATE utf8_general_ci NULL DEFAULT '' COMMENT '表描述',
  `sub_table_name` varchar(64) CHARACTER SET utf8 COLLATE utf8_general_ci NULL DEFAULT NULL COMMENT '关联子表的表名',
  `sub_table_fk_name` varchar(64) CHARACTER SET utf8 COLLATE utf8_general_ci NULL DEFAULT NULL COMMENT '子表关联的外键名',
  `class_name` varchar(100) CHARACTER SET utf8 COLLATE utf8_general_ci NULL DEFAULT '' COMMENT '实体类名称',
  `tpl_category` varchar(200) CHARACTER SET utf8 COLLATE utf8_general_ci NULL DEFAULT 'crud' COMMENT '使用的模板（crud单表操作 tree树表操作）',
  `package_name` varchar(100) CHARACTER SET utf8 COLLATE utf8_general_ci NULL DEFAULT NULL COMMENT '生成包路径',
  `module_name` varchar(30) CHARACTER SET utf8 COLLATE utf8_general_ci NULL DEFAULT NULL COMMENT '生成模块名',
  `business_name` varchar(30) CHARACTER SET utf8 COLLATE utf8_general_ci NULL DEFAULT NULL COMMENT '生成业务名',
  `function_name` varchar(50) CHARACTER SET utf8 COLLATE utf8_general_ci NULL DEFAULT NULL COMMENT '生成功能名',
  `function_author` varchar(50) CHARACTER SET utf8 COLLATE utf8_general_ci NULL DEFAULT NULL COMMENT '生成功能作者',
  `gen_type` char(1) CHARACTER SET utf8 COLLATE utf8_general_ci NULL DEFAULT '0' COMMENT '生成代码方式（0zip压缩包 1自定义路径）',
  `gen_path` varchar(200) CHARACTER SET utf8 COLLATE utf8_general_ci NULL DEFAULT '/' COMMENT '生成路径（不填默认项目路径）',
  `options` varchar(1000) CHARACTER SET utf8 COLLATE utf8_general_ci NULL DEFAULT NULL COMMENT '其它生成选项',
  `create_by` varchar(64) CHARACTER SET utf8 COLLATE utf8_general_ci NULL DEFAULT '' COMMENT '创建者',
  `create_time` datetime NULL DEFAULT NULL COMMENT '创建时间',
  `update_by` varchar(64) CHARACTER SET utf8 COLLATE utf8_general_ci NULL DEFAULT '' COMMENT '更新者',
  `update_time` datetime NULL DEFAULT NULL COMMENT '更新时间',
  `remark` varchar(500) CHARACTER SET utf8 COLLATE utf8_general_ci NULL DEFAULT NULL COMMENT '备注',
  PRIMARY KEY (`table_id`) USING BTREE
) ENGINE = InnoDB AUTO_INCREMENT = 13 CHARACTER SET = utf8 COLLATE = utf8_general_ci COMMENT = '代码生成业务表' ROW_FORMAT = Dynamic;

-- ----------------------------
-- Records of gen_table
-- ----------------------------
INSERT INTO `gen_table` VALUES (9, 'from_db', '填表管理', NULL, NULL, 'FromDb', 'crud', 'com.ruoyi.tianbiao', 'tianbiao', 'tianbiao', '填表管理', '邓周明', '0', '/', '{}', 'admin', '2022-11-24 02:24:16', '', '2022-11-24 02:29:41', NULL);
INSERT INTO `gen_table` VALUES (10, 'teacher', '教师管理', NULL, NULL, 'Teacher', 'crud', 'com.ruoyi.people', 'people', 'teacher', 'Teacher', '邓周明', '0', '/', '{}', 'admin', '2022-12-03 10:24:34', '', '2022-12-03 10:53:40', NULL);
INSERT INTO `gen_table` VALUES (11, 'student', '学生管理', NULL, NULL, 'Student', 'crud', 'com.ruoyi.people', 'people', 'student', 'student', '邓周明', '0', '/', '{}', 'admin', '2022-12-03 16:32:15', '', '2022-12-03 17:35:20', NULL);
INSERT INTO `gen_table` VALUES (12, 'parent', '家长管理', NULL, NULL, 'Parent', 'crud', 'com.ruoyi.people', 'people', 'parent', 'Parent', '邓周明', '0', '/', '{}', 'admin', '2022-12-04 11:35:54', '', '2022-12-04 11:40:08', NULL);

-- ----------------------------
-- Table structure for gen_table_column
-- ----------------------------
DROP TABLE IF EXISTS `gen_table_column`;
CREATE TABLE `gen_table_column`  (
  `column_id` bigint NOT NULL AUTO_INCREMENT COMMENT '编号',
  `table_id` varchar(64) CHARACTER SET utf8 COLLATE utf8_general_ci NULL DEFAULT NULL COMMENT '归属表编号',
  `column_name` varchar(200) CHARACTER SET utf8 COLLATE utf8_general_ci NULL DEFAULT NULL COMMENT '列名称',
  `column_comment` varchar(500) CHARACTER SET utf8 COLLATE utf8_general_ci NULL DEFAULT NULL COMMENT '列描述',
  `column_type` varchar(100) CHARACTER SET utf8 COLLATE utf8_general_ci NULL DEFAULT NULL COMMENT '列类型',
  `java_type` varchar(500) CHARACTER SET utf8 COLLATE utf8_general_ci NULL DEFAULT NULL COMMENT 'JAVA类型',
  `java_field` varchar(200) CHARACTER SET utf8 COLLATE utf8_general_ci NULL DEFAULT NULL COMMENT 'JAVA字段名',
  `is_pk` char(1) CHARACTER SET utf8 COLLATE utf8_general_ci NULL DEFAULT NULL COMMENT '是否主键（1是）',
  `is_increment` char(1) CHARACTER SET utf8 COLLATE utf8_general_ci NULL DEFAULT NULL COMMENT '是否自增（1是）',
  `is_required` char(1) CHARACTER SET utf8 COLLATE utf8_general_ci NULL DEFAULT NULL COMMENT '是否必填（1是）',
  `is_insert` char(1) CHARACTER SET utf8 COLLATE utf8_general_ci NULL DEFAULT NULL COMMENT '是否为插入字段（1是）',
  `is_edit` char(1) CHARACTER SET utf8 COLLATE utf8_general_ci NULL DEFAULT NULL COMMENT '是否编辑字段（1是）',
  `is_list` char(1) CHARACTER SET utf8 COLLATE utf8_general_ci NULL DEFAULT NULL COMMENT '是否列表字段（1是）',
  `is_query` char(1) CHARACTER SET utf8 COLLATE utf8_general_ci NULL DEFAULT NULL COMMENT '是否查询字段（1是）',
  `query_type` varchar(200) CHARACTER SET utf8 COLLATE utf8_general_ci NULL DEFAULT 'EQ' COMMENT '查询方式（等于、不等于、大于、小于、范围）',
  `html_type` varchar(200) CHARACTER SET utf8 COLLATE utf8_general_ci NULL DEFAULT NULL COMMENT '显示类型（文本框、文本域、下拉框、复选框、单选框、日期控件）',
  `dict_type` varchar(200) CHARACTER SET utf8 COLLATE utf8_general_ci NULL DEFAULT '' COMMENT '字典类型',
  `sort` int NULL DEFAULT NULL COMMENT '排序',
  `create_by` varchar(64) CHARACTER SET utf8 COLLATE utf8_general_ci NULL DEFAULT '' COMMENT '创建者',
  `create_time` datetime NULL DEFAULT NULL COMMENT '创建时间',
  `update_by` varchar(64) CHARACTER SET utf8 COLLATE utf8_general_ci NULL DEFAULT '' COMMENT '更新者',
  `update_time` datetime NULL DEFAULT NULL COMMENT '更新时间',
  PRIMARY KEY (`column_id`) USING BTREE
) ENGINE = InnoDB AUTO_INCREMENT = 149 CHARACTER SET = utf8 COLLATE = utf8_general_ci COMMENT = '代码生成业务表字段' ROW_FORMAT = Dynamic;

-- ----------------------------
-- Records of gen_table_column
-- ----------------------------
INSERT INTO `gen_table_column` VALUES (94, '9', 'id', 'ID', 'int(12)', 'Long', 'id', '1', '1', NULL, '1', NULL, NULL, NULL, 'EQ', 'input', '', 1, 'admin', '2022-11-24 02:24:16', '', '2022-11-24 02:29:41');
INSERT INTO `gen_table_column` VALUES (95, '9', 'fromID', '表单ID', 'varchar(100)', 'String', 'fromid', '0', '0', NULL, '1', '1', '1', '1', 'EQ', 'input', '', 2, 'admin', '2022-11-24 02:24:16', '', '2022-11-24 02:29:42');
INSERT INTO `gen_table_column` VALUES (96, '9', 'title', '内容', 'varchar(1000)', 'String', 'title', '0', '0', NULL, '1', '1', '1', '1', 'LIKE', 'textarea', '', 3, 'admin', '2022-11-24 02:24:16', '', '2022-11-24 02:29:42');
INSERT INTO `gen_table_column` VALUES (97, '9', 'fileurl', '文件地址', 'varchar(1000)', 'String', 'fileurl', '0', '0', NULL, '1', '1', '1', '0', 'EQ', 'input', '', 4, 'admin', '2022-11-24 02:24:16', '', '2022-11-24 02:29:42');
INSERT INTO `gen_table_column` VALUES (98, '9', 'picurl', '图片地址', 'varchar(1000)', 'String', 'picurl', '0', '0', NULL, '1', '1', '1', '0', 'EQ', 'input', '', 5, 'admin', '2022-11-24 02:24:16', '', '2022-11-24 02:29:42');
INSERT INTO `gen_table_column` VALUES (99, '9', 'homeid', '家长ID', 'int(12)', 'Long', 'homeid', '0', '0', NULL, '1', '1', '1', '1', 'EQ', 'input', '', 6, 'admin', '2022-11-24 02:24:16', '', '2022-11-24 02:29:42');
INSERT INTO `gen_table_column` VALUES (100, '9', 'stuid', '学生ID', 'int(12)', 'Long', 'stuid', '0', '0', NULL, '1', '1', '1', '1', 'EQ', 'input', '', 7, 'admin', '2022-11-24 02:24:16', '', '2022-11-24 02:29:42');
INSERT INTO `gen_table_column` VALUES (101, '9', 'homename', '家长姓名', 'varchar(100)', 'String', 'homename', '0', '0', NULL, '1', '1', '1', '0', 'LIKE', 'input', '', 8, 'admin', '2022-11-24 02:24:16', '', '2022-11-24 02:29:42');
INSERT INTO `gen_table_column` VALUES (102, '9', 'stuname', '学生姓名', 'varchar(100)', 'String', 'stuname', '0', '0', NULL, '1', '1', '1', '0', 'LIKE', 'input', '', 9, 'admin', '2022-11-24 02:24:16', '', '2022-11-24 02:29:42');
INSERT INTO `gen_table_column` VALUES (103, '9', 'state', '当前状态', 'char(1)', 'String', 'state', '0', '0', NULL, '1', '1', '1', '1', 'EQ', 'select', 'sys_job_status', 10, 'admin', '2022-11-24 02:24:16', '', '2022-11-24 02:29:42');
INSERT INTO `gen_table_column` VALUES (104, '9', 'from_type', '类型', 'char(1)', 'String', 'fromType', '0', '0', NULL, '1', '1', '1', '1', 'EQ', 'select', 'fromtype', 11, 'admin', '2022-11-24 02:24:16', '', '2022-11-24 02:29:42');
INSERT INTO `gen_table_column` VALUES (105, '9', 'createtime', '创建时间', 'datetime', 'Date', 'createtime', '0', '0', NULL, '1', '1', '1', '1', 'EQ', 'datetime', '', 12, 'admin', '2022-11-24 02:24:16', '', '2022-11-24 02:29:42');
INSERT INTO `gen_table_column` VALUES (106, '10', 't_id', '教师ID', 'int', 'Long', 'tId', '1', '0', NULL, '0', NULL, NULL, NULL, 'EQ', 'input', '', 1, 'admin', '2022-12-03 10:24:34', '', '2022-12-03 10:53:40');
INSERT INTO `gen_table_column` VALUES (107, '10', 't_name', '姓名', 'varchar(20)', 'String', 'tName', '0', '0', '1', '1', '1', '1', '1', 'LIKE', 'input', '', 2, 'admin', '2022-12-03 10:24:34', '', '2022-12-03 10:53:40');
INSERT INTO `gen_table_column` VALUES (108, '10', 't_gonghao', '工号', 'varchar(30)', 'String', 'tGonghao', '0', '0', NULL, '1', '1', '1', '1', 'LIKE', 'input', '', 3, 'admin', '2022-12-03 10:24:34', '', '2022-12-03 10:53:40');
INSERT INTO `gen_table_column` VALUES (109, '10', 't_sex', '性别', 'char(2)', 'String', 'tSex', '0', '0', '1', '1', '1', '1', '0', 'EQ', 'radio', 'sys_user_sex', 4, 'admin', '2022-12-03 10:24:34', '', '2022-12-03 10:53:40');
INSERT INTO `gen_table_column` VALUES (110, '10', 't_sfz', '身份证', 'varchar(20)', 'String', 'tSfz', '0', '0', NULL, '1', '1', '1', '0', 'EQ', 'input', '', 5, 'admin', '2022-12-03 10:24:34', '', '2022-12-03 10:53:40');
INSERT INTO `gen_table_column` VALUES (111, '10', 't_age', '年龄', 'varchar(10)', 'String', 'tAge', '0', '0', NULL, '1', '1', '1', '0', 'EQ', 'input', '', 6, 'admin', '2022-12-03 10:24:34', '', '2022-12-03 10:53:40');
INSERT INTO `gen_table_column` VALUES (112, '10', 't_politic', '政治面貌', 'varchar(20)', 'String', 'tPolitic', '0', '0', NULL, '1', '1', '1', '0', 'EQ', 'select', 'society', 7, 'admin', '2022-12-03 10:24:34', '', '2022-12-03 10:53:40');
INSERT INTO `gen_table_column` VALUES (113, '10', 't_nation', '民族', 'varchar(20)', 'String', 'tNation', '0', '0', NULL, '1', '1', '1', '0', 'EQ', 'input', '', 8, 'admin', '2022-12-03 10:24:34', '', '2022-12-03 10:53:40');
INSERT INTO `gen_table_column` VALUES (114, '10', 't_phone', '手机号', 'varchar(20)', 'String', 'tPhone', '0', '0', '1', '1', '1', '1', '1', 'LIKE', 'input', '', 10, 'admin', '2022-12-03 10:24:34', '', '2022-12-03 10:53:40');
INSERT INTO `gen_table_column` VALUES (115, '10', 'college_type', '任课学院', 'varchar(20)', 'String', 'collegeType', '0', '0', NULL, '1', '1', '1', '1', 'LIKE', 'checkbox', 'college', 13, 'admin', '2022-12-03 10:24:34', '', '2022-12-03 10:53:40');
INSERT INTO `gen_table_column` VALUES (116, '10', 'grade_type', '任课年级', 'varchar(20)', 'String', 'gradeType', '0', '0', NULL, '1', '1', '1', '1', 'LIKE', 'checkbox', 'stu_nianji', 15, 'admin', '2022-12-03 10:24:34', '', '2022-12-03 10:53:40');
INSERT INTO `gen_table_column` VALUES (117, '10', 'class_type', '任课班级', 'varchar(20)', 'String', 'classType', '0', '0', NULL, '1', '1', '1', '1', 'LIKE', 'checkbox', 'stu_class', 16, 'admin', '2022-12-03 10:24:34', '', '2022-12-03 10:53:40');
INSERT INTO `gen_table_column` VALUES (118, '10', 't_email', '邮箱', 'varchar(30)', 'String', 'tEmail', '0', '0', '1', '1', '1', '1', '1', 'LIKE', 'input', '', 9, '', '2022-12-03 10:30:40', '', '2022-12-03 10:53:40');
INSERT INTO `gen_table_column` VALUES (119, '10', 't_address', '家庭住址', 'varchar(100)', 'String', 'tAddress', '0', '0', NULL, '1', '1', '1', '1', 'LIKE', 'input', '', 11, '', '2022-12-03 10:30:40', '', '2022-12-03 10:53:40');
INSERT INTO `gen_table_column` VALUES (120, '10', 'yimiao', '疫苗接种', 'varchar(20)', 'String', 'yimiao', '0', '0', NULL, '1', '1', '1', '1', 'LIKE', 'select', 'yimiao', 12, '', '2022-12-03 10:30:40', '', '2022-12-03 10:53:40');
INSERT INTO `gen_table_column` VALUES (121, '10', 't_dep', '任课系', 'varchar(25)', 'String', 'tDep', '0', '0', NULL, '1', '1', '1', '1', 'LIKE', 'checkbox', 'dep', 14, '', '2022-12-03 10:42:23', '', '2022-12-03 10:53:40');
INSERT INTO `gen_table_column` VALUES (122, '11', 's_id', 'ID', 'int', 'Long', 'sId', '1', '0', NULL, '0', NULL, NULL, NULL, 'EQ', 'input', '', 1, 'admin', '2022-12-03 16:32:15', '', '2022-12-03 17:35:20');
INSERT INTO `gen_table_column` VALUES (123, '11', 's_xh', '学号', 'varchar(20)', 'String', 'sXh', '0', '0', '1', '1', '1', '1', '1', 'LIKE', 'input', '', 2, 'admin', '2022-12-03 16:32:15', '', '2022-12-03 17:35:20');
INSERT INTO `gen_table_column` VALUES (124, '11', 's_sfz', '身份证号', 'varchar(20)', 'String', 'sSfz', '0', '0', NULL, '1', '1', '1', '0', 'EQ', 'input', '', 3, 'admin', '2022-12-03 16:32:15', '', '2022-12-03 17:35:20');
INSERT INTO `gen_table_column` VALUES (125, '11', 's_sex', '性别', 'char(2)', 'String', 'sSex', '0', '0', '1', '1', '1', '1', '1', 'EQ', 'radio', 'sys_user_sex', 4, 'admin', '2022-12-03 16:32:15', '', '2022-12-03 17:35:20');
INSERT INTO `gen_table_column` VALUES (126, '11', 's_age', '年龄', 'varchar(5)', 'String', 'sAge', '0', '0', NULL, '1', '1', '1', '0', 'EQ', 'input', '', 5, 'admin', '2022-12-03 16:32:15', '', '2022-12-03 17:35:20');
INSERT INTO `gen_table_column` VALUES (127, '11', 's_nation', '民族', 'varchar(20)', 'String', 'sNation', '0', '0', '1', '1', '1', '1', '0', 'EQ', 'input', '', 6, 'admin', '2022-12-03 16:32:15', '', '2022-12-03 17:35:20');
INSERT INTO `gen_table_column` VALUES (128, '11', 's_politic', '政治面貌', 'varchar(20)', 'String', 'sPolitic', '0', '0', NULL, '1', '1', '1', '1', 'EQ', 'radio', 'society', 7, 'admin', '2022-12-03 16:32:15', '', '2022-12-03 17:35:20');
INSERT INTO `gen_table_column` VALUES (129, '11', 's_email', '邮箱', 'varchar(30)', 'String', 'sEmail', '0', '0', '1', '1', '1', '1', '0', 'EQ', 'input', '', 8, 'admin', '2022-12-03 16:32:15', '', '2022-12-03 17:35:20');
INSERT INTO `gen_table_column` VALUES (130, '11', 's_phone', '电话', 'varchar(20)', 'String', 'sPhone', '0', '0', '1', '1', '1', '1', '0', 'EQ', 'input', '', 9, 'admin', '2022-12-03 16:32:15', '', '2022-12-03 17:35:20');
INSERT INTO `gen_table_column` VALUES (131, '11', 's_address', '家庭住址', 'varchar(100)', 'String', 'sAddress', '0', '0', NULL, '1', '1', '1', '1', 'LIKE', 'input', '', 10, 'admin', '2022-12-03 16:32:15', '', '2022-12-03 17:35:20');
INSERT INTO `gen_table_column` VALUES (132, '11', 's_school', '学校名称', 'varchar(20)', 'String', 'sSchool', '0', '0', NULL, '1', '1', '1', '1', 'LIKE', 'input', '', 11, 'admin', '2022-12-03 16:32:15', '', '2022-12-03 17:35:20');
INSERT INTO `gen_table_column` VALUES (133, '11', 's_college', '学院名称', 'varchar(20)', 'String', 'sCollege', '0', '0', NULL, '1', '1', '1', '1', 'LIKE', 'select', 'college', 12, 'admin', '2022-12-03 16:32:15', '', '2022-12-03 17:35:20');
INSERT INTO `gen_table_column` VALUES (134, '11', 's_dept', '所在系名称', 'varchar(20)', 'String', 'sDept', '0', '0', NULL, '1', '1', '1', '1', 'LIKE', 'select', 'dep', 13, 'admin', '2022-12-03 16:32:15', '', '2022-12-03 17:35:20');
INSERT INTO `gen_table_column` VALUES (135, '11', 's_grade', '年级', 'varchar(20)', 'String', 'sGrade', '0', '0', NULL, '1', '1', '1', '1', 'LIKE', 'select', 'stu_nianji', 14, 'admin', '2022-12-03 16:32:15', '', '2022-12-03 17:35:20');
INSERT INTO `gen_table_column` VALUES (136, '11', 's_class', '班级', 'varchar(20)', 'String', 'sClass', '0', '0', NULL, '1', '1', '1', '1', 'LIKE', 'select', 'stu_class', 15, 'admin', '2022-12-03 16:32:15', '', '2022-12-03 17:35:20');
INSERT INTO `gen_table_column` VALUES (137, '11', 's_master', '班主任姓名', 'varchar(25)', 'String', 'sMaster', '0', '0', NULL, '1', '1', '1', '1', 'LIKE', 'input', '', 16, 'admin', '2022-12-03 16:32:15', '', '2022-12-03 17:35:20');
INSERT INTO `gen_table_column` VALUES (138, '11', 's_parent', '监护人姓名', 'varchar(25)', 'String', 'sParent', '0', '0', NULL, '1', '1', '1', '1', 'LIKE', 'input', '', 17, 'admin', '2022-12-03 16:32:15', '', '2022-12-03 17:35:20');
INSERT INTO `gen_table_column` VALUES (139, '12', 'p_id', '家长编号', 'int', 'Long', 'pId', '1', '0', NULL, '0', NULL, NULL, NULL, 'EQ', 'input', '', 1, 'admin', '2022-12-04 11:35:54', '', '2022-12-04 11:40:08');
INSERT INTO `gen_table_column` VALUES (140, '12', 'p_name', '姓名', 'varchar(30)', 'String', 'pName', '0', '0', '1', '1', '1', '1', '1', 'LIKE', 'input', '', 2, 'admin', '2022-12-04 11:35:54', '', '2022-12-04 11:40:08');
INSERT INTO `gen_table_column` VALUES (141, '12', 'p_sex', '性别', 'char(2)', 'String', 'pSex', '0', '0', '1', '1', '1', '1', '1', 'EQ', 'radio', 'sys_user_sex', 3, 'admin', '2022-12-04 11:35:54', '', '2022-12-04 11:40:08');
INSERT INTO `gen_table_column` VALUES (142, '12', 'p_sfz', '身份证', 'varchar(25)', 'String', 'pSfz', '0', '0', NULL, '1', '1', '1', '0', 'EQ', 'input', '', 4, 'admin', '2022-12-04 11:35:54', '', '2022-12-04 11:40:08');
INSERT INTO `gen_table_column` VALUES (143, '12', 'p_age', '年龄', 'varchar(5)', 'String', 'pAge', '0', '0', NULL, '1', '1', '1', '0', 'EQ', 'input', '', 5, 'admin', '2022-12-04 11:35:54', '', '2022-12-04 11:40:08');
INSERT INTO `gen_table_column` VALUES (144, '12', 'p_zzmm', '政治面貌', 'varchar(25)', 'String', 'pZzmm', '0', '0', NULL, '1', '1', '1', '0', 'EQ', 'select', 'society', 6, 'admin', '2022-12-04 11:35:54', '', '2022-12-04 11:40:08');
INSERT INTO `gen_table_column` VALUES (145, '12', 'p_address', '住址', 'varchar(25)', 'String', 'pAddress', '0', '0', NULL, '1', '1', '1', '1', 'EQ', 'input', '', 7, 'admin', '2022-12-04 11:35:54', '', '2022-12-04 11:40:08');
INSERT INTO `gen_table_column` VALUES (146, '12', 'p_phone', '手机号', 'varchar(25)', 'String', 'pPhone', '0', '0', '1', '1', '1', '1', '1', 'EQ', 'input', '', 8, 'admin', '2022-12-04 11:35:54', '', '2022-12-04 11:40:08');
INSERT INTO `gen_table_column` VALUES (147, '12', 'p_create_time', '创建时间', 'timestamp', 'Date', 'pCreateTime', '0', '0', NULL, '1', '1', '1', '0', 'EQ', 'datetime', '', 9, 'admin', '2022-12-04 11:35:54', '', '2022-12-04 11:40:08');
INSERT INTO `gen_table_column` VALUES (148, '12', 'P_child_id', '孩子id', 'int', 'Long', 'pChildId', '0', '0', NULL, '1', '1', '1', '0', 'EQ', 'input', '', 10, 'admin', '2022-12-04 11:35:54', '', '2022-12-04 11:40:08');

-- ----------------------------
-- Table structure for home_db
-- ----------------------------
DROP TABLE IF EXISTS `home_db`;
CREATE TABLE `home_db`  (
  `id` int NOT NULL AUTO_INCREMENT,
  `home_ID` varchar(100) CHARACTER SET utf8 COLLATE utf8_general_ci NULL DEFAULT NULL,
  `username` varchar(100) CHARACTER SET utf8 COLLATE utf8_general_ci NULL DEFAULT NULL,
  `shihui` char(100) CHARACTER SET utf8 COLLATE utf8_general_ci NULL DEFAULT NULL,
  `address` varchar(100) CHARACTER SET utf8 COLLATE utf8_general_ci NULL DEFAULT NULL,
  `sex` char(100) CHARACTER SET utf8 COLLATE utf8_general_ci NULL DEFAULT NULL,
  `sfz` varchar(100) CHARACTER SET utf8 COLLATE utf8_general_ci NULL DEFAULT NULL,
  `phone` varchar(100) CHARACTER SET utf8 COLLATE utf8_general_ci NULL DEFAULT NULL,
  `stu_ID` varchar(100) CHARACTER SET utf8 COLLATE utf8_general_ci NULL DEFAULT NULL,
  `age` varchar(100) CHARACTER SET utf8 COLLATE utf8_general_ci NULL DEFAULT NULL,
  PRIMARY KEY (`id`) USING BTREE
) ENGINE = InnoDB AUTO_INCREMENT = 4 CHARACTER SET = utf8 COLLATE = utf8_general_ci ROW_FORMAT = Dynamic;

-- ----------------------------
-- Records of home_db
-- ----------------------------
INSERT INTO `home_db` VALUES (1, '100001', '王太岳', '1', '北京', '1', '3723383243900232', '18329323343', '1', '45');
INSERT INTO `home_db` VALUES (3, '41651571471', '张三的家长', '4', '上海', '0', '111111', '18891636438', '', '15');

-- ----------------------------
-- Table structure for parent
-- ----------------------------
DROP TABLE IF EXISTS `parent`;
CREATE TABLE `parent`  (
  `p_id` int NOT NULL AUTO_INCREMENT COMMENT '家长编号',
  `p_name` varchar(30) CHARACTER SET utf8mb4 COLLATE utf8mb4_0900_ai_ci NOT NULL COMMENT '姓名',
  `p_sex` char(2) CHARACTER SET utf8mb4 COLLATE utf8mb4_0900_ai_ci NOT NULL COMMENT '性别',
  `p_sfz` varchar(25) CHARACTER SET utf8mb4 COLLATE utf8mb4_0900_ai_ci NULL DEFAULT NULL COMMENT '身份证',
  `p_age` varchar(5) CHARACTER SET utf8mb4 COLLATE utf8mb4_0900_ai_ci NULL DEFAULT NULL COMMENT '年龄',
  `p_zzmm` varchar(25) CHARACTER SET utf8mb4 COLLATE utf8mb4_0900_ai_ci NULL DEFAULT NULL COMMENT '政治面貌',
  `p_address` varchar(25) CHARACTER SET utf8mb4 COLLATE utf8mb4_0900_ai_ci NULL DEFAULT NULL COMMENT '住址',
  `p_phone` varchar(25) CHARACTER SET utf8mb4 COLLATE utf8mb4_0900_ai_ci NOT NULL COMMENT '手机号',
  `p_create_time` timestamp NULL DEFAULT CURRENT_TIMESTAMP COMMENT '创建时间',
  `P_child_id` int NULL DEFAULT NULL COMMENT '孩子id',
  PRIMARY KEY (`p_id`) USING BTREE
) ENGINE = InnoDB AUTO_INCREMENT = 2 CHARACTER SET = utf8mb4 COLLATE = utf8mb4_0900_ai_ci ROW_FORMAT = Dynamic;

-- ----------------------------
-- Records of parent
-- ----------------------------
INSERT INTO `parent` VALUES (1, '邓周明的家长', '0', '511754544545454544', '55', '4', '四川省达州市达川区', '19967561452', '2022-12-04 00:00:00', 1);

-- ----------------------------
-- Table structure for qrtz_blob_triggers
-- ----------------------------
DROP TABLE IF EXISTS `qrtz_blob_triggers`;
CREATE TABLE `qrtz_blob_triggers`  (
  `sched_name` varchar(120) CHARACTER SET utf8 COLLATE utf8_general_ci NOT NULL COMMENT '调度名称',
  `trigger_name` varchar(200) CHARACTER SET utf8 COLLATE utf8_general_ci NOT NULL COMMENT 'qrtz_triggers表trigger_name的外键',
  `trigger_group` varchar(200) CHARACTER SET utf8 COLLATE utf8_general_ci NOT NULL COMMENT 'qrtz_triggers表trigger_group的外键',
  `blob_data` blob NULL COMMENT '存放持久化Trigger对象',
  PRIMARY KEY (`sched_name`, `trigger_name`, `trigger_group`) USING BTREE,
  CONSTRAINT `qrtz_blob_triggers_ibfk_1` FOREIGN KEY (`sched_name`, `trigger_name`, `trigger_group`) REFERENCES `qrtz_triggers` (`sched_name`, `trigger_name`, `trigger_group`) ON DELETE RESTRICT ON UPDATE RESTRICT
) ENGINE = InnoDB CHARACTER SET = utf8 COLLATE = utf8_general_ci COMMENT = 'Blob类型的触发器表' ROW_FORMAT = Dynamic;

-- ----------------------------
-- Records of qrtz_blob_triggers
-- ----------------------------

-- ----------------------------
-- Table structure for qrtz_calendars
-- ----------------------------
DROP TABLE IF EXISTS `qrtz_calendars`;
CREATE TABLE `qrtz_calendars`  (
  `sched_name` varchar(120) CHARACTER SET utf8 COLLATE utf8_general_ci NOT NULL COMMENT '调度名称',
  `calendar_name` varchar(200) CHARACTER SET utf8 COLLATE utf8_general_ci NOT NULL COMMENT '日历名称',
  `calendar` blob NOT NULL COMMENT '存放持久化calendar对象',
  PRIMARY KEY (`sched_name`, `calendar_name`) USING BTREE
) ENGINE = InnoDB CHARACTER SET = utf8 COLLATE = utf8_general_ci COMMENT = '日历信息表' ROW_FORMAT = Dynamic;

-- ----------------------------
-- Records of qrtz_calendars
-- ----------------------------

-- ----------------------------
-- Table structure for qrtz_cron_triggers
-- ----------------------------
DROP TABLE IF EXISTS `qrtz_cron_triggers`;
CREATE TABLE `qrtz_cron_triggers`  (
  `sched_name` varchar(120) CHARACTER SET utf8 COLLATE utf8_general_ci NOT NULL COMMENT '调度名称',
  `trigger_name` varchar(200) CHARACTER SET utf8 COLLATE utf8_general_ci NOT NULL COMMENT 'qrtz_triggers表trigger_name的外键',
  `trigger_group` varchar(200) CHARACTER SET utf8 COLLATE utf8_general_ci NOT NULL COMMENT 'qrtz_triggers表trigger_group的外键',
  `cron_expression` varchar(200) CHARACTER SET utf8 COLLATE utf8_general_ci NOT NULL COMMENT 'cron表达式',
  `time_zone_id` varchar(80) CHARACTER SET utf8 COLLATE utf8_general_ci NULL DEFAULT NULL COMMENT '时区',
  PRIMARY KEY (`sched_name`, `trigger_name`, `trigger_group`) USING BTREE,
  CONSTRAINT `qrtz_cron_triggers_ibfk_1` FOREIGN KEY (`sched_name`, `trigger_name`, `trigger_group`) REFERENCES `qrtz_triggers` (`sched_name`, `trigger_name`, `trigger_group`) ON DELETE RESTRICT ON UPDATE RESTRICT
) ENGINE = InnoDB CHARACTER SET = utf8 COLLATE = utf8_general_ci COMMENT = 'Cron类型的触发器表' ROW_FORMAT = Dynamic;

-- ----------------------------
-- Records of qrtz_cron_triggers
-- ----------------------------

-- ----------------------------
-- Table structure for qrtz_fired_triggers
-- ----------------------------
DROP TABLE IF EXISTS `qrtz_fired_triggers`;
CREATE TABLE `qrtz_fired_triggers`  (
  `sched_name` varchar(120) CHARACTER SET utf8 COLLATE utf8_general_ci NOT NULL COMMENT '调度名称',
  `entry_id` varchar(95) CHARACTER SET utf8 COLLATE utf8_general_ci NOT NULL COMMENT '调度器实例id',
  `trigger_name` varchar(200) CHARACTER SET utf8 COLLATE utf8_general_ci NOT NULL COMMENT 'qrtz_triggers表trigger_name的外键',
  `trigger_group` varchar(200) CHARACTER SET utf8 COLLATE utf8_general_ci NOT NULL COMMENT 'qrtz_triggers表trigger_group的外键',
  `instance_name` varchar(200) CHARACTER SET utf8 COLLATE utf8_general_ci NOT NULL COMMENT '调度器实例名',
  `fired_time` bigint NOT NULL COMMENT '触发的时间',
  `sched_time` bigint NOT NULL COMMENT '定时器制定的时间',
  `priority` int NOT NULL COMMENT '优先级',
  `state` varchar(16) CHARACTER SET utf8 COLLATE utf8_general_ci NOT NULL COMMENT '状态',
  `job_name` varchar(200) CHARACTER SET utf8 COLLATE utf8_general_ci NULL DEFAULT NULL COMMENT '任务名称',
  `job_group` varchar(200) CHARACTER SET utf8 COLLATE utf8_general_ci NULL DEFAULT NULL COMMENT '任务组名',
  `is_nonconcurrent` varchar(1) CHARACTER SET utf8 COLLATE utf8_general_ci NULL DEFAULT NULL COMMENT '是否并发',
  `requests_recovery` varchar(1) CHARACTER SET utf8 COLLATE utf8_general_ci NULL DEFAULT NULL COMMENT '是否接受恢复执行',
  PRIMARY KEY (`sched_name`, `entry_id`) USING BTREE
) ENGINE = InnoDB CHARACTER SET = utf8 COLLATE = utf8_general_ci COMMENT = '已触发的触发器表' ROW_FORMAT = Dynamic;

-- ----------------------------
-- Records of qrtz_fired_triggers
-- ----------------------------

-- ----------------------------
-- Table structure for qrtz_job_details
-- ----------------------------
DROP TABLE IF EXISTS `qrtz_job_details`;
CREATE TABLE `qrtz_job_details`  (
  `sched_name` varchar(120) CHARACTER SET utf8 COLLATE utf8_general_ci NOT NULL COMMENT '调度名称',
  `job_name` varchar(200) CHARACTER SET utf8 COLLATE utf8_general_ci NOT NULL COMMENT '任务名称',
  `job_group` varchar(200) CHARACTER SET utf8 COLLATE utf8_general_ci NOT NULL COMMENT '任务组名',
  `description` varchar(250) CHARACTER SET utf8 COLLATE utf8_general_ci NULL DEFAULT NULL COMMENT '相关介绍',
  `job_class_name` varchar(250) CHARACTER SET utf8 COLLATE utf8_general_ci NOT NULL COMMENT '执行任务类名称',
  `is_durable` varchar(1) CHARACTER SET utf8 COLLATE utf8_general_ci NOT NULL COMMENT '是否持久化',
  `is_nonconcurrent` varchar(1) CHARACTER SET utf8 COLLATE utf8_general_ci NOT NULL COMMENT '是否并发',
  `is_update_data` varchar(1) CHARACTER SET utf8 COLLATE utf8_general_ci NOT NULL COMMENT '是否更新数据',
  `requests_recovery` varchar(1) CHARACTER SET utf8 COLLATE utf8_general_ci NOT NULL COMMENT '是否接受恢复执行',
  `job_data` blob NULL COMMENT '存放持久化job对象',
  PRIMARY KEY (`sched_name`, `job_name`, `job_group`) USING BTREE
) ENGINE = InnoDB CHARACTER SET = utf8 COLLATE = utf8_general_ci COMMENT = '任务详细信息表' ROW_FORMAT = Dynamic;

-- ----------------------------
-- Records of qrtz_job_details
-- ----------------------------

-- ----------------------------
-- Table structure for qrtz_locks
-- ----------------------------
DROP TABLE IF EXISTS `qrtz_locks`;
CREATE TABLE `qrtz_locks`  (
  `sched_name` varchar(120) CHARACTER SET utf8 COLLATE utf8_general_ci NOT NULL COMMENT '调度名称',
  `lock_name` varchar(40) CHARACTER SET utf8 COLLATE utf8_general_ci NOT NULL COMMENT '悲观锁名称',
  PRIMARY KEY (`sched_name`, `lock_name`) USING BTREE
) ENGINE = InnoDB CHARACTER SET = utf8 COLLATE = utf8_general_ci COMMENT = '存储的悲观锁信息表' ROW_FORMAT = Dynamic;

-- ----------------------------
-- Records of qrtz_locks
-- ----------------------------

-- ----------------------------
-- Table structure for qrtz_paused_trigger_grps
-- ----------------------------
DROP TABLE IF EXISTS `qrtz_paused_trigger_grps`;
CREATE TABLE `qrtz_paused_trigger_grps`  (
  `sched_name` varchar(120) CHARACTER SET utf8 COLLATE utf8_general_ci NOT NULL COMMENT '调度名称',
  `trigger_group` varchar(200) CHARACTER SET utf8 COLLATE utf8_general_ci NOT NULL COMMENT 'qrtz_triggers表trigger_group的外键',
  PRIMARY KEY (`sched_name`, `trigger_group`) USING BTREE
) ENGINE = InnoDB CHARACTER SET = utf8 COLLATE = utf8_general_ci COMMENT = '暂停的触发器表' ROW_FORMAT = Dynamic;

-- ----------------------------
-- Records of qrtz_paused_trigger_grps
-- ----------------------------

-- ----------------------------
-- Table structure for qrtz_scheduler_state
-- ----------------------------
DROP TABLE IF EXISTS `qrtz_scheduler_state`;
CREATE TABLE `qrtz_scheduler_state`  (
  `sched_name` varchar(120) CHARACTER SET utf8 COLLATE utf8_general_ci NOT NULL COMMENT '调度名称',
  `instance_name` varchar(200) CHARACTER SET utf8 COLLATE utf8_general_ci NOT NULL COMMENT '实例名称',
  `last_checkin_time` bigint NOT NULL COMMENT '上次检查时间',
  `checkin_interval` bigint NOT NULL COMMENT '检查间隔时间',
  PRIMARY KEY (`sched_name`, `instance_name`) USING BTREE
) ENGINE = InnoDB CHARACTER SET = utf8 COLLATE = utf8_general_ci COMMENT = '调度器状态表' ROW_FORMAT = Dynamic;

-- ----------------------------
-- Records of qrtz_scheduler_state
-- ----------------------------

-- ----------------------------
-- Table structure for qrtz_simple_triggers
-- ----------------------------
DROP TABLE IF EXISTS `qrtz_simple_triggers`;
CREATE TABLE `qrtz_simple_triggers`  (
  `sched_name` varchar(120) CHARACTER SET utf8 COLLATE utf8_general_ci NOT NULL COMMENT '调度名称',
  `trigger_name` varchar(200) CHARACTER SET utf8 COLLATE utf8_general_ci NOT NULL COMMENT 'qrtz_triggers表trigger_name的外键',
  `trigger_group` varchar(200) CHARACTER SET utf8 COLLATE utf8_general_ci NOT NULL COMMENT 'qrtz_triggers表trigger_group的外键',
  `repeat_count` bigint NOT NULL COMMENT '重复的次数统计',
  `repeat_interval` bigint NOT NULL COMMENT '重复的间隔时间',
  `times_triggered` bigint NOT NULL COMMENT '已经触发的次数',
  PRIMARY KEY (`sched_name`, `trigger_name`, `trigger_group`) USING BTREE,
  CONSTRAINT `qrtz_simple_triggers_ibfk_1` FOREIGN KEY (`sched_name`, `trigger_name`, `trigger_group`) REFERENCES `qrtz_triggers` (`sched_name`, `trigger_name`, `trigger_group`) ON DELETE RESTRICT ON UPDATE RESTRICT
) ENGINE = InnoDB CHARACTER SET = utf8 COLLATE = utf8_general_ci COMMENT = '简单触发器的信息表' ROW_FORMAT = Dynamic;

-- ----------------------------
-- Records of qrtz_simple_triggers
-- ----------------------------

-- ----------------------------
-- Table structure for qrtz_simprop_triggers
-- ----------------------------
DROP TABLE IF EXISTS `qrtz_simprop_triggers`;
CREATE TABLE `qrtz_simprop_triggers`  (
  `sched_name` varchar(120) CHARACTER SET utf8 COLLATE utf8_general_ci NOT NULL COMMENT '调度名称',
  `trigger_name` varchar(200) CHARACTER SET utf8 COLLATE utf8_general_ci NOT NULL COMMENT 'qrtz_triggers表trigger_name的外键',
  `trigger_group` varchar(200) CHARACTER SET utf8 COLLATE utf8_general_ci NOT NULL COMMENT 'qrtz_triggers表trigger_group的外键',
  `str_prop_1` varchar(512) CHARACTER SET utf8 COLLATE utf8_general_ci NULL DEFAULT NULL COMMENT 'String类型的trigger的第一个参数',
  `str_prop_2` varchar(512) CHARACTER SET utf8 COLLATE utf8_general_ci NULL DEFAULT NULL COMMENT 'String类型的trigger的第二个参数',
  `str_prop_3` varchar(512) CHARACTER SET utf8 COLLATE utf8_general_ci NULL DEFAULT NULL COMMENT 'String类型的trigger的第三个参数',
  `int_prop_1` int NULL DEFAULT NULL COMMENT 'int类型的trigger的第一个参数',
  `int_prop_2` int NULL DEFAULT NULL COMMENT 'int类型的trigger的第二个参数',
  `long_prop_1` bigint NULL DEFAULT NULL COMMENT 'long类型的trigger的第一个参数',
  `long_prop_2` bigint NULL DEFAULT NULL COMMENT 'long类型的trigger的第二个参数',
  `dec_prop_1` decimal(13, 4) NULL DEFAULT NULL COMMENT 'decimal类型的trigger的第一个参数',
  `dec_prop_2` decimal(13, 4) NULL DEFAULT NULL COMMENT 'decimal类型的trigger的第二个参数',
  `bool_prop_1` varchar(1) CHARACTER SET utf8 COLLATE utf8_general_ci NULL DEFAULT NULL COMMENT 'Boolean类型的trigger的第一个参数',
  `bool_prop_2` varchar(1) CHARACTER SET utf8 COLLATE utf8_general_ci NULL DEFAULT NULL COMMENT 'Boolean类型的trigger的第二个参数',
  PRIMARY KEY (`sched_name`, `trigger_name`, `trigger_group`) USING BTREE,
  CONSTRAINT `qrtz_simprop_triggers_ibfk_1` FOREIGN KEY (`sched_name`, `trigger_name`, `trigger_group`) REFERENCES `qrtz_triggers` (`sched_name`, `trigger_name`, `trigger_group`) ON DELETE RESTRICT ON UPDATE RESTRICT
) ENGINE = InnoDB CHARACTER SET = utf8 COLLATE = utf8_general_ci COMMENT = '同步机制的行锁表' ROW_FORMAT = Dynamic;

-- ----------------------------
-- Records of qrtz_simprop_triggers
-- ----------------------------

-- ----------------------------
-- Table structure for qrtz_triggers
-- ----------------------------
DROP TABLE IF EXISTS `qrtz_triggers`;
CREATE TABLE `qrtz_triggers`  (
  `sched_name` varchar(120) CHARACTER SET utf8 COLLATE utf8_general_ci NOT NULL COMMENT '调度名称',
  `trigger_name` varchar(200) CHARACTER SET utf8 COLLATE utf8_general_ci NOT NULL COMMENT '触发器的名字',
  `trigger_group` varchar(200) CHARACTER SET utf8 COLLATE utf8_general_ci NOT NULL COMMENT '触发器所属组的名字',
  `job_name` varchar(200) CHARACTER SET utf8 COLLATE utf8_general_ci NOT NULL COMMENT 'qrtz_job_details表job_name的外键',
  `job_group` varchar(200) CHARACTER SET utf8 COLLATE utf8_general_ci NOT NULL COMMENT 'qrtz_job_details表job_group的外键',
  `description` varchar(250) CHARACTER SET utf8 COLLATE utf8_general_ci NULL DEFAULT NULL COMMENT '相关介绍',
  `next_fire_time` bigint NULL DEFAULT NULL COMMENT '上一次触发时间（毫秒）',
  `prev_fire_time` bigint NULL DEFAULT NULL COMMENT '下一次触发时间（默认为-1表示不触发）',
  `priority` int NULL DEFAULT NULL COMMENT '优先级',
  `trigger_state` varchar(16) CHARACTER SET utf8 COLLATE utf8_general_ci NOT NULL COMMENT '触发器状态',
  `trigger_type` varchar(8) CHARACTER SET utf8 COLLATE utf8_general_ci NOT NULL COMMENT '触发器的类型',
  `start_time` bigint NOT NULL COMMENT '开始时间',
  `end_time` bigint NULL DEFAULT NULL COMMENT '结束时间',
  `calendar_name` varchar(200) CHARACTER SET utf8 COLLATE utf8_general_ci NULL DEFAULT NULL COMMENT '日程表名称',
  `misfire_instr` smallint NULL DEFAULT NULL COMMENT '补偿执行的策略',
  `job_data` blob NULL COMMENT '存放持久化job对象',
  PRIMARY KEY (`sched_name`, `trigger_name`, `trigger_group`) USING BTREE,
  INDEX `sched_name`(`sched_name`, `job_name`, `job_group`) USING BTREE,
  CONSTRAINT `qrtz_triggers_ibfk_1` FOREIGN KEY (`sched_name`, `job_name`, `job_group`) REFERENCES `qrtz_job_details` (`sched_name`, `job_name`, `job_group`) ON DELETE RESTRICT ON UPDATE RESTRICT
) ENGINE = InnoDB CHARACTER SET = utf8 COLLATE = utf8_general_ci COMMENT = '触发器详细信息表' ROW_FORMAT = Dynamic;

-- ----------------------------
-- Records of qrtz_triggers
-- ----------------------------

-- ----------------------------
-- Table structure for student
-- ----------------------------
DROP TABLE IF EXISTS `student`;
CREATE TABLE `student`  (
  `s_id` int NOT NULL COMMENT 'ID',
  `s_name` varchar(20) CHARACTER SET utf8mb4 COLLATE utf8mb4_0900_ai_ci NULL DEFAULT NULL COMMENT '姓名',
  `s_xh` varchar(20) CHARACTER SET utf8mb4 COLLATE utf8mb4_0900_ai_ci NOT NULL COMMENT '学号',
  `s_sfz` varchar(20) CHARACTER SET utf8mb4 COLLATE utf8mb4_0900_ai_ci NULL DEFAULT NULL COMMENT '身份证号',
  `s_sex` char(2) CHARACTER SET utf8mb4 COLLATE utf8mb4_0900_ai_ci NOT NULL COMMENT '性别',
  `s_age` varchar(5) CHARACTER SET utf8mb4 COLLATE utf8mb4_0900_ai_ci NULL DEFAULT NULL COMMENT '年龄',
  `s_nation` varchar(20) CHARACTER SET utf8mb4 COLLATE utf8mb4_0900_ai_ci NULL DEFAULT NULL COMMENT '民族',
  `s_politic` varchar(20) CHARACTER SET utf8mb4 COLLATE utf8mb4_0900_ai_ci NULL DEFAULT NULL COMMENT '政治面貌',
  `s_email` varchar(30) CHARACTER SET utf8mb4 COLLATE utf8mb4_0900_ai_ci NULL DEFAULT NULL COMMENT '邮箱',
  `s_phone` varchar(20) CHARACTER SET utf8mb4 COLLATE utf8mb4_0900_ai_ci NULL DEFAULT NULL COMMENT '电话',
  `s_address` varchar(100) CHARACTER SET utf8mb4 COLLATE utf8mb4_0900_ai_ci NULL DEFAULT NULL COMMENT '家庭住址',
  `s_school` varchar(20) CHARACTER SET utf8mb4 COLLATE utf8mb4_0900_ai_ci NULL DEFAULT NULL COMMENT '学校名称',
  `s_college` varchar(20) CHARACTER SET utf8mb4 COLLATE utf8mb4_0900_ai_ci NULL DEFAULT NULL COMMENT '学院名称',
  `s_dept` varchar(20) CHARACTER SET utf8mb4 COLLATE utf8mb4_0900_ai_ci NULL DEFAULT NULL COMMENT '所在系名称',
  `s_grade` varchar(20) CHARACTER SET utf8mb4 COLLATE utf8mb4_0900_ai_ci NULL DEFAULT NULL COMMENT '年级',
  `s_class` varchar(20) CHARACTER SET utf8mb4 COLLATE utf8mb4_0900_ai_ci NULL DEFAULT NULL COMMENT '班级',
  `s_master` varchar(25) CHARACTER SET utf8mb4 COLLATE utf8mb4_0900_ai_ci NULL DEFAULT NULL COMMENT '班主任姓名',
  `s_parent` varchar(25) CHARACTER SET utf8mb4 COLLATE utf8mb4_0900_ai_ci NULL DEFAULT NULL COMMENT '监护人姓名',
  PRIMARY KEY (`s_id`) USING BTREE
) ENGINE = InnoDB CHARACTER SET = utf8mb4 COLLATE = utf8mb4_0900_ai_ci ROW_FORMAT = Dynamic;

-- ----------------------------
-- Records of student
-- ----------------------------
INSERT INTO `student` VALUES (1, '邓周明', '0914420027', '511721200102140235', '0', '21', '汉', '1', '3376542195@qq.com', '19967561455', '四川负担哈德斯拉夫第三方蝴蝶结翻', '辽东学院', '1', '1', '1', '1', '周艳', '邓周明的家长');

-- ----------------------------
-- Table structure for student_db
-- ----------------------------
DROP TABLE IF EXISTS `student_db`;
CREATE TABLE `student_db`  (
  `id` int NOT NULL AUTO_INCREMENT,
  `stu_id` varchar(20) CHARACTER SET utf8 COLLATE utf8_general_ci NULL DEFAULT NULL,
  `stu_name` varchar(20) CHARACTER SET utf8 COLLATE utf8_general_ci NULL DEFAULT NULL,
  `sfz_ID` varchar(20) CHARACTER SET utf8 COLLATE utf8_general_ci NULL DEFAULT NULL,
  `sex` char(1) CHARACTER SET utf8 COLLATE utf8_general_ci NULL DEFAULT NULL,
  `age` varchar(20) CHARACTER SET utf8 COLLATE utf8_general_ci NULL DEFAULT NULL,
  `mz` varchar(20) CHARACTER SET utf8 COLLATE utf8_general_ci NULL DEFAULT NULL,
  `zhuzi` char(1) CHARACTER SET utf8 COLLATE utf8_general_ci NULL DEFAULT NULL,
  `address` varchar(100) CHARACTER SET utf8 COLLATE utf8_general_ci NULL DEFAULT NULL,
  `phone` varchar(20) CHARACTER SET utf8 COLLATE utf8_general_ci NULL DEFAULT NULL,
  `hobby` varbinary(1000) NULL DEFAULT NULL,
  `stu_class` char(1) CHARACTER SET utf8 COLLATE utf8_general_ci NULL DEFAULT NULL,
  `stu_nianji` char(1) CHARACTER SET utf8 COLLATE utf8_general_ci NULL DEFAULT NULL,
  `stu_bzr` varchar(20) CHARACTER SET utf8 COLLATE utf8_general_ci NULL DEFAULT NULL,
  PRIMARY KEY (`id`) USING BTREE
) ENGINE = InnoDB AUTO_INCREMENT = 2 CHARACTER SET = utf8 COLLATE = utf8_general_ci ROW_FORMAT = Dynamic;

-- ----------------------------
-- Records of student_db
-- ----------------------------
INSERT INTO `student_db` VALUES (1, '4200931010', '邓周明', '2683478349839549', '0', '21', '汉', '4', '四川', '19967561455', NULL, '2', '6', '周艳');

-- ----------------------------
-- Table structure for student_grade
-- ----------------------------
DROP TABLE IF EXISTS `student_grade`;
CREATE TABLE `student_grade`  (
  `id` int NOT NULL AUTO_INCREMENT,
  `stu_id` varchar(100) CHARACTER SET utf8 COLLATE utf8_general_ci NULL DEFAULT NULL,
  `stu_name` varchar(100) CHARACTER SET utf8 COLLATE utf8_general_ci NULL DEFAULT NULL,
  `yuwen` float NULL DEFAULT NULL,
  `yingyu` float NULL DEFAULT NULL,
  `shuxue` float NULL DEFAULT NULL,
  `wuli` float NULL DEFAULT NULL,
  `huaxue` float NULL DEFAULT NULL,
  `shengwu` float NULL DEFAULT NULL,
  `zhenzi` float NULL DEFAULT NULL,
  `lishi` float NULL DEFAULT NULL,
  `dili` float NULL DEFAULT NULL,
  `yingyue` float NULL DEFAULT NULL,
  `tiyu` float NULL DEFAULT NULL,
  `count_num` float NULL DEFAULT NULL,
  `stu_class` char(1) CHARACTER SET utf8 COLLATE utf8_general_ci NULL DEFAULT NULL,
  `nianji` char(1) CHARACTER SET utf8 COLLATE utf8_general_ci NULL DEFAULT NULL,
  PRIMARY KEY (`id`) USING BTREE
) ENGINE = InnoDB AUTO_INCREMENT = 3 CHARACTER SET = utf8 COLLATE = utf8_general_ci COMMENT = 'syudent_grade' ROW_FORMAT = Dynamic;

-- ----------------------------
-- Records of student_grade
-- ----------------------------
INSERT INTO `student_grade` VALUES (1, '420111', '邓周明', 100, 100, 100, 90, 90, 90, 90, 90, 90, 90, 90, 800, '2', '6');
INSERT INTO `student_grade` VALUES (2, '1', '1', 1, 1, 1, 1, 1, 1, 1, 1, 1, 1, 1, 1, '2', '5');

-- ----------------------------
-- Table structure for subject_db
-- ----------------------------
DROP TABLE IF EXISTS `subject_db`;
CREATE TABLE `subject_db`  (
  `id` int NOT NULL AUTO_INCREMENT COMMENT 'id',
  `xid` varchar(20) CHARACTER SET utf8 COLLATE utf8_general_ci NULL DEFAULT NULL,
  `name` varchar(100) CHARACTER SET utf8 COLLATE utf8_general_ci NULL DEFAULT NULL,
  `name_zr` varchar(100) CHARACTER SET utf8 COLLATE utf8_general_ci NULL DEFAULT NULL,
  `count_people` int NULL DEFAULT NULL,
  `type` varchar(100) CHARACTER SET utf8 COLLATE utf8_general_ci NULL DEFAULT NULL,
  `desction` varchar(100) CHARACTER SET utf8 COLLATE utf8_general_ci NULL DEFAULT NULL,
  PRIMARY KEY (`id`) USING BTREE
) ENGINE = InnoDB AUTO_INCREMENT = 3 CHARACTER SET = utf8 COLLATE = utf8_general_ci ROW_FORMAT = Dynamic;

-- ----------------------------
-- Records of subject_db
-- ----------------------------
INSERT INTO `subject_db` VALUES (1, '10001', '语文', '王小明', 278, '文科', '无');
INSERT INTO `subject_db` VALUES (2, '10002', '数学', '王强', 256, '理科', '数学yyds');

-- ----------------------------
-- Table structure for sys_config
-- ----------------------------
DROP TABLE IF EXISTS `sys_config`;
CREATE TABLE `sys_config`  (
  `config_id` int NOT NULL AUTO_INCREMENT COMMENT '参数主键',
  `config_name` varchar(100) CHARACTER SET utf8 COLLATE utf8_general_ci NULL DEFAULT '' COMMENT '参数名称',
  `config_key` varchar(100) CHARACTER SET utf8 COLLATE utf8_general_ci NULL DEFAULT '' COMMENT '参数键名',
  `config_value` varchar(500) CHARACTER SET utf8 COLLATE utf8_general_ci NULL DEFAULT '' COMMENT '参数键值',
  `config_type` char(1) CHARACTER SET utf8 COLLATE utf8_general_ci NULL DEFAULT 'N' COMMENT '系统内置（Y是 N否）',
  `create_by` varchar(64) CHARACTER SET utf8 COLLATE utf8_general_ci NULL DEFAULT '' COMMENT '创建者',
  `create_time` datetime NULL DEFAULT NULL COMMENT '创建时间',
  `update_by` varchar(64) CHARACTER SET utf8 COLLATE utf8_general_ci NULL DEFAULT '' COMMENT '更新者',
  `update_time` datetime NULL DEFAULT NULL COMMENT '更新时间',
  `remark` varchar(500) CHARACTER SET utf8 COLLATE utf8_general_ci NULL DEFAULT NULL COMMENT '备注',
  PRIMARY KEY (`config_id`) USING BTREE
) ENGINE = InnoDB AUTO_INCREMENT = 6 CHARACTER SET = utf8 COLLATE = utf8_general_ci COMMENT = '参数配置表' ROW_FORMAT = Dynamic;

-- ----------------------------
-- Records of sys_config
-- ----------------------------
INSERT INTO `sys_config` VALUES (1, '主框架页-默认皮肤样式名称', 'sys.index.skinName', 'skin-blue', 'Y', 'admin', '2022-11-13 20:38:54', '', NULL, '蓝色 skin-blue、绿色 skin-green、紫色 skin-purple、红色 skin-red、黄色 skin-yellow');
INSERT INTO `sys_config` VALUES (2, '用户管理-账号初始密码', 'sys.user.initPassword', '123456', 'Y', 'admin', '2022-11-13 20:38:54', '', NULL, '初始化密码 123456');
INSERT INTO `sys_config` VALUES (3, '主框架页-侧边栏主题', 'sys.index.sideTheme', 'theme-dark', 'Y', 'admin', '2022-11-13 20:38:54', '', NULL, '深色主题theme-dark，浅色主题theme-light');
INSERT INTO `sys_config` VALUES (4, '账号自助-验证码开关', 'sys.account.captchaEnabled', 'true', 'Y', 'admin', '2022-11-13 20:38:54', '', NULL, '是否开启验证码功能（true开启，false关闭）');
INSERT INTO `sys_config` VALUES (5, '账号自助-是否开启用户注册功能', 'sys.account.registerUser', 'false', 'Y', 'admin', '2022-11-13 20:38:54', '', NULL, '是否开启注册用户功能（true开启，false关闭）');

-- ----------------------------
-- Table structure for sys_dept
-- ----------------------------
DROP TABLE IF EXISTS `sys_dept`;
CREATE TABLE `sys_dept`  (
  `dept_id` bigint NOT NULL AUTO_INCREMENT COMMENT '部门id',
  `parent_id` bigint NULL DEFAULT 0 COMMENT '父部门id',
  `ancestors` varchar(50) CHARACTER SET utf8 COLLATE utf8_general_ci NULL DEFAULT '' COMMENT '祖级列表',
  `dept_name` varchar(30) CHARACTER SET utf8 COLLATE utf8_general_ci NULL DEFAULT '' COMMENT '部门名称',
  `order_num` int NULL DEFAULT 0 COMMENT '显示顺序',
  `leader` varchar(20) CHARACTER SET utf8 COLLATE utf8_general_ci NULL DEFAULT NULL COMMENT '负责人',
  `phone` varchar(11) CHARACTER SET utf8 COLLATE utf8_general_ci NULL DEFAULT NULL COMMENT '联系电话',
  `email` varchar(50) CHARACTER SET utf8 COLLATE utf8_general_ci NULL DEFAULT NULL COMMENT '邮箱',
  `status` char(1) CHARACTER SET utf8 COLLATE utf8_general_ci NULL DEFAULT '0' COMMENT '部门状态（0正常 1停用）',
  `del_flag` char(1) CHARACTER SET utf8 COLLATE utf8_general_ci NULL DEFAULT '0' COMMENT '删除标志（0代表存在 2代表删除）',
  `create_by` varchar(64) CHARACTER SET utf8 COLLATE utf8_general_ci NULL DEFAULT '' COMMENT '创建者',
  `create_time` datetime NULL DEFAULT NULL COMMENT '创建时间',
  `update_by` varchar(64) CHARACTER SET utf8 COLLATE utf8_general_ci NULL DEFAULT '' COMMENT '更新者',
  `update_time` datetime NULL DEFAULT NULL COMMENT '更新时间',
  PRIMARY KEY (`dept_id`) USING BTREE
) ENGINE = InnoDB AUTO_INCREMENT = 115 CHARACTER SET = utf8 COLLATE = utf8_general_ci COMMENT = '部门表' ROW_FORMAT = Dynamic;

-- ----------------------------
-- Records of sys_dept
-- ----------------------------
INSERT INTO `sys_dept` VALUES (100, 0, '0', '辽东学院', 0, '邓周明', '15888888888', 'ry@qq.com', '0', '0', 'admin', '2022-11-13 20:38:52', 'admin', '2022-12-02 10:19:13');
INSERT INTO `sys_dept` VALUES (101, 100, '0,100', '信息工程学院', 1, '王小二', '15888888888', 'ry@qq.com', '0', '0', 'admin', '2022-11-13 20:38:52', 'admin', '2022-12-02 10:19:28');
INSERT INTO `sys_dept` VALUES (102, 100, '0,100', '城市建设学院', 2, '', '15888888888', 'ry@qq.com', '0', '0', 'admin', '2022-11-13 20:38:52', 'admin', '2022-12-02 10:20:20');
INSERT INTO `sys_dept` VALUES (103, 101, '0,100,101', '计算机科学与技术系', 1, '', '15888888888', 'ry@qq.com', '0', '0', 'admin', '2022-11-13 20:38:52', 'admin', '2022-12-02 10:21:00');
INSERT INTO `sys_dept` VALUES (104, 101, '0,100,101', '2024届', 2, '', '15888888888', 'ry@qq.com', '0', '2', 'admin', '2022-11-13 20:38:52', 'admin', '2022-11-14 22:16:56');
INSERT INTO `sys_dept` VALUES (105, 101, '0,100,101', '网络工程系', 3, '', '15888888888', 'ry@qq.com', '0', '2', 'admin', '2022-11-13 20:38:52', 'admin', '2022-12-02 10:19:51');
INSERT INTO `sys_dept` VALUES (106, 101, '0,100,101', '2026届', 4, '', '15888888888', 'ry@qq.com', '0', '2', 'admin', '2022-11-13 20:38:52', 'admin', '2022-11-14 22:17:27');
INSERT INTO `sys_dept` VALUES (107, 101, '0,100,101', '运维部门', 5, '若依', '15888888888', 'ry@qq.com', '0', '2', 'admin', '2022-11-13 20:38:52', '', NULL);
INSERT INTO `sys_dept` VALUES (108, 102, '0,100,102', '土木工程系', 1, '', '15888888888', 'ry@qq.com', '0', '0', 'admin', '2022-11-13 20:38:52', 'admin', '2022-12-02 10:20:43');
INSERT INTO `sys_dept` VALUES (109, 102, '0,100,102', '2025届', 2, '若依', '15888888888', 'ry@qq.com', '0', '2', 'admin', '2022-11-13 20:38:52', 'admin', '2022-11-14 22:18:23');
INSERT INTO `sys_dept` VALUES (110, 103, '0,100,101,103', 'B2005班', 2, '周艳', '15865325256', '158@qq.com', '0', '0', 'admin', '2022-12-02 10:21:28', 'admin', '2022-12-02 10:22:33');
INSERT INTO `sys_dept` VALUES (111, 103, '0,100,101,103', 'B2006班', 2, 'aaa', '16985411235', '158@qq.com', '0', '0', 'admin', '2022-12-02 10:21:53', 'admin', '2022-12-02 10:22:38');
INSERT INTO `sys_dept` VALUES (112, 103, '0,100,101,103', 'B2007班', 4, '陈老师', '15865325217', '125@gmail.com', '0', '0', 'admin', '2022-12-02 10:22:25', 'admin', '2022-12-02 10:22:44');
INSERT INTO `sys_dept` VALUES (113, 105, '0,100,101,105', 'B2004班', 1, NULL, '15852412154', '158@qq.com', '0', '2', 'admin', '2022-12-02 10:34:17', '', NULL);
INSERT INTO `sys_dept` VALUES (114, 100, '0,100', '医学院', 1, '1', '15865325214', '1587@qq.com', '0', '0', '邓周明', '2022-12-04 19:34:36', '', NULL);

-- ----------------------------
-- Table structure for sys_dict_data
-- ----------------------------
DROP TABLE IF EXISTS `sys_dict_data`;
CREATE TABLE `sys_dict_data`  (
  `dict_code` bigint NOT NULL AUTO_INCREMENT COMMENT '字典编码',
  `dict_sort` int NULL DEFAULT 0 COMMENT '字典排序',
  `dict_label` varchar(100) CHARACTER SET utf8 COLLATE utf8_general_ci NULL DEFAULT '' COMMENT '字典标签',
  `dict_value` varchar(100) CHARACTER SET utf8 COLLATE utf8_general_ci NULL DEFAULT '' COMMENT '字典键值',
  `dict_type` varchar(100) CHARACTER SET utf8 COLLATE utf8_general_ci NULL DEFAULT '' COMMENT '字典类型',
  `css_class` varchar(100) CHARACTER SET utf8 COLLATE utf8_general_ci NULL DEFAULT NULL COMMENT '样式属性（其他样式扩展）',
  `list_class` varchar(100) CHARACTER SET utf8 COLLATE utf8_general_ci NULL DEFAULT NULL COMMENT '表格回显样式',
  `is_default` char(1) CHARACTER SET utf8 COLLATE utf8_general_ci NULL DEFAULT 'N' COMMENT '是否默认（Y是 N否）',
  `status` char(1) CHARACTER SET utf8 COLLATE utf8_general_ci NULL DEFAULT '0' COMMENT '状态（0正常 1停用）',
  `create_by` varchar(64) CHARACTER SET utf8 COLLATE utf8_general_ci NULL DEFAULT '' COMMENT '创建者',
  `create_time` datetime NULL DEFAULT NULL COMMENT '创建时间',
  `update_by` varchar(64) CHARACTER SET utf8 COLLATE utf8_general_ci NULL DEFAULT '' COMMENT '更新者',
  `update_time` datetime NULL DEFAULT NULL COMMENT '更新时间',
  `remark` varchar(500) CHARACTER SET utf8 COLLATE utf8_general_ci NULL DEFAULT NULL COMMENT '备注',
  PRIMARY KEY (`dict_code`) USING BTREE
) ENGINE = InnoDB AUTO_INCREMENT = 61 CHARACTER SET = utf8 COLLATE = utf8_general_ci COMMENT = '字典数据表' ROW_FORMAT = Dynamic;

-- ----------------------------
-- Records of sys_dict_data
-- ----------------------------
INSERT INTO `sys_dict_data` VALUES (1, 1, '男', '0', 'sys_user_sex', '', 'primary', 'Y', '0', 'admin', '2022-11-13 20:38:54', 'admin', '2022-12-02 17:28:56', '性别男');
INSERT INTO `sys_dict_data` VALUES (2, 2, '女', '1', 'sys_user_sex', '', 'success', 'N', '0', 'admin', '2022-11-13 20:38:54', 'admin', '2022-12-02 17:29:01', '性别女');
INSERT INTO `sys_dict_data` VALUES (4, 1, '显示', '0', 'sys_show_hide', '', 'primary', 'Y', '0', 'admin', '2022-11-13 20:38:54', '', NULL, '显示菜单');
INSERT INTO `sys_dict_data` VALUES (5, 2, '隐藏', '1', 'sys_show_hide', '', 'danger', 'N', '0', 'admin', '2022-11-13 20:38:54', '', NULL, '隐藏菜单');
INSERT INTO `sys_dict_data` VALUES (6, 1, '正常', '0', 'sys_normal_disable', '', 'primary', 'Y', '0', 'admin', '2022-11-13 20:38:54', '', NULL, '正常状态');
INSERT INTO `sys_dict_data` VALUES (7, 2, '停用', '1', 'sys_normal_disable', '', 'danger', 'N', '0', 'admin', '2022-11-13 20:38:54', '', NULL, '停用状态');
INSERT INTO `sys_dict_data` VALUES (8, 1, '正常', '0', 'sys_job_status', '', 'primary', 'Y', '0', 'admin', '2022-11-13 20:38:54', '', NULL, '正常状态');
INSERT INTO `sys_dict_data` VALUES (9, 2, '暂停', '1', 'sys_job_status', '', 'danger', 'N', '0', 'admin', '2022-11-13 20:38:54', '', NULL, '停用状态');
INSERT INTO `sys_dict_data` VALUES (10, 1, '默认', 'DEFAULT', 'sys_job_group', '', '', 'Y', '0', 'admin', '2022-11-13 20:38:54', '', NULL, '默认分组');
INSERT INTO `sys_dict_data` VALUES (11, 2, '系统', 'SYSTEM', 'sys_job_group', '', '', 'N', '0', 'admin', '2022-11-13 20:38:54', '', NULL, '系统分组');
INSERT INTO `sys_dict_data` VALUES (12, 1, '是', 'Y', 'sys_yes_no', '', 'primary', 'Y', '0', 'admin', '2022-11-13 20:38:54', '', NULL, '系统默认是');
INSERT INTO `sys_dict_data` VALUES (13, 2, '否', 'N', 'sys_yes_no', '', 'danger', 'N', '0', 'admin', '2022-11-13 20:38:54', '', NULL, '系统默认否');
INSERT INTO `sys_dict_data` VALUES (14, 1, '通知', '1', 'sys_notice_type', '', 'warning', 'Y', '0', 'admin', '2022-11-13 20:38:54', '', NULL, '通知');
INSERT INTO `sys_dict_data` VALUES (15, 2, '公告', '2', 'sys_notice_type', '', 'success', 'N', '0', 'admin', '2022-11-13 20:38:54', '', NULL, '公告');
INSERT INTO `sys_dict_data` VALUES (16, 1, '正常', '0', 'sys_notice_status', '', 'primary', 'Y', '0', 'admin', '2022-11-13 20:38:54', '', NULL, '正常状态');
INSERT INTO `sys_dict_data` VALUES (17, 2, '关闭', '1', 'sys_notice_status', '', 'danger', 'N', '0', 'admin', '2022-11-13 20:38:54', '', NULL, '关闭状态');
INSERT INTO `sys_dict_data` VALUES (18, 99, '其他', '0', 'sys_oper_type', '', 'info', 'N', '0', 'admin', '2022-11-13 20:38:54', '', NULL, '其他操作');
INSERT INTO `sys_dict_data` VALUES (19, 1, '新增', '1', 'sys_oper_type', '', 'info', 'N', '0', 'admin', '2022-11-13 20:38:54', '', NULL, '新增操作');
INSERT INTO `sys_dict_data` VALUES (20, 2, '修改', '2', 'sys_oper_type', '', 'primary', 'N', '0', 'admin', '2022-11-13 20:38:54', 'admin', '2022-12-02 17:27:02', '修改操作');
INSERT INTO `sys_dict_data` VALUES (21, 3, '删除', '3', 'sys_oper_type', '', 'danger', 'N', '0', 'admin', '2022-11-13 20:38:54', '', NULL, '删除操作');
INSERT INTO `sys_dict_data` VALUES (22, 4, '授权', '4', 'sys_oper_type', '', 'primary', 'N', '0', 'admin', '2022-11-13 20:38:54', '', NULL, '授权操作');
INSERT INTO `sys_dict_data` VALUES (23, 5, '导出', '5', 'sys_oper_type', '', 'warning', 'N', '0', 'admin', '2022-11-13 20:38:54', '', NULL, '导出操作');
INSERT INTO `sys_dict_data` VALUES (24, 6, '导入', '6', 'sys_oper_type', '', 'warning', 'N', '0', 'admin', '2022-11-13 20:38:54', '', NULL, '导入操作');
INSERT INTO `sys_dict_data` VALUES (25, 7, '强退', '7', 'sys_oper_type', '', 'danger', 'N', '0', 'admin', '2022-11-13 20:38:54', '', NULL, '强退操作');
INSERT INTO `sys_dict_data` VALUES (26, 8, '生成代码', '8', 'sys_oper_type', '', 'warning', 'N', '0', 'admin', '2022-11-13 20:38:54', '', NULL, '生成操作');
INSERT INTO `sys_dict_data` VALUES (27, 9, '清空数据', '9', 'sys_oper_type', '', 'danger', 'N', '0', 'admin', '2022-11-13 20:38:54', '', NULL, '清空操作');
INSERT INTO `sys_dict_data` VALUES (28, 1, '成功', '0', 'sys_common_status', '', 'primary', 'N', '0', 'admin', '2022-11-13 20:38:54', '', NULL, '正常状态');
INSERT INTO `sys_dict_data` VALUES (29, 2, '失败', '1', 'sys_common_status', '', 'danger', 'N', '0', 'admin', '2022-11-13 20:38:54', '', NULL, '停用状态');
INSERT INTO `sys_dict_data` VALUES (30, 0, 'B2004班', '1', 'stu_class', 'color=yellow', 'primary', 'N', '0', 'admin', '2022-11-19 15:45:47', 'admin', '2022-12-02 17:12:50', NULL);
INSERT INTO `sys_dict_data` VALUES (31, 0, 'B2005班', '2', 'stu_class', NULL, 'primary', 'N', '0', 'admin', '2022-11-19 15:47:35', 'admin', '2022-12-02 17:12:43', NULL);
INSERT INTO `sys_dict_data` VALUES (32, 0, 'B2006班', '3', 'stu_class', NULL, 'primary', 'N', '0', 'admin', '2022-11-19 15:48:05', 'admin', '2022-12-02 17:12:16', NULL);
INSERT INTO `sys_dict_data` VALUES (33, 0, '高一', '1', 'stu_nianji', NULL, 'primary', 'N', '0', 'admin', '2022-11-19 15:49:19', 'admin', '2022-11-19 15:49:35', NULL);
INSERT INTO `sys_dict_data` VALUES (34, 0, '高二', '2', 'stu_nianji', NULL, 'primary', 'N', '0', 'admin', '2022-11-19 15:49:49', 'admin', '2022-11-19 15:50:15', NULL);
INSERT INTO `sys_dict_data` VALUES (35, 0, '高三', '3', 'stu_nianji', NULL, 'primary', 'N', '0', 'admin', '2022-11-19 15:50:25', '', NULL, NULL);
INSERT INTO `sys_dict_data` VALUES (36, 0, '人民群众', '1', 'society', NULL, 'primary', 'N', '0', 'admin', '2022-11-19 17:55:54', '', NULL, NULL);
INSERT INTO `sys_dict_data` VALUES (37, 1, '少先队员', '2', 'society', NULL, 'success', 'N', '0', 'admin', '2022-11-19 17:56:40', 'admin', '2022-11-19 17:56:52', NULL);
INSERT INTO `sys_dict_data` VALUES (38, 2, '共青团团员', '3', 'society', NULL, 'warning', 'N', '0', 'admin', '2022-11-19 17:57:26', '', NULL, NULL);
INSERT INTO `sys_dict_data` VALUES (39, 3, '共产党员', '4', 'society', NULL, 'danger', 'N', '0', 'admin', '2022-11-19 17:58:05', '', NULL, NULL);
INSERT INTO `sys_dict_data` VALUES (40, 0, '开学报名', '1', 'baomin', NULL, 'primary', 'N', '0', 'admin', '2022-11-24 01:48:46', '', NULL, NULL);
INSERT INTO `sys_dict_data` VALUES (41, 1, '活动报名', '3', 'baomin', NULL, 'success', 'N', '0', 'admin', '2022-11-24 01:49:16', 'admin', '2022-11-24 01:50:51', NULL);
INSERT INTO `sys_dict_data` VALUES (42, 0, '志愿者报名', '2', 'baomin', NULL, 'warning', 'N', '0', 'admin', '2022-11-24 01:49:34', 'admin', '2022-11-24 01:49:42', NULL);
INSERT INTO `sys_dict_data` VALUES (43, 0, '考试报名', '4', 'baomin', NULL, 'danger', 'N', '0', 'admin', '2022-11-24 01:50:43', 'admin', '2022-11-24 01:50:57', NULL);
INSERT INTO `sys_dict_data` VALUES (44, 0, '安全须知', '1', 'fromtype', NULL, 'primary', 'N', '0', 'admin', '2022-11-24 01:51:58', 'admin', '2022-11-24 01:52:06', NULL);
INSERT INTO `sys_dict_data` VALUES (45, 0, '假期须知', '2', 'fromtype', NULL, 'success', 'N', '0', 'admin', '2022-11-24 01:53:43', 'admin', '2022-11-24 01:54:29', NULL);
INSERT INTO `sys_dict_data` VALUES (46, 0, '贫困申请', '3', 'fromtype', NULL, 'warning', 'N', '0', 'admin', '2022-11-24 01:54:07', 'admin', '2022-11-24 01:54:24', NULL);
INSERT INTO `sys_dict_data` VALUES (48, 0, 'B2007班', '4', 'stu_class', NULL, 'primary', 'N', '0', 'admin', '2022-12-02 17:14:10', '', NULL, NULL);
INSERT INTO `sys_dict_data` VALUES (49, 0, '大一', '4', 'stu_nianji', NULL, 'primary', 'N', '0', 'admin', '2022-12-02 17:17:36', '', NULL, NULL);
INSERT INTO `sys_dict_data` VALUES (50, 0, '大二', '5', 'stu_nianji', NULL, 'primary', 'N', '0', 'admin', '2022-12-02 17:17:51', '', NULL, NULL);
INSERT INTO `sys_dict_data` VALUES (51, 0, '大三', '6', 'stu_nianji', NULL, 'primary', 'N', '0', 'admin', '2022-12-02 17:18:00', '', NULL, NULL);
INSERT INTO `sys_dict_data` VALUES (52, 0, '大四', '7', 'stu_nianji', NULL, 'primary', 'N', '0', 'admin', '2022-12-02 17:18:20', '', NULL, NULL);
INSERT INTO `sys_dict_data` VALUES (53, 0, '信息工程学院', '1', 'college', NULL, 'success', 'N', '0', 'admin', '2022-12-03 10:20:05', '', NULL, NULL);
INSERT INTO `sys_dict_data` VALUES (54, 1, '城市建设学院', '2', 'college', NULL, 'success', 'N', '0', 'admin', '2022-12-03 10:20:28', '', NULL, NULL);
INSERT INTO `sys_dict_data` VALUES (55, 1, '计算机科学与技术系', '1', 'dep', NULL, 'danger', 'N', '0', 'admin', '2022-12-03 10:23:22', 'admin', '2022-12-03 10:23:59', NULL);
INSERT INTO `sys_dict_data` VALUES (56, 2, '网络工程系', '2', 'dep', NULL, 'danger', 'N', '0', 'admin', '2022-12-03 10:23:44', 'admin', '2022-12-03 10:23:53', NULL);
INSERT INTO `sys_dict_data` VALUES (57, 2, '已接种一针', '2', 'yimiao', NULL, 'default', 'N', '0', 'admin', '2022-12-03 10:32:41', 'admin', '2022-12-03 10:34:08', NULL);
INSERT INTO `sys_dict_data` VALUES (58, 1, '未接种', '1', 'yimiao', NULL, 'default', 'N', '0', 'admin', '2022-12-03 10:33:49', 'admin', '2022-12-03 10:34:14', NULL);
INSERT INTO `sys_dict_data` VALUES (59, 3, '已接种两针', '3', 'yimiao', NULL, 'default', 'N', '0', 'admin', '2022-12-03 10:34:29', 'admin', '2022-12-03 10:34:36', NULL);
INSERT INTO `sys_dict_data` VALUES (60, 4, '已接种三针', '4', 'yimiao', NULL, 'default', 'N', '0', 'admin', '2022-12-03 10:34:50', '', NULL, NULL);

-- ----------------------------
-- Table structure for sys_dict_type
-- ----------------------------
DROP TABLE IF EXISTS `sys_dict_type`;
CREATE TABLE `sys_dict_type`  (
  `dict_id` bigint NOT NULL AUTO_INCREMENT COMMENT '字典主键',
  `dict_name` varchar(100) CHARACTER SET utf8 COLLATE utf8_general_ci NULL DEFAULT '' COMMENT '字典名称',
  `dict_type` varchar(100) CHARACTER SET utf8 COLLATE utf8_general_ci NULL DEFAULT '' COMMENT '字典类型',
  `status` char(1) CHARACTER SET utf8 COLLATE utf8_general_ci NULL DEFAULT '0' COMMENT '状态（0正常 1停用）',
  `create_by` varchar(64) CHARACTER SET utf8 COLLATE utf8_general_ci NULL DEFAULT '' COMMENT '创建者',
  `create_time` datetime NULL DEFAULT NULL COMMENT '创建时间',
  `update_by` varchar(64) CHARACTER SET utf8 COLLATE utf8_general_ci NULL DEFAULT '' COMMENT '更新者',
  `update_time` datetime NULL DEFAULT NULL COMMENT '更新时间',
  `remark` varchar(500) CHARACTER SET utf8 COLLATE utf8_general_ci NULL DEFAULT NULL COMMENT '备注',
  PRIMARY KEY (`dict_id`) USING BTREE,
  UNIQUE INDEX `dict_type`(`dict_type`) USING BTREE
) ENGINE = InnoDB AUTO_INCREMENT = 19 CHARACTER SET = utf8 COLLATE = utf8_general_ci COMMENT = '字典类型表' ROW_FORMAT = Dynamic;

-- ----------------------------
-- Records of sys_dict_type
-- ----------------------------
INSERT INTO `sys_dict_type` VALUES (1, '用户性别', 'sys_user_sex', '0', 'admin', '2022-11-13 20:38:54', '', NULL, '用户性别列表');
INSERT INTO `sys_dict_type` VALUES (2, '菜单状态', 'sys_show_hide', '0', 'admin', '2022-11-13 20:38:54', '', NULL, '菜单状态列表');
INSERT INTO `sys_dict_type` VALUES (3, '系统开关', 'sys_normal_disable', '0', 'admin', '2022-11-13 20:38:54', '', NULL, '系统开关列表');
INSERT INTO `sys_dict_type` VALUES (4, '任务状态', 'sys_job_status', '0', 'admin', '2022-11-13 20:38:54', '', NULL, '任务状态列表');
INSERT INTO `sys_dict_type` VALUES (5, '任务分组', 'sys_job_group', '0', 'admin', '2022-11-13 20:38:54', '', NULL, '任务分组列表');
INSERT INTO `sys_dict_type` VALUES (6, '系统是否', 'sys_yes_no', '0', 'admin', '2022-11-13 20:38:54', '', NULL, '系统是否列表');
INSERT INTO `sys_dict_type` VALUES (7, '通知类型', 'sys_notice_type', '0', 'admin', '2022-11-13 20:38:54', '', NULL, '通知类型列表');
INSERT INTO `sys_dict_type` VALUES (8, '通知状态', 'sys_notice_status', '0', 'admin', '2022-11-13 20:38:54', '', NULL, '通知状态列表');
INSERT INTO `sys_dict_type` VALUES (9, '操作类型', 'sys_oper_type', '0', 'admin', '2022-11-13 20:38:54', '', NULL, '操作类型列表');
INSERT INTO `sys_dict_type` VALUES (10, '系统状态', 'sys_common_status', '0', 'admin', '2022-11-13 20:38:54', '', NULL, '登录状态列表');
INSERT INTO `sys_dict_type` VALUES (11, '班级', 'stu_class', '0', 'admin', '2022-11-19 15:42:58', 'admin', '2022-12-03 14:25:30', NULL);
INSERT INTO `sys_dict_type` VALUES (12, '年级', 'stu_nianji', '0', 'admin', '2022-11-19 15:48:51', 'admin', '2022-12-03 14:25:35', NULL);
INSERT INTO `sys_dict_type` VALUES (13, '政治面貌', 'society', '0', 'admin', '2022-11-19 17:55:28', 'admin', '2022-12-03 14:25:45', NULL);
INSERT INTO `sys_dict_type` VALUES (14, '报名类型', 'baomin', '0', 'admin', '2022-11-24 01:47:55', 'admin', '2022-12-03 14:26:01', NULL);
INSERT INTO `sys_dict_type` VALUES (15, '填表类型', 'fromtype', '0', 'admin', '2022-11-24 01:51:30', '', NULL, NULL);
INSERT INTO `sys_dict_type` VALUES (16, '学院', 'college', '0', 'admin', '2022-12-03 10:18:54', '', NULL, NULL);
INSERT INTO `sys_dict_type` VALUES (17, '系别', 'dep', '0', 'admin', '2022-12-03 10:22:39', 'admin', '2022-12-03 14:26:15', NULL);
INSERT INTO `sys_dict_type` VALUES (18, '疫苗接种', 'yimiao', '0', 'admin', '2022-12-03 10:32:00', '', NULL, NULL);

-- ----------------------------
-- Table structure for sys_job
-- ----------------------------
DROP TABLE IF EXISTS `sys_job`;
CREATE TABLE `sys_job`  (
  `job_id` bigint NOT NULL AUTO_INCREMENT COMMENT '任务ID',
  `job_name` varchar(64) CHARACTER SET utf8 COLLATE utf8_general_ci NOT NULL DEFAULT '' COMMENT '任务名称',
  `job_group` varchar(64) CHARACTER SET utf8 COLLATE utf8_general_ci NOT NULL DEFAULT 'DEFAULT' COMMENT '任务组名',
  `invoke_target` varchar(500) CHARACTER SET utf8 COLLATE utf8_general_ci NOT NULL COMMENT '调用目标字符串',
  `cron_expression` varchar(255) CHARACTER SET utf8 COLLATE utf8_general_ci NULL DEFAULT '' COMMENT 'cron执行表达式',
  `misfire_policy` varchar(20) CHARACTER SET utf8 COLLATE utf8_general_ci NULL DEFAULT '3' COMMENT '计划执行错误策略（1立即执行 2执行一次 3放弃执行）',
  `concurrent` char(1) CHARACTER SET utf8 COLLATE utf8_general_ci NULL DEFAULT '1' COMMENT '是否并发执行（0允许 1禁止）',
  `status` char(1) CHARACTER SET utf8 COLLATE utf8_general_ci NULL DEFAULT '0' COMMENT '状态（0正常 1暂停）',
  `create_by` varchar(64) CHARACTER SET utf8 COLLATE utf8_general_ci NULL DEFAULT '' COMMENT '创建者',
  `create_time` datetime NULL DEFAULT NULL COMMENT '创建时间',
  `update_by` varchar(64) CHARACTER SET utf8 COLLATE utf8_general_ci NULL DEFAULT '' COMMENT '更新者',
  `update_time` datetime NULL DEFAULT NULL COMMENT '更新时间',
  `remark` varchar(500) CHARACTER SET utf8 COLLATE utf8_general_ci NULL DEFAULT '' COMMENT '备注信息',
  PRIMARY KEY (`job_id`, `job_name`, `job_group`) USING BTREE
) ENGINE = InnoDB AUTO_INCREMENT = 4 CHARACTER SET = utf8 COLLATE = utf8_general_ci COMMENT = '定时任务调度表' ROW_FORMAT = Dynamic;

-- ----------------------------
-- Records of sys_job
-- ----------------------------
INSERT INTO `sys_job` VALUES (1, '系统默认（无参）', 'DEFAULT', 'ryTask.ryNoParams', '0/10 * * * * ?', '3', '1', '1', 'admin', '2022-11-13 20:38:54', '', NULL, '');
INSERT INTO `sys_job` VALUES (2, '系统默认（有参）', 'DEFAULT', 'ryTask.ryParams(\'ry\')', '0/15 * * * * ?', '3', '1', '1', 'admin', '2022-11-13 20:38:54', '', NULL, '');
INSERT INTO `sys_job` VALUES (3, '系统默认（多参）', 'DEFAULT', 'ryTask.ryMultipleParams(\'ry\', true, 2000L, 316.50D, 100)', '0/20 * * * * ?', '3', '1', '1', 'admin', '2022-11-13 20:38:54', '', NULL, '');

-- ----------------------------
-- Table structure for sys_job_log
-- ----------------------------
DROP TABLE IF EXISTS `sys_job_log`;
CREATE TABLE `sys_job_log`  (
  `job_log_id` bigint NOT NULL AUTO_INCREMENT COMMENT '任务日志ID',
  `job_name` varchar(64) CHARACTER SET utf8 COLLATE utf8_general_ci NOT NULL COMMENT '任务名称',
  `job_group` varchar(64) CHARACTER SET utf8 COLLATE utf8_general_ci NOT NULL COMMENT '任务组名',
  `invoke_target` varchar(500) CHARACTER SET utf8 COLLATE utf8_general_ci NOT NULL COMMENT '调用目标字符串',
  `job_message` varchar(500) CHARACTER SET utf8 COLLATE utf8_general_ci NULL DEFAULT NULL COMMENT '日志信息',
  `status` char(1) CHARACTER SET utf8 COLLATE utf8_general_ci NULL DEFAULT '0' COMMENT '执行状态（0正常 1失败）',
  `exception_info` varchar(2000) CHARACTER SET utf8 COLLATE utf8_general_ci NULL DEFAULT '' COMMENT '异常信息',
  `create_time` datetime NULL DEFAULT NULL COMMENT '创建时间',
  PRIMARY KEY (`job_log_id`) USING BTREE
) ENGINE = InnoDB AUTO_INCREMENT = 1 CHARACTER SET = utf8 COLLATE = utf8_general_ci COMMENT = '定时任务调度日志表' ROW_FORMAT = Dynamic;

-- ----------------------------
-- Records of sys_job_log
-- ----------------------------

-- ----------------------------
-- Table structure for sys_logininfor
-- ----------------------------
DROP TABLE IF EXISTS `sys_logininfor`;
CREATE TABLE `sys_logininfor`  (
  `info_id` bigint NOT NULL AUTO_INCREMENT COMMENT '访问ID',
  `user_name` varchar(50) CHARACTER SET utf8 COLLATE utf8_general_ci NULL DEFAULT '' COMMENT '用户账号',
  `ipaddr` varchar(128) CHARACTER SET utf8 COLLATE utf8_general_ci NULL DEFAULT '' COMMENT '登录IP地址',
  `login_location` varchar(255) CHARACTER SET utf8 COLLATE utf8_general_ci NULL DEFAULT '' COMMENT '登录地点',
  `browser` varchar(50) CHARACTER SET utf8 COLLATE utf8_general_ci NULL DEFAULT '' COMMENT '浏览器类型',
  `os` varchar(50) CHARACTER SET utf8 COLLATE utf8_general_ci NULL DEFAULT '' COMMENT '操作系统',
  `status` char(1) CHARACTER SET utf8 COLLATE utf8_general_ci NULL DEFAULT '0' COMMENT '登录状态（0成功 1失败）',
  `msg` varchar(255) CHARACTER SET utf8 COLLATE utf8_general_ci NULL DEFAULT '' COMMENT '提示消息',
  `login_time` datetime NULL DEFAULT NULL COMMENT '访问时间',
  PRIMARY KEY (`info_id`) USING BTREE
) ENGINE = InnoDB AUTO_INCREMENT = 248 CHARACTER SET = utf8 COLLATE = utf8_general_ci COMMENT = '系统访问记录' ROW_FORMAT = Dynamic;

-- ----------------------------
-- Records of sys_logininfor
-- ----------------------------
INSERT INTO `sys_logininfor` VALUES (100, 'admin', '127.0.0.1', '内网IP', 'Chrome 10', 'Mac OS X', '0', '登录成功', '2022-11-14 01:34:56');
INSERT INTO `sys_logininfor` VALUES (101, 'admin', '127.0.0.1', '内网IP', 'Chrome 10', 'Mac OS X', '0', '退出成功', '2022-11-14 01:40:43');
INSERT INTO `sys_logininfor` VALUES (102, 'admin', '127.0.0.1', '内网IP', 'Chrome 10', 'Mac OS X', '0', '登录成功', '2022-11-14 01:40:54');
INSERT INTO `sys_logininfor` VALUES (103, 'admin', '127.0.0.1', '内网IP', 'Chrome 10', 'Mac OS X', '0', '登录成功', '2022-11-14 22:03:55');
INSERT INTO `sys_logininfor` VALUES (104, 'admin', '127.0.0.1', '内网IP', 'Chrome 10', 'Mac OS X', '0', '退出成功', '2022-11-14 22:54:15');
INSERT INTO `sys_logininfor` VALUES (105, '邓周明', '127.0.0.1', '内网IP', 'Chrome 10', 'Mac OS X', '1', '密码输入错误1次', '2022-11-14 22:54:34');
INSERT INTO `sys_logininfor` VALUES (106, '邓周明', '127.0.0.1', '内网IP', 'Chrome 10', 'Mac OS X', '1', '用户不存在/密码错误', '2022-11-14 22:54:34');
INSERT INTO `sys_logininfor` VALUES (107, '邓周明', '127.0.0.1', '内网IP', 'Chrome 10', 'Mac OS X', '1', '密码输入错误2次', '2022-11-14 22:54:42');
INSERT INTO `sys_logininfor` VALUES (108, '邓周明', '127.0.0.1', '内网IP', 'Chrome 10', 'Mac OS X', '1', '用户不存在/密码错误', '2022-11-14 22:54:42');
INSERT INTO `sys_logininfor` VALUES (109, '邓周明的小号', '127.0.0.1', '内网IP', 'Chrome 10', 'Mac OS X', '1', '登录用户：邓周明的小号 不存在', '2022-11-14 22:55:03');
INSERT INTO `sys_logininfor` VALUES (110, 'admin', '127.0.0.1', '内网IP', 'Chrome 10', 'Mac OS X', '1', '验证码错误', '2022-11-14 22:55:08');
INSERT INTO `sys_logininfor` VALUES (111, 'admin', '127.0.0.1', '内网IP', 'Chrome 10', 'Mac OS X', '1', '验证码错误', '2022-11-14 22:55:22');
INSERT INTO `sys_logininfor` VALUES (112, 'admin', '127.0.0.1', '内网IP', 'Chrome 10', 'Mac OS X', '1', '验证码错误', '2022-11-14 22:55:33');
INSERT INTO `sys_logininfor` VALUES (113, 'admin', '127.0.0.1', '内网IP', 'Chrome 10', 'Mac OS X', '1', '密码输入错误1次', '2022-11-14 22:55:51');
INSERT INTO `sys_logininfor` VALUES (114, 'admin', '127.0.0.1', '内网IP', 'Chrome 10', 'Mac OS X', '1', '用户不存在/密码错误', '2022-11-14 22:55:51');
INSERT INTO `sys_logininfor` VALUES (115, 'admin', '127.0.0.1', '内网IP', 'Chrome 10', 'Mac OS X', '1', '用户不存在/密码错误', '2022-11-14 22:56:21');
INSERT INTO `sys_logininfor` VALUES (116, 'admin', '127.0.0.1', '内网IP', 'Chrome 10', 'Mac OS X', '1', '密码输入错误2次', '2022-11-14 22:56:21');
INSERT INTO `sys_logininfor` VALUES (117, 'admin', '127.0.0.1', '内网IP', 'Chrome 10', 'Mac OS X', '1', '用户不存在/密码错误', '2022-11-14 22:56:57');
INSERT INTO `sys_logininfor` VALUES (118, 'admin', '127.0.0.1', '内网IP', 'Chrome 10', 'Mac OS X', '1', '密码输入错误3次', '2022-11-14 22:56:57');
INSERT INTO `sys_logininfor` VALUES (119, 'admin', '127.0.0.1', '内网IP', 'Chrome 10', 'Mac OS X', '0', '登录成功', '2022-11-14 22:57:05');
INSERT INTO `sys_logininfor` VALUES (120, 'admin', '127.0.0.1', '内网IP', 'Chrome 10', 'Mac OS X', '0', '退出成功', '2022-11-14 22:57:48');
INSERT INTO `sys_logininfor` VALUES (121, '邓周明', '127.0.0.1', '内网IP', 'Chrome 10', 'Mac OS X', '0', '登录成功', '2022-11-14 22:59:12');
INSERT INTO `sys_logininfor` VALUES (122, '邓周明', '127.0.0.1', '内网IP', 'Chrome 10', 'Mac OS X', '0', '退出成功', '2022-11-14 23:04:27');
INSERT INTO `sys_logininfor` VALUES (123, '邓周明', '127.0.0.1', '内网IP', 'Chrome 10', 'Mac OS X', '1', '验证码错误', '2022-11-14 23:04:55');
INSERT INTO `sys_logininfor` VALUES (124, '邓周明', '127.0.0.1', '内网IP', 'Chrome 10', 'Mac OS X', '0', '登录成功', '2022-11-14 23:05:05');
INSERT INTO `sys_logininfor` VALUES (125, '邓周明', '127.0.0.1', '内网IP', 'Chrome 10', 'Mac OS X', '0', '退出成功', '2022-11-14 23:06:05');
INSERT INTO `sys_logininfor` VALUES (126, '王小明', '127.0.0.1', '内网IP', 'Chrome Mobile', 'Android 6.x', '0', '注册成功', '2022-11-14 23:21:33');
INSERT INTO `sys_logininfor` VALUES (127, '王小明', '127.0.0.1', '内网IP', 'Chrome Mobile', 'Android 6.x', '0', '登录成功', '2022-11-14 23:22:00');
INSERT INTO `sys_logininfor` VALUES (128, '王小明', '127.0.0.1', '内网IP', 'Chrome 10', 'Mac OS X', '0', '退出成功', '2022-11-14 23:22:28');
INSERT INTO `sys_logininfor` VALUES (129, '邓周明', '127.0.0.1', '内网IP', 'Chrome 10', 'Mac OS X', '0', '登录成功', '2022-11-14 23:22:44');
INSERT INTO `sys_logininfor` VALUES (130, 'admin', '127.0.0.1', '内网IP', 'Chrome 10', 'Mac OS X', '0', '登录成功', '2022-11-17 00:03:29');
INSERT INTO `sys_logininfor` VALUES (131, 'admin', '127.0.0.1', '内网IP', 'Chrome 10', 'Mac OS X', '0', '退出成功', '2022-11-17 00:40:50');
INSERT INTO `sys_logininfor` VALUES (132, '邓周明', '127.0.0.1', '内网IP', 'Chrome 10', 'Mac OS X', '0', '登录成功', '2022-11-17 00:41:02');
INSERT INTO `sys_logininfor` VALUES (133, '邓周明', '127.0.0.1', '内网IP', 'Chrome 10', 'Mac OS X', '1', '验证码已失效', '2022-11-19 15:28:44');
INSERT INTO `sys_logininfor` VALUES (134, '邓周明', '127.0.0.1', '内网IP', 'Chrome 10', 'Mac OS X', '0', '登录成功', '2022-11-19 15:28:48');
INSERT INTO `sys_logininfor` VALUES (135, '邓周明', '127.0.0.1', '内网IP', 'Chrome 10', 'Mac OS X', '0', '退出成功', '2022-11-19 15:29:29');
INSERT INTO `sys_logininfor` VALUES (136, 'admin', '127.0.0.1', '内网IP', 'Chrome 10', 'Mac OS X', '0', '登录成功', '2022-11-19 15:29:40');
INSERT INTO `sys_logininfor` VALUES (137, 'admin', '127.0.0.1', '内网IP', 'Chrome 10', 'Mac OS X', '0', '退出成功', '2022-11-19 16:46:37');
INSERT INTO `sys_logininfor` VALUES (138, '邓周明', '127.0.0.1', '内网IP', 'Chrome 10', 'Mac OS X', '0', '登录成功', '2022-11-19 16:46:43');
INSERT INTO `sys_logininfor` VALUES (139, 'admin', '127.0.0.1', '内网IP', 'Chrome 10', 'Mac OS X', '1', '验证码已失效', '2022-11-19 17:10:08');
INSERT INTO `sys_logininfor` VALUES (140, 'admin', '127.0.0.1', '内网IP', 'Chrome 10', 'Mac OS X', '0', '登录成功', '2022-11-19 17:10:13');
INSERT INTO `sys_logininfor` VALUES (141, 'admin', '127.0.0.1', '内网IP', 'Chrome 10', 'Mac OS X', '1', '验证码错误', '2022-11-20 14:05:18');
INSERT INTO `sys_logininfor` VALUES (142, 'admin', '127.0.0.1', '内网IP', 'Chrome 10', 'Mac OS X', '1', '验证码错误', '2022-11-20 14:05:31');
INSERT INTO `sys_logininfor` VALUES (143, 'admin', '127.0.0.1', '内网IP', 'Chrome 10', 'Mac OS X', '0', '登录成功', '2022-11-20 14:05:34');
INSERT INTO `sys_logininfor` VALUES (144, 'admin', '127.0.0.1', '内网IP', 'Chrome 10', 'Mac OS X', '0', '退出成功', '2022-11-20 14:33:51');
INSERT INTO `sys_logininfor` VALUES (145, '邓周明', '127.0.0.1', '内网IP', 'Chrome 10', 'Mac OS X', '0', '登录成功', '2022-11-20 14:34:00');
INSERT INTO `sys_logininfor` VALUES (146, '邓周明', '127.0.0.1', '内网IP', 'Chrome 10', 'Mac OS X', '0', '退出成功', '2022-11-20 14:34:35');
INSERT INTO `sys_logininfor` VALUES (147, 'admin', '127.0.0.1', '内网IP', 'Chrome 10', 'Mac OS X', '0', '登录成功', '2022-11-20 14:34:44');
INSERT INTO `sys_logininfor` VALUES (148, '邓周明', '127.0.0.1', '内网IP', 'Chrome 10', 'Windows 10', '0', '退出成功', '2022-11-20 14:53:58');
INSERT INTO `sys_logininfor` VALUES (149, '邓周明', '127.0.0.1', '内网IP', 'Chrome 10', 'Windows 10', '1', '验证码错误', '2022-11-20 14:54:03');
INSERT INTO `sys_logininfor` VALUES (150, '邓周明', '127.0.0.1', '内网IP', 'Chrome 10', 'Windows 10', '0', '登录成功', '2022-11-20 14:54:08');
INSERT INTO `sys_logininfor` VALUES (151, 'admin', '127.0.0.1', '内网IP', 'Chrome 10', 'Mac OS X', '0', '退出成功', '2022-11-20 14:54:11');
INSERT INTO `sys_logininfor` VALUES (152, '邓周明', '127.0.0.1', '内网IP', 'Chrome 10', 'Mac OS X', '0', '登录成功', '2022-11-20 14:54:18');
INSERT INTO `sys_logininfor` VALUES (153, '邓周明', '127.0.0.1', '内网IP', 'Chrome 10', 'Windows 10', '0', '登录成功', '2022-11-20 18:02:24');
INSERT INTO `sys_logininfor` VALUES (154, '邓周明', '127.0.0.1', '内网IP', 'Chrome 10', 'Windows 10', '0', '登录成功', '2022-11-20 18:02:36');
INSERT INTO `sys_logininfor` VALUES (155, '邓周明', '127.0.0.1', '内网IP', 'Chrome 10', 'Windows 10', '0', '登录成功', '2022-11-20 18:53:32');
INSERT INTO `sys_logininfor` VALUES (156, 'admin', '127.0.0.1', '内网IP', 'Chrome 10', 'Mac OS X', '0', '登录成功', '2022-11-24 01:47:11');
INSERT INTO `sys_logininfor` VALUES (157, '邓周明', '127.0.0.1', '内网IP', 'Chrome 10', 'Windows 10', '0', '登录成功', '2022-11-24 20:59:41');
INSERT INTO `sys_logininfor` VALUES (158, '邓周明', '127.0.0.1', '内网IP', 'Chrome 10', 'Windows 10', '1', '密码输入错误1次', '2022-11-25 09:24:39');
INSERT INTO `sys_logininfor` VALUES (159, '邓周明', '127.0.0.1', '内网IP', 'Chrome 10', 'Windows 10', '1', '用户不存在/密码错误', '2022-11-25 09:24:39');
INSERT INTO `sys_logininfor` VALUES (160, '邓周明', '127.0.0.1', '内网IP', 'Chrome 10', 'Windows 10', '1', '密码输入错误2次', '2022-11-25 09:24:57');
INSERT INTO `sys_logininfor` VALUES (161, '邓周明', '127.0.0.1', '内网IP', 'Chrome 10', 'Windows 10', '1', '用户不存在/密码错误', '2022-11-25 09:24:57');
INSERT INTO `sys_logininfor` VALUES (162, '邓周明', '127.0.0.1', '内网IP', 'Chrome 10', 'Windows 10', '1', '验证码错误', '2022-11-25 09:25:22');
INSERT INTO `sys_logininfor` VALUES (163, '邓周明', '127.0.0.1', '内网IP', 'Chrome 10', 'Windows 10', '1', '用户不存在/密码错误', '2022-11-25 09:25:31');
INSERT INTO `sys_logininfor` VALUES (164, '邓周明', '127.0.0.1', '内网IP', 'Chrome 10', 'Windows 10', '1', '密码输入错误3次', '2022-11-25 09:25:31');
INSERT INTO `sys_logininfor` VALUES (165, '邓周明', '127.0.0.1', '内网IP', 'Chrome 10', 'Windows 10', '1', '验证码已失效', '2022-11-25 09:29:44');
INSERT INTO `sys_logininfor` VALUES (166, '邓周明', '127.0.0.1', '内网IP', 'Chrome 10', 'Windows 10', '0', '登录成功', '2022-11-25 09:29:50');
INSERT INTO `sys_logininfor` VALUES (167, 'admin', '127.0.0.1', '内网IP', 'Chrome 10', 'Mac OS X', '0', '登录成功', '2022-11-25 20:53:00');
INSERT INTO `sys_logininfor` VALUES (168, 'admin', '127.0.0.1', '内网IP', 'Chrome 10', 'Mac OS X', '0', '退出成功', '2022-11-25 20:57:35');
INSERT INTO `sys_logininfor` VALUES (169, '邓周明', '127.0.0.1', '内网IP', 'Chrome 10', 'Mac OS X', '0', '登录成功', '2022-11-25 20:57:42');
INSERT INTO `sys_logininfor` VALUES (170, '邓周明', '127.0.0.1', '内网IP', 'Chrome 10', 'Mac OS X', '0', '退出成功', '2022-11-25 20:58:11');
INSERT INTO `sys_logininfor` VALUES (171, 'admin', '127.0.0.1', '内网IP', 'Chrome 10', 'Mac OS X', '0', '登录成功', '2022-11-25 20:58:18');
INSERT INTO `sys_logininfor` VALUES (172, 'admin', '127.0.0.1', '内网IP', 'Chrome 10', 'Mac OS X', '0', '登录成功', '2022-11-25 22:27:11');
INSERT INTO `sys_logininfor` VALUES (173, 'admin', '127.0.0.1', '内网IP', 'Chrome 10', 'Mac OS X', '0', '退出成功', '2022-11-25 23:54:05');
INSERT INTO `sys_logininfor` VALUES (174, 'admin', '127.0.0.1', '内网IP', 'Chrome 10', 'Mac OS X', '0', '登录成功', '2022-11-25 23:54:12');
INSERT INTO `sys_logininfor` VALUES (175, 'admin', '127.0.0.1', '内网IP', 'Chrome 10', 'Windows 10', '0', '登录成功', '2022-12-02 10:18:19');
INSERT INTO `sys_logininfor` VALUES (176, 'admin', '127.0.0.1', '内网IP', 'Chrome 10', 'Windows 10', '0', '退出成功', '2022-12-02 10:39:53');
INSERT INTO `sys_logininfor` VALUES (177, '邓周明', '127.0.0.1', '内网IP', 'Chrome 10', 'Windows 10', '0', '登录成功', '2022-12-02 10:40:05');
INSERT INTO `sys_logininfor` VALUES (178, '邓周明', '127.0.0.1', '内网IP', 'Chrome 10', 'Windows 10', '0', '退出成功', '2022-12-02 10:43:22');
INSERT INTO `sys_logininfor` VALUES (179, 'admin', '127.0.0.1', '内网IP', 'Chrome 10', 'Windows 10', '0', '登录成功', '2022-12-02 10:43:30');
INSERT INTO `sys_logininfor` VALUES (180, 'admin', '127.0.0.1', '内网IP', 'Chrome 10', 'Windows 10', '0', '退出成功', '2022-12-02 10:44:19');
INSERT INTO `sys_logininfor` VALUES (181, '邓周明', '127.0.0.1', '内网IP', 'Chrome 10', 'Windows 10', '0', '登录成功', '2022-12-02 10:44:28');
INSERT INTO `sys_logininfor` VALUES (182, '邓周明', '127.0.0.1', '内网IP', 'Chrome 10', 'Windows 10', '0', '登录成功', '2022-12-02 11:13:17');
INSERT INTO `sys_logininfor` VALUES (183, '邓周明', '127.0.0.1', '内网IP', 'Chrome 10', 'Windows 10', '0', '登录成功', '2022-12-02 13:36:11');
INSERT INTO `sys_logininfor` VALUES (184, '邓周明', '127.0.0.1', '内网IP', 'Chrome 10', 'Windows 10', '1', '验证码错误', '2022-12-02 15:22:55');
INSERT INTO `sys_logininfor` VALUES (185, '邓周明', '127.0.0.1', '内网IP', 'Chrome 10', 'Windows 10', '0', '登录成功', '2022-12-02 15:22:58');
INSERT INTO `sys_logininfor` VALUES (186, '邓周明', '127.0.0.1', '内网IP', 'Chrome 10', 'Windows 10', '0', '退出成功', '2022-12-02 15:35:04');
INSERT INTO `sys_logininfor` VALUES (187, '邓周明', '127.0.0.1', '内网IP', 'Chrome 10', 'Windows 10', '0', '登录成功', '2022-12-02 15:35:08');
INSERT INTO `sys_logininfor` VALUES (188, '邓周明', '127.0.0.1', '内网IP', 'Chrome 10', 'Windows 10', '0', '退出成功', '2022-12-02 15:35:13');
INSERT INTO `sys_logininfor` VALUES (189, 'admin', '127.0.0.1', '内网IP', 'Chrome 10', 'Windows 10', '0', '登录成功', '2022-12-02 15:35:20');
INSERT INTO `sys_logininfor` VALUES (190, 'admin', '127.0.0.1', '内网IP', 'Chrome 10', 'Windows 10', '0', '退出成功', '2022-12-02 15:51:57');
INSERT INTO `sys_logininfor` VALUES (191, '邓周明', '127.0.0.1', '内网IP', 'Chrome 10', 'Windows 10', '0', '登录成功', '2022-12-02 15:52:07');
INSERT INTO `sys_logininfor` VALUES (192, '邓周明', '127.0.0.1', '内网IP', 'Chrome 10', 'Windows 10', '0', '退出成功', '2022-12-02 15:53:07');
INSERT INTO `sys_logininfor` VALUES (193, 'admin', '127.0.0.1', '内网IP', 'Chrome 10', 'Windows 10', '0', '登录成功', '2022-12-02 15:53:15');
INSERT INTO `sys_logininfor` VALUES (194, 'admin', '127.0.0.1', '内网IP', 'Chrome 10', 'Windows 10', '0', '退出成功', '2022-12-02 15:55:40');
INSERT INTO `sys_logininfor` VALUES (195, '邓周明', '127.0.0.1', '内网IP', 'Chrome 10', 'Windows 10', '0', '登录成功', '2022-12-02 15:55:52');
INSERT INTO `sys_logininfor` VALUES (196, '邓周明', '127.0.0.1', '内网IP', 'Chrome 10', 'Windows 10', '0', '退出成功', '2022-12-02 15:59:01');
INSERT INTO `sys_logininfor` VALUES (197, '邓周明', '127.0.0.1', '内网IP', 'Chrome 10', 'Windows 10', '0', '登录成功', '2022-12-02 15:59:07');
INSERT INTO `sys_logininfor` VALUES (198, '邓周明', '127.0.0.1', '内网IP', 'Chrome 10', 'Windows 10', '0', '退出成功', '2022-12-02 16:00:06');
INSERT INTO `sys_logininfor` VALUES (199, 'admin', '127.0.0.1', '内网IP', 'Chrome 10', 'Windows 10', '0', '登录成功', '2022-12-02 16:00:14');
INSERT INTO `sys_logininfor` VALUES (200, 'admin', '127.0.0.1', '内网IP', 'Chrome 10', 'Windows 10', '0', '退出成功', '2022-12-02 16:03:23');
INSERT INTO `sys_logininfor` VALUES (201, 'zhou', '127.0.0.1', '内网IP', 'Chrome 10', 'Windows 10', '0', '登录成功', '2022-12-02 16:03:40');
INSERT INTO `sys_logininfor` VALUES (202, 'zhou', '127.0.0.1', '内网IP', 'Chrome 10', 'Windows 10', '0', '退出成功', '2022-12-02 16:04:38');
INSERT INTO `sys_logininfor` VALUES (203, 'admin', '127.0.0.1', '内网IP', 'Chrome 10', 'Windows 10', '0', '登录成功', '2022-12-02 16:04:50');
INSERT INTO `sys_logininfor` VALUES (204, 'admin', '127.0.0.1', '内网IP', 'Chrome 10', 'Windows 10', '0', '登录成功', '2022-12-02 16:25:26');
INSERT INTO `sys_logininfor` VALUES (205, 'admin', '127.0.0.1', '内网IP', 'Chrome 10', 'Windows 10', '0', '登录成功', '2022-12-02 16:56:34');
INSERT INTO `sys_logininfor` VALUES (206, 'admin', '127.0.0.1', '内网IP', 'Chrome 10', 'Windows 10', '1', '验证码错误', '2022-12-02 19:58:42');
INSERT INTO `sys_logininfor` VALUES (207, 'admin', '127.0.0.1', '内网IP', 'Chrome 10', 'Windows 10', '0', '登录成功', '2022-12-02 19:58:47');
INSERT INTO `sys_logininfor` VALUES (208, 'admin', '127.0.0.1', '内网IP', 'Chrome 10', 'Windows 10', '0', '登录成功', '2022-12-03 09:07:41');
INSERT INTO `sys_logininfor` VALUES (209, 'admin', '127.0.0.1', '内网IP', 'Chrome 10', 'Windows 10', '0', '登录成功', '2022-12-03 11:44:48');
INSERT INTO `sys_logininfor` VALUES (210, 'admin', '127.0.0.1', '内网IP', 'Chrome 10', 'Windows 10', '0', '登录成功', '2022-12-03 12:27:07');
INSERT INTO `sys_logininfor` VALUES (211, 'admin', '127.0.0.1', '内网IP', 'Chrome 10', 'Windows 10', '0', '登录成功', '2022-12-03 16:02:54');
INSERT INTO `sys_logininfor` VALUES (212, 'admin', '127.0.0.1', '内网IP', 'Chrome 10', 'Windows 10', '0', '登录成功', '2022-12-03 17:30:56');
INSERT INTO `sys_logininfor` VALUES (213, 'admin', '127.0.0.1', '内网IP', 'Chrome 10', 'Windows 10', '0', '登录成功', '2022-12-04 09:00:09');
INSERT INTO `sys_logininfor` VALUES (214, 'admin', '127.0.0.1', '内网IP', 'Chrome 10', 'Windows 10', '0', '登录成功', '2022-12-04 11:14:32');
INSERT INTO `sys_logininfor` VALUES (215, 'admin', '127.0.0.1', '内网IP', 'Chrome 10', 'Windows 10', '0', '登录成功', '2022-12-04 12:14:54');
INSERT INTO `sys_logininfor` VALUES (216, 'admin', '127.0.0.1', '内网IP', 'Chrome 10', 'Windows 10', '0', '退出成功', '2022-12-04 12:28:27');
INSERT INTO `sys_logininfor` VALUES (217, 'admin', '127.0.0.1', '内网IP', 'Chrome 10', 'Windows 10', '0', '登录成功', '2022-12-04 12:29:50');
INSERT INTO `sys_logininfor` VALUES (218, 'admin', '127.0.0.1', '内网IP', 'Chrome 10', 'Windows 10', '0', '退出成功', '2022-12-04 12:31:38');
INSERT INTO `sys_logininfor` VALUES (219, 'admin', '127.0.0.1', '内网IP', 'Chrome 10', 'Windows 10', '0', '登录成功', '2022-12-04 12:32:30');
INSERT INTO `sys_logininfor` VALUES (220, 'admin', '127.0.0.1', '内网IP', 'Chrome 10', 'Windows 10', '0', '登录成功', '2022-12-04 18:07:35');
INSERT INTO `sys_logininfor` VALUES (221, 'admin', '127.0.0.1', '内网IP', 'Chrome 10', 'Windows 10', '0', '退出成功', '2022-12-04 18:55:00');
INSERT INTO `sys_logininfor` VALUES (222, '邓周明', '127.0.0.1', '内网IP', 'Chrome 10', 'Windows 10', '0', '登录成功', '2022-12-04 18:55:12');
INSERT INTO `sys_logininfor` VALUES (223, '邓周明', '127.0.0.1', '内网IP', 'Chrome 10', 'Windows 10', '0', '退出成功', '2022-12-04 18:55:57');
INSERT INTO `sys_logininfor` VALUES (224, 'admin', '127.0.0.1', '内网IP', 'Chrome 10', 'Windows 10', '0', '登录成功', '2022-12-04 18:56:05');
INSERT INTO `sys_logininfor` VALUES (225, 'admin', '127.0.0.1', '内网IP', 'Chrome 10', 'Windows 10', '0', '退出成功', '2022-12-04 18:57:39');
INSERT INTO `sys_logininfor` VALUES (226, 'admin', '127.0.0.1', '内网IP', 'Chrome 10', 'Windows 10', '0', '登录成功', '2022-12-04 18:57:47');
INSERT INTO `sys_logininfor` VALUES (227, 'admin', '127.0.0.1', '内网IP', 'Chrome 10', 'Windows 10', '0', '退出成功', '2022-12-04 18:58:13');
INSERT INTO `sys_logininfor` VALUES (228, '邓周明', '127.0.0.1', '内网IP', 'Chrome 10', 'Windows 10', '0', '登录成功', '2022-12-04 18:58:26');
INSERT INTO `sys_logininfor` VALUES (229, '邓周明', '127.0.0.1', '内网IP', 'Chrome 10', 'Windows 10', '0', '退出成功', '2022-12-04 19:10:08');
INSERT INTO `sys_logininfor` VALUES (230, '邓周明', '127.0.0.1', '内网IP', 'Chrome 10', 'Windows 10', '0', '登录成功', '2022-12-04 19:10:13');
INSERT INTO `sys_logininfor` VALUES (231, '邓周明', '127.0.0.1', '内网IP', 'Chrome 10', 'Windows 10', '0', '退出成功', '2022-12-04 19:10:39');
INSERT INTO `sys_logininfor` VALUES (232, '邓周明', '127.0.0.1', '内网IP', 'Chrome 10', 'Windows 10', '1', '验证码已失效', '2022-12-04 19:17:18');
INSERT INTO `sys_logininfor` VALUES (233, '邓周明', '127.0.0.1', '内网IP', 'Chrome 10', 'Windows 10', '0', '登录成功', '2022-12-04 19:17:22');
INSERT INTO `sys_logininfor` VALUES (234, '邓周明', '127.0.0.1', '内网IP', 'Chrome 10', 'Windows 10', '0', '退出成功', '2022-12-04 19:21:22');
INSERT INTO `sys_logininfor` VALUES (235, 'admin', '127.0.0.1', '内网IP', 'Chrome 10', 'Windows 10', '0', '登录成功', '2022-12-04 19:21:30');
INSERT INTO `sys_logininfor` VALUES (236, 'admin', '127.0.0.1', '内网IP', 'Chrome 10', 'Windows 10', '0', '退出成功', '2022-12-04 19:21:42');
INSERT INTO `sys_logininfor` VALUES (237, '邓周明', '127.0.0.1', '内网IP', 'Chrome 10', 'Windows 10', '0', '登录成功', '2022-12-04 19:22:36');
INSERT INTO `sys_logininfor` VALUES (238, '邓周明', '127.0.0.1', '内网IP', 'Chrome 10', 'Windows 10', '0', '退出成功', '2022-12-04 19:22:48');
INSERT INTO `sys_logininfor` VALUES (239, '邓周明', '127.0.0.1', '内网IP', 'Chrome 10', 'Windows 10', '1', '验证码已失效', '2022-12-04 19:33:00');
INSERT INTO `sys_logininfor` VALUES (240, '邓周明', '127.0.0.1', '内网IP', 'Chrome 10', 'Windows 10', '0', '登录成功', '2022-12-04 19:33:06');
INSERT INTO `sys_logininfor` VALUES (241, '邓周明', '127.0.0.1', '内网IP', 'Chrome 10', 'Windows 10', '0', '登录成功', '2022-12-04 21:50:13');
INSERT INTO `sys_logininfor` VALUES (242, '邓周明', '127.0.0.1', '内网IP', 'Chrome 10', 'Windows 10', '0', '退出成功', '2022-12-04 21:51:37');
INSERT INTO `sys_logininfor` VALUES (243, 'admin', '127.0.0.1', '内网IP', 'Chrome 10', 'Windows 10', '0', '登录成功', '2022-12-04 21:51:47');
INSERT INTO `sys_logininfor` VALUES (244, 'admin', '127.0.0.1', '内网IP', 'Chrome 10', 'Windows 10', '0', '登录成功', '2022-12-04 21:54:51');
INSERT INTO `sys_logininfor` VALUES (245, 'admin', '127.0.0.1', '内网IP', 'Chrome 10', 'Windows 10', '1', '验证码错误', '2022-12-05 10:51:33');
INSERT INTO `sys_logininfor` VALUES (246, 'admin', '127.0.0.1', '内网IP', 'Chrome 10', 'Windows 10', '1', '验证码错误', '2022-12-05 10:51:34');
INSERT INTO `sys_logininfor` VALUES (247, 'admin', '127.0.0.1', '内网IP', 'Chrome 10', 'Windows 10', '0', '登录成功', '2022-12-05 10:51:38');

-- ----------------------------
-- Table structure for sys_menu
-- ----------------------------
DROP TABLE IF EXISTS `sys_menu`;
CREATE TABLE `sys_menu`  (
  `menu_id` bigint NOT NULL AUTO_INCREMENT COMMENT '菜单ID',
  `menu_name` varchar(50) CHARACTER SET utf8 COLLATE utf8_general_ci NOT NULL COMMENT '菜单名称',
  `parent_id` bigint NULL DEFAULT 0 COMMENT '父菜单ID',
  `order_num` int NULL DEFAULT 0 COMMENT '显示顺序',
  `path` varchar(200) CHARACTER SET utf8 COLLATE utf8_general_ci NULL DEFAULT '' COMMENT '路由地址',
  `component` varchar(255) CHARACTER SET utf8 COLLATE utf8_general_ci NULL DEFAULT NULL COMMENT '组件路径',
  `query` varchar(255) CHARACTER SET utf8 COLLATE utf8_general_ci NULL DEFAULT NULL COMMENT '路由参数',
  `is_frame` int NULL DEFAULT 1 COMMENT '是否为外链（0是 1否）',
  `is_cache` int NULL DEFAULT 0 COMMENT '是否缓存（0缓存 1不缓存）',
  `menu_type` char(1) CHARACTER SET utf8 COLLATE utf8_general_ci NULL DEFAULT '' COMMENT '菜单类型（M目录 C菜单 F按钮）',
  `visible` char(1) CHARACTER SET utf8 COLLATE utf8_general_ci NULL DEFAULT '0' COMMENT '菜单状态（0显示 1隐藏）',
  `status` char(1) CHARACTER SET utf8 COLLATE utf8_general_ci NULL DEFAULT '0' COMMENT '菜单状态（0正常 1停用）',
  `perms` varchar(100) CHARACTER SET utf8 COLLATE utf8_general_ci NULL DEFAULT NULL COMMENT '权限标识',
  `icon` varchar(100) CHARACTER SET utf8 COLLATE utf8_general_ci NULL DEFAULT '#' COMMENT '菜单图标',
  `create_by` varchar(64) CHARACTER SET utf8 COLLATE utf8_general_ci NULL DEFAULT '' COMMENT '创建者',
  `create_time` datetime NULL DEFAULT NULL COMMENT '创建时间',
  `update_by` varchar(64) CHARACTER SET utf8 COLLATE utf8_general_ci NULL DEFAULT '' COMMENT '更新者',
  `update_time` datetime NULL DEFAULT NULL COMMENT '更新时间',
  `remark` varchar(500) CHARACTER SET utf8 COLLATE utf8_general_ci NULL DEFAULT '' COMMENT '备注',
  PRIMARY KEY (`menu_id`) USING BTREE
) ENGINE = InnoDB AUTO_INCREMENT = 2070 CHARACTER SET = utf8 COLLATE = utf8_general_ci COMMENT = '菜单权限表' ROW_FORMAT = Dynamic;

-- ----------------------------
-- Records of sys_menu
-- ----------------------------
INSERT INTO `sys_menu` VALUES (1, '学校事务管理', 0, 2, 'system', NULL, '', 1, 0, 'M', '0', '0', '', 'system', 'admin', '2022-11-13 20:38:53', 'admin', '2022-11-14 22:13:38', '系统管理目录');
INSERT INTO `sys_menu` VALUES (2, '系统监控', 0, 13, 'monitor', NULL, '', 1, 0, 'M', '0', '0', '', 'monitor', 'admin', '2022-11-13 20:38:53', 'admin', '2022-12-02 10:36:41', '系统监控目录');
INSERT INTO `sys_menu` VALUES (3, '系统工具', 0, 14, 'tool', NULL, '', 1, 0, 'M', '0', '0', '', 'tool', 'admin', '2022-11-13 20:38:53', 'admin', '2022-12-02 10:36:34', '系统工具目录');
INSERT INTO `sys_menu` VALUES (4, '学校官网', 0, 12, 'http://www.elnu.edu.cn', NULL, '', 0, 0, 'M', '0', '0', '', 'guide', 'admin', '2022-11-13 20:38:53', '邓周明', '2022-12-02 10:42:57', '若依官网地址');
INSERT INTO `sys_menu` VALUES (100, '用户管理', 1, 1, 'user', 'system/user/index', '', 1, 0, 'C', '0', '0', 'system:user:list', 'user', 'admin', '2022-11-13 20:38:53', 'admin', '2022-11-17 00:05:01', '用户管理菜单');
INSERT INTO `sys_menu` VALUES (101, '权限管理', 1, 2, 'role', 'system/role/index', '', 1, 0, 'C', '0', '0', 'system:role:list', 'peoples', 'admin', '2022-11-13 20:38:53', 'admin', '2022-12-02 10:36:00', '角色管理菜单');
INSERT INTO `sys_menu` VALUES (102, '菜单管理', 1, 3, 'menu', 'system/menu/index', '', 1, 0, 'C', '0', '0', 'system:menu:list', 'tree-table', 'admin', '2022-11-13 20:38:53', 'admin', '2022-11-17 00:04:45', '菜单管理菜单');
INSERT INTO `sys_menu` VALUES (103, '部门管理', 1, 4, 'dept', 'system/dept/index', '', 1, 0, 'C', '0', '0', 'system:dept:list', 'tree', 'admin', '2022-11-13 20:38:53', 'admin', '2022-12-03 09:21:53', '部门管理菜单');
INSERT INTO `sys_menu` VALUES (104, '岗位管理', 1, 5, 'post', 'system/post/index', '', 1, 0, 'C', '1', '0', 'system:post:list', 'post', 'admin', '2022-11-13 20:38:53', 'admin', '2022-12-03 09:22:09', '岗位管理菜单');
INSERT INTO `sys_menu` VALUES (105, '字典管理', 1, 6, 'dict', 'system/dict/index', '', 1, 0, 'C', '0', '0', 'system:dict:list', 'dict', 'admin', '2022-11-13 20:38:53', '', NULL, '字典管理菜单');
INSERT INTO `sys_menu` VALUES (106, '参数设置', 1, 7, 'config', 'system/config/index', '', 1, 0, 'C', '1', '0', 'system:config:list', 'edit', 'admin', '2022-11-13 20:38:53', 'admin', '2022-12-03 09:21:31', '参数设置菜单');
INSERT INTO `sys_menu` VALUES (107, '公告管理', 0, 7, 'notice', 'system/notice/index', '', 1, 0, 'C', '0', '0', 'system:notice:list', 'date', 'admin', '2022-11-13 20:38:53', '邓周明', '2022-12-02 15:34:45', '通知公告菜单');
INSERT INTO `sys_menu` VALUES (108, '日志管理', 1, 9, 'log', '', '', 1, 0, 'M', '1', '0', '', 'log', 'admin', '2022-11-13 20:38:53', 'admin', '2022-12-03 09:21:38', '日志管理菜单');
INSERT INTO `sys_menu` VALUES (109, '在线用户', 2, 1, 'online', 'monitor/online/index', '', 1, 0, 'C', '0', '0', 'monitor:online:list', 'online', 'admin', '2022-11-13 20:38:53', '', NULL, '在线用户菜单');
INSERT INTO `sys_menu` VALUES (110, '定时任务', 2, 2, 'job', 'monitor/job/index', '', 1, 0, 'C', '0', '0', 'monitor:job:list', 'job', 'admin', '2022-11-13 20:38:53', '', NULL, '定时任务菜单');
INSERT INTO `sys_menu` VALUES (111, '数据监控', 2, 3, 'druid', 'monitor/druid/index', '', 1, 0, 'C', '0', '0', 'monitor:druid:list', 'druid', 'admin', '2022-11-13 20:38:53', '', NULL, '数据监控菜单');
INSERT INTO `sys_menu` VALUES (112, '服务监控', 2, 4, 'server', 'monitor/server/index', '', 1, 0, 'C', '0', '0', 'monitor:server:list', 'server', 'admin', '2022-11-13 20:38:53', '', NULL, '服务监控菜单');
INSERT INTO `sys_menu` VALUES (113, '缓存监控', 2, 5, 'cache', 'monitor/cache/index', '', 1, 0, 'C', '0', '0', 'monitor:cache:list', 'redis', 'admin', '2022-11-13 20:38:53', '', NULL, '缓存监控菜单');
INSERT INTO `sys_menu` VALUES (114, '缓存列表', 2, 6, 'cacheList', 'monitor/cache/list', '', 1, 0, 'C', '0', '0', 'monitor:cache:list', 'redis-list', 'admin', '2022-11-13 20:38:53', '', NULL, '缓存列表菜单');
INSERT INTO `sys_menu` VALUES (115, '表单构建', 3, 1, 'build', 'tool/build/index', '', 1, 0, 'C', '0', '0', 'tool:build:list', 'build', 'admin', '2022-11-13 20:38:53', '', NULL, '表单构建菜单');
INSERT INTO `sys_menu` VALUES (116, '数据配置', 3, 2, 'gen', 'tool/gen/index', '', 1, 0, 'C', '0', '0', 'tool:gen:list', 'code', 'admin', '2022-11-13 20:38:53', 'admin', '2022-11-19 17:12:08', '代码生成菜单');
INSERT INTO `sys_menu` VALUES (117, '系统接口', 3, 3, 'swagger', 'tool/swagger/index', '', 1, 0, 'C', '0', '0', 'tool:swagger:list', 'swagger', 'admin', '2022-11-13 20:38:53', '', NULL, '系统接口菜单');
INSERT INTO `sys_menu` VALUES (500, '操作日志', 108, 1, 'operlog', 'monitor/operlog/index', '', 1, 0, 'C', '0', '0', 'monitor:operlog:list', 'form', 'admin', '2022-11-13 20:38:53', '', NULL, '操作日志菜单');
INSERT INTO `sys_menu` VALUES (501, '登录日志', 108, 2, 'logininfor', 'monitor/logininfor/index', '', 1, 0, 'C', '0', '0', 'monitor:logininfor:list', 'logininfor', 'admin', '2022-11-13 20:38:53', '', NULL, '登录日志菜单');
INSERT INTO `sys_menu` VALUES (1000, '用户查询', 100, 1, '', '', '', 1, 0, 'F', '0', '0', 'system:user:query', '#', 'admin', '2022-11-13 20:38:53', '', NULL, '');
INSERT INTO `sys_menu` VALUES (1001, '用户新增', 100, 2, '', '', '', 1, 0, 'F', '0', '0', 'system:user:add', '#', 'admin', '2022-11-13 20:38:53', '', NULL, '');
INSERT INTO `sys_menu` VALUES (1002, '用户修改', 100, 3, '', '', '', 1, 0, 'F', '0', '0', 'system:user:edit', '#', 'admin', '2022-11-13 20:38:53', '', NULL, '');
INSERT INTO `sys_menu` VALUES (1003, '用户删除', 100, 4, '', '', '', 1, 0, 'F', '0', '0', 'system:user:remove', '#', 'admin', '2022-11-13 20:38:53', '', NULL, '');
INSERT INTO `sys_menu` VALUES (1004, '用户导出', 100, 5, '', '', '', 1, 0, 'F', '0', '0', 'system:user:export', '#', 'admin', '2022-11-13 20:38:53', '', NULL, '');
INSERT INTO `sys_menu` VALUES (1005, '用户导入', 100, 6, '', '', '', 1, 0, 'F', '0', '0', 'system:user:import', '#', 'admin', '2022-11-13 20:38:53', '', NULL, '');
INSERT INTO `sys_menu` VALUES (1006, '重置密码', 100, 7, '', '', '', 1, 0, 'F', '0', '0', 'system:user:resetPwd', '#', 'admin', '2022-11-13 20:38:53', '', NULL, '');
INSERT INTO `sys_menu` VALUES (1007, '角色查询', 101, 1, '', '', '', 1, 0, 'F', '0', '0', 'system:role:query', '#', 'admin', '2022-11-13 20:38:53', '', NULL, '');
INSERT INTO `sys_menu` VALUES (1008, '角色新增', 101, 2, '', '', '', 1, 0, 'F', '0', '0', 'system:role:add', '#', 'admin', '2022-11-13 20:38:53', '', NULL, '');
INSERT INTO `sys_menu` VALUES (1009, '角色修改', 101, 3, '', '', '', 1, 0, 'F', '0', '0', 'system:role:edit', '#', 'admin', '2022-11-13 20:38:53', '', NULL, '');
INSERT INTO `sys_menu` VALUES (1010, '角色删除', 101, 4, '', '', '', 1, 0, 'F', '0', '0', 'system:role:remove', '#', 'admin', '2022-11-13 20:38:53', '', NULL, '');
INSERT INTO `sys_menu` VALUES (1011, '角色导出', 101, 5, '', '', '', 1, 0, 'F', '0', '0', 'system:role:export', '#', 'admin', '2022-11-13 20:38:53', '', NULL, '');
INSERT INTO `sys_menu` VALUES (1012, '菜单查询', 102, 1, '', '', '', 1, 0, 'F', '0', '0', 'system:menu:query', '#', 'admin', '2022-11-13 20:38:53', '', NULL, '');
INSERT INTO `sys_menu` VALUES (1013, '菜单新增', 102, 2, '', '', '', 1, 0, 'F', '0', '0', 'system:menu:add', '#', 'admin', '2022-11-13 20:38:53', '', NULL, '');
INSERT INTO `sys_menu` VALUES (1014, '菜单修改', 102, 3, '', '', '', 1, 0, 'F', '0', '0', 'system:menu:edit', '#', 'admin', '2022-11-13 20:38:53', '', NULL, '');
INSERT INTO `sys_menu` VALUES (1015, '菜单删除', 102, 4, '', '', '', 1, 0, 'F', '0', '0', 'system:menu:remove', '#', 'admin', '2022-11-13 20:38:53', '', NULL, '');
INSERT INTO `sys_menu` VALUES (1016, '部门查询', 103, 1, '', '', '', 1, 0, 'F', '0', '0', 'system:dept:query', '#', 'admin', '2022-11-13 20:38:53', '', NULL, '');
INSERT INTO `sys_menu` VALUES (1017, '部门新增', 103, 2, '', '', '', 1, 0, 'F', '0', '0', 'system:dept:add', '#', 'admin', '2022-11-13 20:38:53', '', NULL, '');
INSERT INTO `sys_menu` VALUES (1018, '部门修改', 103, 3, '', '', '', 1, 0, 'F', '0', '0', 'system:dept:edit', '#', 'admin', '2022-11-13 20:38:53', '', NULL, '');
INSERT INTO `sys_menu` VALUES (1019, '部门删除', 103, 4, '', '', '', 1, 0, 'F', '0', '0', 'system:dept:remove', '#', 'admin', '2022-11-13 20:38:53', '', NULL, '');
INSERT INTO `sys_menu` VALUES (1020, '岗位查询', 104, 1, '', '', '', 1, 0, 'F', '0', '0', 'system:post:query', '#', 'admin', '2022-11-13 20:38:53', '', NULL, '');
INSERT INTO `sys_menu` VALUES (1021, '岗位新增', 104, 2, '', '', '', 1, 0, 'F', '0', '0', 'system:post:add', '#', 'admin', '2022-11-13 20:38:53', '', NULL, '');
INSERT INTO `sys_menu` VALUES (1022, '岗位修改', 104, 3, '', '', '', 1, 0, 'F', '0', '0', 'system:post:edit', '#', 'admin', '2022-11-13 20:38:53', '', NULL, '');
INSERT INTO `sys_menu` VALUES (1023, '岗位删除', 104, 4, '', '', '', 1, 0, 'F', '0', '0', 'system:post:remove', '#', 'admin', '2022-11-13 20:38:53', '', NULL, '');
INSERT INTO `sys_menu` VALUES (1024, '岗位导出', 104, 5, '', '', '', 1, 0, 'F', '0', '0', 'system:post:export', '#', 'admin', '2022-11-13 20:38:53', '', NULL, '');
INSERT INTO `sys_menu` VALUES (1025, '字典查询', 105, 1, '#', '', '', 1, 0, 'F', '0', '0', 'system:dict:query', '#', 'admin', '2022-11-13 20:38:53', '', NULL, '');
INSERT INTO `sys_menu` VALUES (1026, '字典新增', 105, 2, '#', '', '', 1, 0, 'F', '0', '0', 'system:dict:add', '#', 'admin', '2022-11-13 20:38:53', '', NULL, '');
INSERT INTO `sys_menu` VALUES (1027, '字典修改', 105, 3, '#', '', '', 1, 0, 'F', '0', '0', 'system:dict:edit', '#', 'admin', '2022-11-13 20:38:53', '', NULL, '');
INSERT INTO `sys_menu` VALUES (1028, '字典删除', 105, 4, '#', '', '', 1, 0, 'F', '0', '0', 'system:dict:remove', '#', 'admin', '2022-11-13 20:38:53', '', NULL, '');
INSERT INTO `sys_menu` VALUES (1029, '字典导出', 105, 5, '#', '', '', 1, 0, 'F', '0', '0', 'system:dict:export', '#', 'admin', '2022-11-13 20:38:53', '', NULL, '');
INSERT INTO `sys_menu` VALUES (1030, '参数查询', 106, 1, '#', '', '', 1, 0, 'F', '0', '0', 'system:config:query', '#', 'admin', '2022-11-13 20:38:53', '', NULL, '');
INSERT INTO `sys_menu` VALUES (1031, '参数新增', 106, 2, '#', '', '', 1, 0, 'F', '0', '0', 'system:config:add', '#', 'admin', '2022-11-13 20:38:53', '', NULL, '');
INSERT INTO `sys_menu` VALUES (1032, '参数修改', 106, 3, '#', '', '', 1, 0, 'F', '0', '0', 'system:config:edit', '#', 'admin', '2022-11-13 20:38:53', '', NULL, '');
INSERT INTO `sys_menu` VALUES (1033, '参数删除', 106, 4, '#', '', '', 1, 0, 'F', '0', '0', 'system:config:remove', '#', 'admin', '2022-11-13 20:38:53', '', NULL, '');
INSERT INTO `sys_menu` VALUES (1034, '参数导出', 106, 5, '#', '', '', 1, 0, 'F', '0', '0', 'system:config:export', '#', 'admin', '2022-11-13 20:38:53', '', NULL, '');
INSERT INTO `sys_menu` VALUES (1035, '公告查询', 107, 1, '#', '', '', 1, 0, 'F', '0', '0', 'system:notice:query', '#', 'admin', '2022-11-13 20:38:53', '', NULL, '');
INSERT INTO `sys_menu` VALUES (1036, '公告新增', 107, 2, '#', '', '', 1, 0, 'F', '0', '0', 'system:notice:add', '#', 'admin', '2022-11-13 20:38:53', '', NULL, '');
INSERT INTO `sys_menu` VALUES (1037, '公告修改', 107, 3, '#', '', '', 1, 0, 'F', '0', '0', 'system:notice:edit', '#', 'admin', '2022-11-13 20:38:53', '', NULL, '');
INSERT INTO `sys_menu` VALUES (1038, '公告删除', 107, 4, '#', '', '', 1, 0, 'F', '0', '0', 'system:notice:remove', '#', 'admin', '2022-11-13 20:38:53', '', NULL, '');
INSERT INTO `sys_menu` VALUES (1039, '操作查询', 500, 1, '#', '', '', 1, 0, 'F', '0', '0', 'monitor:operlog:query', '#', 'admin', '2022-11-13 20:38:53', '', NULL, '');
INSERT INTO `sys_menu` VALUES (1040, '操作删除', 500, 2, '#', '', '', 1, 0, 'F', '0', '0', 'monitor:operlog:remove', '#', 'admin', '2022-11-13 20:38:53', '', NULL, '');
INSERT INTO `sys_menu` VALUES (1041, '日志导出', 500, 3, '#', '', '', 1, 0, 'F', '0', '0', 'monitor:operlog:export', '#', 'admin', '2022-11-13 20:38:53', '', NULL, '');
INSERT INTO `sys_menu` VALUES (1042, '登录查询', 501, 1, '#', '', '', 1, 0, 'F', '0', '0', 'monitor:logininfor:query', '#', 'admin', '2022-11-13 20:38:53', '', NULL, '');
INSERT INTO `sys_menu` VALUES (1043, '登录删除', 501, 2, '#', '', '', 1, 0, 'F', '0', '0', 'monitor:logininfor:remove', '#', 'admin', '2022-11-13 20:38:53', '', NULL, '');
INSERT INTO `sys_menu` VALUES (1044, '日志导出', 501, 3, '#', '', '', 1, 0, 'F', '0', '0', 'monitor:logininfor:export', '#', 'admin', '2022-11-13 20:38:53', '', NULL, '');
INSERT INTO `sys_menu` VALUES (1045, '账户解锁', 501, 4, '#', '', '', 1, 0, 'F', '0', '0', 'monitor:logininfor:unlock', '#', 'admin', '2022-11-13 20:38:53', '', NULL, '');
INSERT INTO `sys_menu` VALUES (1046, '在线查询', 109, 1, '#', '', '', 1, 0, 'F', '0', '0', 'monitor:online:query', '#', 'admin', '2022-11-13 20:38:53', '', NULL, '');
INSERT INTO `sys_menu` VALUES (1047, '批量强退', 109, 2, '#', '', '', 1, 0, 'F', '0', '0', 'monitor:online:batchLogout', '#', 'admin', '2022-11-13 20:38:53', '', NULL, '');
INSERT INTO `sys_menu` VALUES (1048, '单条强退', 109, 3, '#', '', '', 1, 0, 'F', '0', '0', 'monitor:online:forceLogout', '#', 'admin', '2022-11-13 20:38:53', '', NULL, '');
INSERT INTO `sys_menu` VALUES (1049, '任务查询', 110, 1, '#', '', '', 1, 0, 'F', '0', '0', 'monitor:job:query', '#', 'admin', '2022-11-13 20:38:53', '', NULL, '');
INSERT INTO `sys_menu` VALUES (1050, '任务新增', 110, 2, '#', '', '', 1, 0, 'F', '0', '0', 'monitor:job:add', '#', 'admin', '2022-11-13 20:38:53', '', NULL, '');
INSERT INTO `sys_menu` VALUES (1051, '任务修改', 110, 3, '#', '', '', 1, 0, 'F', '0', '0', 'monitor:job:edit', '#', 'admin', '2022-11-13 20:38:53', '', NULL, '');
INSERT INTO `sys_menu` VALUES (1052, '任务删除', 110, 4, '#', '', '', 1, 0, 'F', '0', '0', 'monitor:job:remove', '#', 'admin', '2022-11-13 20:38:53', '', NULL, '');
INSERT INTO `sys_menu` VALUES (1053, '状态修改', 110, 5, '#', '', '', 1, 0, 'F', '0', '0', 'monitor:job:changeStatus', '#', 'admin', '2022-11-13 20:38:53', '', NULL, '');
INSERT INTO `sys_menu` VALUES (1054, '任务导出', 110, 6, '#', '', '', 1, 0, 'F', '0', '0', 'monitor:job:export', '#', 'admin', '2022-11-13 20:38:53', '', NULL, '');
INSERT INTO `sys_menu` VALUES (1055, '生成查询', 116, 1, '#', '', '', 1, 0, 'F', '0', '0', 'tool:gen:query', '#', 'admin', '2022-11-13 20:38:53', '', NULL, '');
INSERT INTO `sys_menu` VALUES (1056, '生成修改', 116, 2, '#', '', '', 1, 0, 'F', '0', '0', 'tool:gen:edit', '#', 'admin', '2022-11-13 20:38:53', '', NULL, '');
INSERT INTO `sys_menu` VALUES (1057, '生成删除', 116, 3, '#', '', '', 1, 0, 'F', '0', '0', 'tool:gen:remove', '#', 'admin', '2022-11-13 20:38:53', '', NULL, '');
INSERT INTO `sys_menu` VALUES (1058, '导入代码', 116, 4, '#', '', '', 1, 0, 'F', '0', '0', 'tool:gen:import', '#', 'admin', '2022-11-13 20:38:53', '', NULL, '');
INSERT INTO `sys_menu` VALUES (1059, '预览代码', 116, 5, '#', '', '', 1, 0, 'F', '0', '0', 'tool:gen:preview', '#', 'admin', '2022-11-13 20:38:53', '', NULL, '');
INSERT INTO `sys_menu` VALUES (1060, '生成代码', 116, 6, '#', '', '', 1, 0, 'F', '0', '0', 'tool:gen:code', '#', 'admin', '2022-11-13 20:38:53', '', NULL, '');
INSERT INTO `sys_menu` VALUES (2000, '数据统计', 0, 1, '/data', NULL, NULL, 1, 0, 'M', '1', '0', '', 'list', 'admin', '2022-11-14 01:54:49', 'admin', '2022-12-04 18:07:57', '');
INSERT INTO `sys_menu` VALUES (2002, '人员管理', 0, 3, '/user/admin', NULL, NULL, 1, 0, 'M', '0', '0', NULL, 'peoples', 'admin', '2022-11-14 01:58:52', '', NULL, '');
INSERT INTO `sys_menu` VALUES (2003, '待启用1', 0, 15, '/sreach', NULL, NULL, 1, 0, 'M', '1', '1', '', 'search', 'admin', '2022-11-14 02:01:59', 'admin', '2022-12-02 10:36:27', '');
INSERT INTO `sys_menu` VALUES (2004, '待启用', 0, 15, '/', NULL, NULL, 1, 0, 'M', '1', '1', '', 'message', 'admin', '2022-11-14 02:02:46', 'admin', '2022-12-02 10:36:19', '');
INSERT INTO `sys_menu` VALUES (2005, '报名管理', 0, 6, '/baomin', NULL, NULL, 1, 0, 'M', '0', '0', '', 'edit', 'admin', '2022-11-14 02:03:59', '邓周明', '2022-11-14 23:01:29', '');
INSERT INTO `sys_menu` VALUES (2006, '填表管理', 0, 6, '/chart', NULL, NULL, 1, 0, 'M', '0', '0', '', 'build', 'admin', '2022-11-14 02:04:42', '邓周明', '2022-11-14 23:01:16', '');
INSERT INTO `sys_menu` VALUES (2008, '学科管理', 0, 4, '/subject/subject', 'subject/index', NULL, 1, 0, 'C', '0', '0', 'subject:subject:list', 'redis', 'admin', '2022-11-16 23:17:01', 'admin', '2022-12-02 10:37:46', '学科菜单');
INSERT INTO `sys_menu` VALUES (2009, '学科查询', 2008, 1, '#', '', NULL, 1, 0, 'F', '0', '0', 'subject:subject:query', '#', 'admin', '2022-11-16 23:17:01', '', NULL, '');
INSERT INTO `sys_menu` VALUES (2010, '学科新增', 2008, 2, '#', '', NULL, 1, 0, 'F', '0', '0', 'subject:subject:add', '#', 'admin', '2022-11-16 23:17:01', '', NULL, '');
INSERT INTO `sys_menu` VALUES (2011, '学科修改', 2008, 3, '#', '', NULL, 1, 0, 'F', '0', '0', 'subject:subject:edit', '#', 'admin', '2022-11-16 23:17:01', '', NULL, '');
INSERT INTO `sys_menu` VALUES (2012, '学科删除', 2008, 4, '#', '', NULL, 1, 0, 'F', '0', '0', 'subject:subject:remove', '#', 'admin', '2022-11-16 23:17:01', '', NULL, '');
INSERT INTO `sys_menu` VALUES (2013, '学科导出', 2008, 5, '#', '', NULL, 1, 0, 'F', '0', '0', 'subject:subject:export', '#', 'admin', '2022-11-16 23:17:01', '', NULL, '');
INSERT INTO `sys_menu` VALUES (2022, '成绩管理', 0, 5, '/subject/grade', 'subject/index_grade', NULL, 1, 0, 'C', '0', '0', 'system:grade:list', 'dict', 'admin', '2022-11-19 16:27:15', 'admin', '2022-12-02 10:37:59', 'syudent_grade菜单');
INSERT INTO `sys_menu` VALUES (2023, '成绩查询', 2022, 1, '#', '', NULL, 1, 0, 'F', '0', '0', 'system:grade:query', '#', 'admin', '2022-11-19 16:27:15', 'admin', '2022-11-19 16:29:12', '');
INSERT INTO `sys_menu` VALUES (2024, '成绩新增', 2022, 2, '#', '', NULL, 1, 0, 'F', '0', '0', 'system:grade:add', '#', 'admin', '2022-11-19 16:27:15', 'admin', '2022-11-19 16:29:18', '');
INSERT INTO `sys_menu` VALUES (2025, '成绩修改', 2022, 3, '#', '', NULL, 1, 0, 'F', '0', '0', 'system:grade:edit', '#', 'admin', '2022-11-19 16:27:15', 'admin', '2022-11-19 16:29:25', '');
INSERT INTO `sys_menu` VALUES (2026, '成绩删除', 2022, 4, '#', '', NULL, 1, 0, 'F', '0', '0', 'system:grade:remove', '#', 'admin', '2022-11-19 16:27:15', 'admin', '2022-11-19 16:29:30', '');
INSERT INTO `sys_menu` VALUES (2027, '成绩导出', 2022, 5, '#', '', NULL, 1, 0, 'F', '0', '0', 'system:grade:export', '#', 'admin', '2022-11-19 16:27:15', 'admin', '2022-11-19 16:29:36', '');
INSERT INTO `sys_menu` VALUES (2028, '教师管理', 2002, 1, '/people/teacher', 'people/teacher/index', NULL, 1, 0, 'C', '0', '0', 'people:teacher:list', 'user', 'admin', '2022-11-19 17:37:44', 'admin', '2022-11-19 17:40:13', 'teacher菜单');
INSERT INTO `sys_menu` VALUES (2029, 'teacher查询', 2028, 1, '#', '', NULL, 1, 0, 'F', '0', '0', 'people:teacher:query', '#', 'admin', '2022-11-19 17:37:44', '', NULL, '');
INSERT INTO `sys_menu` VALUES (2030, 'teacher新增', 2028, 2, '#', '', NULL, 1, 0, 'F', '0', '0', 'people:teacher:add', '#', 'admin', '2022-11-19 17:37:44', '', NULL, '');
INSERT INTO `sys_menu` VALUES (2031, 'teacher修改', 2028, 3, '#', '', NULL, 1, 0, 'F', '0', '0', 'people:teacher:edit', '#', 'admin', '2022-11-19 17:37:44', '', NULL, '');
INSERT INTO `sys_menu` VALUES (2032, 'teacher删除', 2028, 4, '#', '', NULL, 1, 0, 'F', '0', '0', 'people:teacher:remove', '#', 'admin', '2022-11-19 17:37:44', '', NULL, '');
INSERT INTO `sys_menu` VALUES (2033, 'teacher导出', 2028, 5, '#', '', NULL, 1, 0, 'F', '0', '0', 'people:teacher:export', '#', 'admin', '2022-11-19 17:37:44', '', NULL, '');
INSERT INTO `sys_menu` VALUES (2034, '学生管理', 2002, 1, '/people/student', 'people/student/index', NULL, 1, 0, 'C', '0', '0', 'people:student:list', 'user', 'admin', '2022-11-19 18:10:07', 'admin', '2022-11-19 18:22:19', 'student菜单');
INSERT INTO `sys_menu` VALUES (2035, 'student查询', 2034, 1, '#', '', NULL, 1, 0, 'F', '0', '0', 'people:student:query', '#', 'admin', '2022-11-19 18:10:07', '', NULL, '');
INSERT INTO `sys_menu` VALUES (2036, 'student新增', 2034, 2, '#', '', NULL, 1, 0, 'F', '0', '0', 'people:student:add', '#', 'admin', '2022-11-19 18:10:07', '', NULL, '');
INSERT INTO `sys_menu` VALUES (2037, 'student修改', 2034, 3, '#', '', NULL, 1, 0, 'F', '0', '0', 'people:student:edit', '#', 'admin', '2022-11-19 18:10:07', '', NULL, '');
INSERT INTO `sys_menu` VALUES (2038, 'student删除', 2034, 4, '#', '', NULL, 1, 0, 'F', '0', '0', 'people:student:remove', '#', 'admin', '2022-11-19 18:10:07', '', NULL, '');
INSERT INTO `sys_menu` VALUES (2039, 'student导出', 2034, 5, '#', '', NULL, 1, 0, 'F', '0', '0', 'people:student:export', '#', 'admin', '2022-11-19 18:10:07', '', NULL, '');
INSERT INTO `sys_menu` VALUES (2040, '家长管理', 2002, 1, '/people/parent', 'people/parent/index', NULL, 1, 0, 'C', '0', '0', 'people:parent:list', 'user', 'admin', '2022-11-19 19:17:02', 'admin', '2022-12-04 11:34:05', 'parent菜单');
INSERT INTO `sys_menu` VALUES (2041, 'parent查询', 2040, 1, '#', '', NULL, 1, 0, 'F', '0', '0', 'people:parent:query', '#', 'admin', '2022-11-19 19:17:03', 'admin', '2022-12-04 11:34:12', '');
INSERT INTO `sys_menu` VALUES (2042, 'parent新增', 2040, 2, '#', '', NULL, 1, 0, 'F', '0', '0', 'people:parent:add', '#', 'admin', '2022-11-19 19:17:03', 'admin', '2022-12-04 11:34:18', '');
INSERT INTO `sys_menu` VALUES (2043, 'parent修改', 2040, 3, '#', '', NULL, 1, 0, 'F', '0', '0', 'people:parent:edit', '#', 'admin', '2022-11-19 19:17:03', 'admin', '2022-12-04 11:34:25', '');
INSERT INTO `sys_menu` VALUES (2044, 'parent删除', 2040, 4, '#', '', NULL, 1, 0, 'F', '0', '0', 'people:parent:remove', '#', 'admin', '2022-11-19 19:17:03', 'admin', '2022-12-04 11:34:31', '');
INSERT INTO `sys_menu` VALUES (2045, 'parent导出', 2040, 5, '#', '', NULL, 1, 0, 'F', '0', '0', 'people:parent:export', '#', 'admin', '2022-11-19 19:17:03', 'admin', '2022-12-04 11:34:37', '');
INSERT INTO `sys_menu` VALUES (2046, '报名管理', 2005, 1, '/signup/signup', 'signup/index', NULL, 1, 0, 'C', '0', '0', 'signup:signup:list', 'skill', 'admin', '2022-11-24 02:16:18', 'admin', '2022-11-24 02:18:31', '报名管理菜单');
INSERT INTO `sys_menu` VALUES (2047, '报名管理查询', 2046, 1, '#', '', NULL, 1, 0, 'F', '0', '0', 'signup:signup:query', '#', 'admin', '2022-11-24 02:16:18', '', NULL, '');
INSERT INTO `sys_menu` VALUES (2048, '报名管理新增', 2046, 2, '#', '', NULL, 1, 0, 'F', '0', '0', 'signup:signup:add', '#', 'admin', '2022-11-24 02:16:18', '', NULL, '');
INSERT INTO `sys_menu` VALUES (2049, '报名管理修改', 2046, 3, '#', '', NULL, 1, 0, 'F', '0', '0', 'signup:signup:edit', '#', 'admin', '2022-11-24 02:16:18', '', NULL, '');
INSERT INTO `sys_menu` VALUES (2050, '报名管理删除', 2046, 4, '#', '', NULL, 1, 0, 'F', '0', '0', 'signup:signup:remove', '#', 'admin', '2022-11-24 02:16:18', '', NULL, '');
INSERT INTO `sys_menu` VALUES (2051, '报名管理导出', 2046, 5, '#', '', NULL, 1, 0, 'F', '0', '0', 'signup:signup:export', '#a', 'admin', '2022-11-24 02:16:18', '', NULL, '');
INSERT INTO `sys_menu` VALUES (2058, '填表数据', 2006, 1, 'tianbiao/tianbiao', 'tianbiao/index', NULL, 1, 0, 'C', '0', '0', 'tianbiao:tianbiao:list', 'clipboard', 'admin', '2022-11-24 02:46:17', 'admin', '2022-11-24 02:48:10', '填表管理菜单');
INSERT INTO `sys_menu` VALUES (2059, '填表管理查询', 2058, 1, '#', '', NULL, 1, 0, 'F', '0', '0', 'tianbiao:tianbiao:query', '#', 'admin', '2022-11-24 02:46:17', '', NULL, '');
INSERT INTO `sys_menu` VALUES (2060, '填表管理新增', 2058, 2, '#', '', NULL, 1, 0, 'F', '0', '0', 'tianbiao:tianbiao:add', '#', 'admin', '2022-11-24 02:46:17', '', NULL, '');
INSERT INTO `sys_menu` VALUES (2061, '填表管理修改', 2058, 3, '#', '', NULL, 1, 0, 'F', '0', '0', 'tianbiao:tianbiao:edit', '#', 'admin', '2022-11-24 02:46:17', '', NULL, '');
INSERT INTO `sys_menu` VALUES (2062, '填表管理删除', 2058, 4, '#', '', NULL, 1, 0, 'F', '0', '0', 'tianbiao:tianbiao:remove', '#', 'admin', '2022-11-24 02:46:17', '', NULL, '');
INSERT INTO `sys_menu` VALUES (2063, '填表管理导出', 2058, 5, '#', '', NULL, 1, 0, 'F', '0', '0', 'tianbiao:tianbiao:export', '#', 'admin', '2022-11-24 02:46:17', '', NULL, '');

-- ----------------------------
-- Table structure for sys_notice
-- ----------------------------
DROP TABLE IF EXISTS `sys_notice`;
CREATE TABLE `sys_notice`  (
  `notice_id` int NOT NULL AUTO_INCREMENT COMMENT '公告ID',
  `notice_title` varchar(50) CHARACTER SET utf8 COLLATE utf8_general_ci NOT NULL COMMENT '公告标题',
  `notice_type` char(1) CHARACTER SET utf8 COLLATE utf8_general_ci NOT NULL COMMENT '公告类型（1通知 2公告）',
  `notice_content` longblob NULL COMMENT '公告内容',
  `status` char(1) CHARACTER SET utf8 COLLATE utf8_general_ci NULL DEFAULT '0' COMMENT '公告状态（0正常 1关闭）',
  `create_by` varchar(64) CHARACTER SET utf8 COLLATE utf8_general_ci NULL DEFAULT '' COMMENT '创建者',
  `create_time` datetime NULL DEFAULT NULL COMMENT '创建时间',
  `update_by` varchar(64) CHARACTER SET utf8 COLLATE utf8_general_ci NULL DEFAULT '' COMMENT '更新者',
  `update_time` datetime NULL DEFAULT NULL COMMENT '更新时间',
  `remark` varchar(255) CHARACTER SET utf8 COLLATE utf8_general_ci NULL DEFAULT NULL COMMENT '备注',
  PRIMARY KEY (`notice_id`) USING BTREE
) ENGINE = InnoDB AUTO_INCREMENT = 4 CHARACTER SET = utf8 COLLATE = utf8_general_ci COMMENT = '通知公告表' ROW_FORMAT = Dynamic;

-- ----------------------------
-- Records of sys_notice
-- ----------------------------
INSERT INTO `sys_notice` VALUES (1, '温馨提醒：2022-10-01 学校考试放假通知', '2', 0x3C703EE696B0E78988E69CACE58685E5AEB93C2F703E, '0', 'admin', '2022-11-13 20:38:54', 'admin', '2022-12-04 18:50:19', '管理员');
INSERT INTO `sys_notice` VALUES (2, '通知：2022-12-10日 大学英语四级考试通知', '1', 0x3C703EE7BBB4E68AA4E58685E5AEB93C2F703E, '0', 'admin', '2022-11-13 20:38:54', 'admin', '2022-12-04 18:50:59', '管理员');

-- ----------------------------
-- Table structure for sys_oper_log
-- ----------------------------
DROP TABLE IF EXISTS `sys_oper_log`;
CREATE TABLE `sys_oper_log`  (
  `oper_id` bigint NOT NULL AUTO_INCREMENT COMMENT '日志主键',
  `title` varchar(50) CHARACTER SET utf8 COLLATE utf8_general_ci NULL DEFAULT '' COMMENT '模块标题',
  `business_type` int NULL DEFAULT 0 COMMENT '业务类型（0其它 1新增 2修改 3删除）',
  `method` varchar(100) CHARACTER SET utf8 COLLATE utf8_general_ci NULL DEFAULT '' COMMENT '方法名称',
  `request_method` varchar(10) CHARACTER SET utf8 COLLATE utf8_general_ci NULL DEFAULT '' COMMENT '请求方式',
  `operator_type` int NULL DEFAULT 0 COMMENT '操作类别（0其它 1后台用户 2手机端用户）',
  `oper_name` varchar(50) CHARACTER SET utf8 COLLATE utf8_general_ci NULL DEFAULT '' COMMENT '操作人员',
  `dept_name` varchar(50) CHARACTER SET utf8 COLLATE utf8_general_ci NULL DEFAULT '' COMMENT '部门名称',
  `oper_url` varchar(255) CHARACTER SET utf8 COLLATE utf8_general_ci NULL DEFAULT '' COMMENT '请求URL',
  `oper_ip` varchar(128) CHARACTER SET utf8 COLLATE utf8_general_ci NULL DEFAULT '' COMMENT '主机地址',
  `oper_location` varchar(255) CHARACTER SET utf8 COLLATE utf8_general_ci NULL DEFAULT '' COMMENT '操作地点',
  `oper_param` varchar(2000) CHARACTER SET utf8 COLLATE utf8_general_ci NULL DEFAULT '' COMMENT '请求参数',
  `json_result` varchar(2000) CHARACTER SET utf8 COLLATE utf8_general_ci NULL DEFAULT '' COMMENT '返回参数',
  `status` int NULL DEFAULT 0 COMMENT '操作状态（0正常 1异常）',
  `error_msg` varchar(2000) CHARACTER SET utf8 COLLATE utf8_general_ci NULL DEFAULT '' COMMENT '错误消息',
  `oper_time` datetime NULL DEFAULT NULL COMMENT '操作时间',
  PRIMARY KEY (`oper_id`) USING BTREE
) ENGINE = InnoDB AUTO_INCREMENT = 562 CHARACTER SET = utf8 COLLATE = utf8_general_ci COMMENT = '操作日志记录' ROW_FORMAT = Dynamic;

-- ----------------------------
-- Records of sys_oper_log
-- ----------------------------
INSERT INTO `sys_oper_log` VALUES (100, '菜单管理', 1, 'com.ruoyi.web.controller.system.SysMenuController.add()', 'POST', 1, 'admin', NULL, '/system/menu', '127.0.0.1', '内网IP', '{\"children\":[],\"createBy\":\"admin\",\"icon\":\"list\",\"isCache\":\"0\",\"isFrame\":\"1\",\"menuName\":\"数据统计\",\"menuType\":\"M\",\"orderNum\":1,\"parentId\":0,\"path\":\"/datacount\",\"status\":\"0\",\"visible\":\"0\"}', '{\"msg\":\"操作成功\",\"code\":200}', 0, NULL, '2022-11-14 01:54:49');
INSERT INTO `sys_oper_log` VALUES (101, '菜单管理', 2, 'com.ruoyi.web.controller.system.SysMenuController.edit()', 'PUT', 1, 'admin', NULL, '/system/menu', '127.0.0.1', '内网IP', '{\"children\":[],\"createTime\":\"2022-11-13 20:38:53\",\"icon\":\"system\",\"isCache\":\"0\",\"isFrame\":\"1\",\"menuId\":1,\"menuName\":\"系统管理\",\"menuType\":\"M\",\"orderNum\":9,\"parentId\":0,\"path\":\"system\",\"perms\":\"\",\"query\":\"\",\"status\":\"0\",\"updateBy\":\"admin\",\"visible\":\"0\"}', '{\"msg\":\"操作成功\",\"code\":200}', 0, NULL, '2022-11-14 01:55:38');
INSERT INTO `sys_oper_log` VALUES (102, '菜单管理', 1, 'com.ruoyi.web.controller.system.SysMenuController.add()', 'POST', 1, 'admin', NULL, '/system/menu', '127.0.0.1', '内网IP', '{\"children\":[],\"createBy\":\"admin\",\"icon\":\"tree\",\"isCache\":\"0\",\"isFrame\":\"1\",\"menuName\":\"学校事务管理\",\"menuType\":\"M\",\"orderNum\":2,\"parentId\":0,\"path\":\"/school/admin\",\"status\":\"0\",\"visible\":\"0\"}', '{\"msg\":\"操作成功\",\"code\":200}', 0, NULL, '2022-11-14 01:56:40');
INSERT INTO `sys_oper_log` VALUES (103, '菜单管理', 2, 'com.ruoyi.web.controller.system.SysMenuController.edit()', 'PUT', 1, 'admin', NULL, '/system/menu', '127.0.0.1', '内网IP', '{\"children\":[],\"createTime\":\"2022-11-13 20:38:53\",\"icon\":\"monitor\",\"isCache\":\"0\",\"isFrame\":\"1\",\"menuId\":2,\"menuName\":\"系统监控\",\"menuType\":\"M\",\"orderNum\":2,\"parentId\":0,\"path\":\"monitor\",\"perms\":\"\",\"query\":\"\",\"status\":\"0\",\"updateBy\":\"admin\",\"visible\":\"1\"}', '{\"msg\":\"操作成功\",\"code\":200}', 0, NULL, '2022-11-14 01:56:56');
INSERT INTO `sys_oper_log` VALUES (104, '菜单管理', 1, 'com.ruoyi.web.controller.system.SysMenuController.add()', 'POST', 1, 'admin', NULL, '/system/menu', '127.0.0.1', '内网IP', '{\"children\":[],\"createBy\":\"admin\",\"icon\":\"peoples\",\"isCache\":\"0\",\"isFrame\":\"1\",\"menuName\":\"人员管理\",\"menuType\":\"M\",\"orderNum\":3,\"parentId\":0,\"path\":\"/user/admin\",\"status\":\"0\",\"visible\":\"0\"}', '{\"msg\":\"操作成功\",\"code\":200}', 0, NULL, '2022-11-14 01:58:52');
INSERT INTO `sys_oper_log` VALUES (105, '菜单管理', 2, 'com.ruoyi.web.controller.system.SysMenuController.edit()', 'PUT', 1, 'admin', NULL, '/system/menu', '127.0.0.1', '内网IP', '{\"children\":[],\"createTime\":\"2022-11-13 20:38:53\",\"icon\":\"tool\",\"isCache\":\"0\",\"isFrame\":\"1\",\"menuId\":3,\"menuName\":\"系统工具\",\"menuType\":\"M\",\"orderNum\":10,\"parentId\":0,\"path\":\"tool\",\"perms\":\"\",\"query\":\"\",\"status\":\"0\",\"updateBy\":\"admin\",\"visible\":\"0\"}', '{\"msg\":\"操作成功\",\"code\":200}', 0, NULL, '2022-11-14 01:59:05');
INSERT INTO `sys_oper_log` VALUES (106, '菜单管理', 2, 'com.ruoyi.web.controller.system.SysMenuController.edit()', 'PUT', 1, 'admin', NULL, '/system/menu', '127.0.0.1', '内网IP', '{\"children\":[],\"createTime\":\"2022-11-14 01:54:49\",\"icon\":\"list\",\"isCache\":\"0\",\"isFrame\":\"1\",\"menuId\":2000,\"menuName\":\"数据统计\",\"menuType\":\"M\",\"orderNum\":1,\"parentId\":0,\"path\":\"/data\",\"perms\":\"\",\"status\":\"0\",\"updateBy\":\"admin\",\"visible\":\"0\"}', '{\"msg\":\"操作成功\",\"code\":200}', 0, NULL, '2022-11-14 02:00:26');
INSERT INTO `sys_oper_log` VALUES (107, '菜单管理', 2, 'com.ruoyi.web.controller.system.SysMenuController.edit()', 'PUT', 1, 'admin', NULL, '/system/menu', '127.0.0.1', '内网IP', '{\"children\":[],\"createTime\":\"2022-11-13 20:38:53\",\"icon\":\"guide\",\"isCache\":\"0\",\"isFrame\":\"0\",\"menuId\":4,\"menuName\":\"若依官网\",\"menuType\":\"M\",\"orderNum\":4,\"parentId\":0,\"path\":\"http://ruoyi.vip\",\"perms\":\"\",\"query\":\"\",\"status\":\"0\",\"updateBy\":\"admin\",\"visible\":\"1\"}', '{\"msg\":\"操作成功\",\"code\":200}', 0, NULL, '2022-11-14 02:01:03');
INSERT INTO `sys_oper_log` VALUES (108, '菜单管理', 1, 'com.ruoyi.web.controller.system.SysMenuController.add()', 'POST', 1, 'admin', NULL, '/system/menu', '127.0.0.1', '内网IP', '{\"children\":[],\"createBy\":\"admin\",\"icon\":\"search\",\"isCache\":\"0\",\"isFrame\":\"1\",\"menuName\":\"查询管理\",\"menuType\":\"M\",\"orderNum\":4,\"parentId\":0,\"path\":\"/sreach\",\"status\":\"0\",\"visible\":\"0\"}', '{\"msg\":\"操作成功\",\"code\":200}', 0, NULL, '2022-11-14 02:01:59');
INSERT INTO `sys_oper_log` VALUES (109, '菜单管理', 1, 'com.ruoyi.web.controller.system.SysMenuController.add()', 'POST', 1, 'admin', NULL, '/system/menu', '127.0.0.1', '内网IP', '{\"children\":[],\"createBy\":\"admin\",\"icon\":\"message\",\"isCache\":\"0\",\"isFrame\":\"1\",\"menuName\":\"公告管理\",\"menuType\":\"M\",\"orderNum\":5,\"parentId\":0,\"path\":\"/\",\"status\":\"0\",\"visible\":\"0\"}', '{\"msg\":\"操作成功\",\"code\":200}', 0, NULL, '2022-11-14 02:02:46');
INSERT INTO `sys_oper_log` VALUES (110, '菜单管理', 1, 'com.ruoyi.web.controller.system.SysMenuController.add()', 'POST', 1, 'admin', NULL, '/system/menu', '127.0.0.1', '内网IP', '{\"children\":[],\"createBy\":\"admin\",\"icon\":\"edit\",\"isCache\":\"0\",\"isFrame\":\"1\",\"menuName\":\"报名管理\",\"menuType\":\"M\",\"orderNum\":6,\"parentId\":0,\"path\":\"/\",\"status\":\"0\",\"visible\":\"0\"}', '{\"msg\":\"操作成功\",\"code\":200}', 0, NULL, '2022-11-14 02:03:59');
INSERT INTO `sys_oper_log` VALUES (111, '菜单管理', 1, 'com.ruoyi.web.controller.system.SysMenuController.add()', 'POST', 1, 'admin', NULL, '/system/menu', '127.0.0.1', '内网IP', '{\"children\":[],\"createBy\":\"admin\",\"icon\":\"build\",\"isCache\":\"0\",\"isFrame\":\"1\",\"menuName\":\"填表管理\",\"menuType\":\"M\",\"orderNum\":6,\"parentId\":0,\"path\":\"/\",\"status\":\"0\",\"visible\":\"0\"}', '{\"msg\":\"操作成功\",\"code\":200}', 0, NULL, '2022-11-14 02:04:42');
INSERT INTO `sys_oper_log` VALUES (112, '菜单管理', 2, 'com.ruoyi.web.controller.system.SysMenuController.edit()', 'PUT', 1, 'admin', NULL, '/system/menu', '127.0.0.1', '内网IP', '{\"children\":[],\"createTime\":\"2022-11-13 20:38:53\",\"icon\":\"guide\",\"isCache\":\"0\",\"isFrame\":\"0\",\"menuId\":4,\"menuName\":\"学校官网\",\"menuType\":\"M\",\"orderNum\":4,\"parentId\":0,\"path\":\"http://ruoyi.vip\",\"perms\":\"\",\"query\":\"\",\"status\":\"0\",\"updateBy\":\"admin\",\"visible\":\"1\"}', '{\"msg\":\"操作成功\",\"code\":200}', 0, NULL, '2022-11-14 02:07:04');
INSERT INTO `sys_oper_log` VALUES (113, '菜单管理', 2, 'com.ruoyi.web.controller.system.SysMenuController.edit()', 'PUT', 1, 'admin', NULL, '/system/menu', '127.0.0.1', '内网IP', '{\"children\":[],\"createTime\":\"2022-11-13 20:38:53\",\"icon\":\"monitor\",\"isCache\":\"0\",\"isFrame\":\"1\",\"menuId\":2,\"menuName\":\"系统监控\",\"menuType\":\"M\",\"orderNum\":9,\"parentId\":0,\"path\":\"monitor\",\"perms\":\"\",\"query\":\"\",\"status\":\"0\",\"updateBy\":\"admin\",\"visible\":\"1\"}', '{\"msg\":\"操作成功\",\"code\":200}', 0, NULL, '2022-11-14 02:09:45');
INSERT INTO `sys_oper_log` VALUES (114, '菜单管理', 1, 'com.ruoyi.web.controller.system.SysMenuController.add()', 'POST', 1, 'admin', NULL, '/system/menu', '127.0.0.1', '内网IP', '{\"children\":[],\"component\":\"/\",\"createBy\":\"admin\",\"icon\":\"dict\",\"isCache\":\"0\",\"isFrame\":\"1\",\"menuName\":\"年级管理\",\"menuType\":\"C\",\"orderNum\":1,\"parentId\":2001,\"path\":\"/\",\"perms\":\"/\",\"query\":\"/\",\"status\":\"0\",\"visible\":\"0\"}', '{\"msg\":\"操作成功\",\"code\":200}', 0, NULL, '2022-11-14 02:11:33');
INSERT INTO `sys_oper_log` VALUES (115, '菜单管理', 2, 'com.ruoyi.web.controller.system.SysMenuController.edit()', 'PUT', 1, 'admin', NULL, '/system/menu', '127.0.0.1', '内网IP', '{\"children\":[],\"component\":\"\",\"createTime\":\"2022-11-14 02:11:33\",\"icon\":\"dict\",\"isCache\":\"0\",\"isFrame\":\"1\",\"menuId\":2007,\"menuName\":\"年级管理\",\"menuType\":\"C\",\"orderNum\":1,\"parentId\":2001,\"path\":\"/school/admin/\",\"perms\":\"/school/admin/\",\"query\":\"/school/admin/\",\"status\":\"0\",\"updateBy\":\"admin\",\"visible\":\"0\"}', '{\"msg\":\"操作成功\",\"code\":200}', 0, NULL, '2022-11-14 02:13:02');
INSERT INTO `sys_oper_log` VALUES (116, '菜单管理', 2, 'com.ruoyi.web.controller.system.SysMenuController.edit()', 'PUT', 1, 'admin', NULL, '/system/menu', '127.0.0.1', '内网IP', '{\"children\":[],\"createTime\":\"2022-11-14 01:56:40\",\"icon\":\"tongxunlu\",\"isCache\":\"0\",\"isFrame\":\"1\",\"menuId\":2001,\"menuName\":\"学校事务管理\",\"menuType\":\"M\",\"orderNum\":2,\"parentId\":0,\"path\":\"/school/admin\",\"perms\":\"\",\"status\":\"0\",\"updateBy\":\"admin\",\"visible\":\"0\"}', '{\"msg\":\"操作成功\",\"code\":200}', 0, NULL, '2022-11-14 02:26:36');
INSERT INTO `sys_oper_log` VALUES (117, '菜单管理', 2, 'com.ruoyi.web.controller.system.SysMenuController.edit()', 'PUT', 1, 'admin', NULL, '/system/menu', '127.0.0.1', '内网IP', '{\"children\":[],\"createTime\":\"2022-11-14 01:56:40\",\"icon\":\"peoples\",\"isCache\":\"0\",\"isFrame\":\"1\",\"menuId\":2001,\"menuName\":\"学校事务管理\",\"menuType\":\"M\",\"orderNum\":2,\"parentId\":0,\"path\":\"/school/admin\",\"perms\":\"\",\"status\":\"0\",\"updateBy\":\"admin\",\"visible\":\"0\"}', '{\"msg\":\"操作成功\",\"code\":200}', 0, NULL, '2022-11-14 02:26:57');
INSERT INTO `sys_oper_log` VALUES (118, '菜单管理', 2, 'com.ruoyi.web.controller.system.SysMenuController.edit()', 'PUT', 1, 'admin', NULL, '/system/menu', '127.0.0.1', '内网IP', '{\"children\":[],\"createTime\":\"2022-11-14 01:56:40\",\"icon\":\"example\",\"isCache\":\"0\",\"isFrame\":\"1\",\"menuId\":2001,\"menuName\":\"学校事务管理\",\"menuType\":\"M\",\"orderNum\":2,\"parentId\":0,\"path\":\"/school/admin\",\"perms\":\"\",\"status\":\"0\",\"updateBy\":\"admin\",\"visible\":\"0\"}', '{\"msg\":\"操作成功\",\"code\":200}', 0, NULL, '2022-11-14 02:27:32');
INSERT INTO `sys_oper_log` VALUES (119, '菜单管理', 3, 'com.ruoyi.web.controller.system.SysMenuController.remove()', 'DELETE', 1, 'admin', NULL, '/system/menu/2001', '127.0.0.1', '内网IP', '{menuId=2001}', '{\"msg\":\"存在子菜单,不允许删除\",\"code\":601}', 0, NULL, '2022-11-14 22:12:52');
INSERT INTO `sys_oper_log` VALUES (120, '菜单管理', 3, 'com.ruoyi.web.controller.system.SysMenuController.remove()', 'DELETE', 1, 'admin', NULL, '/system/menu/2007', '127.0.0.1', '内网IP', '{menuId=2007}', '{\"msg\":\"操作成功\",\"code\":200}', 0, NULL, '2022-11-14 22:13:00');
INSERT INTO `sys_oper_log` VALUES (121, '菜单管理', 3, 'com.ruoyi.web.controller.system.SysMenuController.remove()', 'DELETE', 1, 'admin', NULL, '/system/menu/2001', '127.0.0.1', '内网IP', '{menuId=2001}', '{\"msg\":\"操作成功\",\"code\":200}', 0, NULL, '2022-11-14 22:13:04');
INSERT INTO `sys_oper_log` VALUES (122, '菜单管理', 2, 'com.ruoyi.web.controller.system.SysMenuController.edit()', 'PUT', 1, 'admin', NULL, '/system/menu', '127.0.0.1', '内网IP', '{\"children\":[],\"createTime\":\"2022-11-13 20:38:53\",\"icon\":\"system\",\"isCache\":\"0\",\"isFrame\":\"1\",\"menuId\":1,\"menuName\":\"学校事务管理\",\"menuType\":\"M\",\"orderNum\":9,\"parentId\":0,\"path\":\"system\",\"perms\":\"\",\"query\":\"\",\"status\":\"0\",\"updateBy\":\"admin\",\"visible\":\"0\"}', '{\"msg\":\"操作成功\",\"code\":200}', 0, NULL, '2022-11-14 22:13:29');
INSERT INTO `sys_oper_log` VALUES (123, '菜单管理', 2, 'com.ruoyi.web.controller.system.SysMenuController.edit()', 'PUT', 1, 'admin', NULL, '/system/menu', '127.0.0.1', '内网IP', '{\"children\":[],\"createTime\":\"2022-11-13 20:38:53\",\"icon\":\"system\",\"isCache\":\"0\",\"isFrame\":\"1\",\"menuId\":1,\"menuName\":\"学校事务管理\",\"menuType\":\"M\",\"orderNum\":2,\"parentId\":0,\"path\":\"system\",\"perms\":\"\",\"query\":\"\",\"status\":\"0\",\"updateBy\":\"admin\",\"visible\":\"0\"}', '{\"msg\":\"操作成功\",\"code\":200}', 0, NULL, '2022-11-14 22:13:38');
INSERT INTO `sys_oper_log` VALUES (124, '部门管理', 2, 'com.ruoyi.web.controller.system.SysDeptController.edit()', 'PUT', 1, 'admin', NULL, '/system/dept', '127.0.0.1', '内网IP', '{\"ancestors\":\"0\",\"children\":[],\"deptId\":100,\"deptName\":\"某某大学\",\"email\":\"ry@qq.com\",\"leader\":\"邓周明\",\"orderNum\":0,\"parentId\":0,\"phone\":\"15888888888\",\"status\":\"0\",\"updateBy\":\"admin\"}', '{\"msg\":\"操作成功\",\"code\":200}', 0, NULL, '2022-11-14 22:14:57');
INSERT INTO `sys_oper_log` VALUES (125, '部门管理', 2, 'com.ruoyi.web.controller.system.SysDeptController.edit()', 'PUT', 1, 'admin', NULL, '/system/dept', '127.0.0.1', '内网IP', '{\"ancestors\":\"0,100\",\"children\":[],\"deptId\":101,\"deptName\":\"计算机学院\",\"email\":\"ry@qq.com\",\"leader\":\"若依\",\"orderNum\":1,\"parentId\":100,\"parentName\":\"某某大学\",\"phone\":\"15888888888\",\"status\":\"0\",\"updateBy\":\"admin\"}', '{\"msg\":\"操作成功\",\"code\":200}', 0, NULL, '2022-11-14 22:16:01');
INSERT INTO `sys_oper_log` VALUES (126, '部门管理', 2, 'com.ruoyi.web.controller.system.SysDeptController.edit()', 'PUT', 1, 'admin', NULL, '/system/dept', '127.0.0.1', '内网IP', '{\"ancestors\":\"0,100\",\"children\":[],\"deptId\":101,\"deptName\":\"计算机学院\",\"email\":\"ry@qq.com\",\"leader\":\"王小二\",\"orderNum\":1,\"parentId\":100,\"parentName\":\"某某大学\",\"phone\":\"15888888888\",\"status\":\"0\",\"updateBy\":\"admin\"}', '{\"msg\":\"操作成功\",\"code\":200}', 0, NULL, '2022-11-14 22:16:15');
INSERT INTO `sys_oper_log` VALUES (127, '部门管理', 2, 'com.ruoyi.web.controller.system.SysDeptController.edit()', 'PUT', 1, 'admin', NULL, '/system/dept', '127.0.0.1', '内网IP', '{\"ancestors\":\"0,100,101\",\"children\":[],\"deptId\":103,\"deptName\":\"2023届\",\"email\":\"ry@qq.com\",\"leader\":\"\",\"orderNum\":1,\"parentId\":101,\"parentName\":\"计算机学院\",\"phone\":\"15888888888\",\"status\":\"0\",\"updateBy\":\"admin\"}', '{\"msg\":\"操作成功\",\"code\":200}', 0, NULL, '2022-11-14 22:16:35');
INSERT INTO `sys_oper_log` VALUES (128, '部门管理', 2, 'com.ruoyi.web.controller.system.SysDeptController.edit()', 'PUT', 1, 'admin', NULL, '/system/dept', '127.0.0.1', '内网IP', '{\"ancestors\":\"0,100,101\",\"children\":[],\"deptId\":104,\"deptName\":\"2024届\",\"email\":\"ry@qq.com\",\"leader\":\"若依\",\"orderNum\":2,\"parentId\":101,\"parentName\":\"计算机学院\",\"phone\":\"15888888888\",\"status\":\"0\",\"updateBy\":\"admin\"}', '{\"msg\":\"操作成功\",\"code\":200}', 0, NULL, '2022-11-14 22:16:48');
INSERT INTO `sys_oper_log` VALUES (129, '部门管理', 2, 'com.ruoyi.web.controller.system.SysDeptController.edit()', 'PUT', 1, 'admin', NULL, '/system/dept', '127.0.0.1', '内网IP', '{\"ancestors\":\"0,100,101\",\"children\":[],\"deptId\":103,\"deptName\":\"2023届\",\"email\":\"ry@qq.com\",\"leader\":\"\",\"orderNum\":1,\"parentId\":101,\"parentName\":\"计算机学院\",\"phone\":\"15888888888\",\"status\":\"0\",\"updateBy\":\"admin\"}', '{\"msg\":\"操作成功\",\"code\":200}', 0, NULL, '2022-11-14 22:16:51');
INSERT INTO `sys_oper_log` VALUES (130, '部门管理', 2, 'com.ruoyi.web.controller.system.SysDeptController.edit()', 'PUT', 1, 'admin', NULL, '/system/dept', '127.0.0.1', '内网IP', '{\"ancestors\":\"0,100,101\",\"children\":[],\"deptId\":104,\"deptName\":\"2024届\",\"email\":\"ry@qq.com\",\"leader\":\"\",\"orderNum\":2,\"parentId\":101,\"parentName\":\"计算机学院\",\"phone\":\"15888888888\",\"status\":\"0\",\"updateBy\":\"admin\"}', '{\"msg\":\"操作成功\",\"code\":200}', 0, NULL, '2022-11-14 22:16:56');
INSERT INTO `sys_oper_log` VALUES (131, '部门管理', 2, 'com.ruoyi.web.controller.system.SysDeptController.edit()', 'PUT', 1, 'admin', NULL, '/system/dept', '127.0.0.1', '内网IP', '{\"ancestors\":\"0,100,101\",\"children\":[],\"deptId\":105,\"deptName\":\"2024届\",\"email\":\"ry@qq.com\",\"leader\":\"\",\"orderNum\":3,\"parentId\":101,\"parentName\":\"计算机学院\",\"phone\":\"15888888888\",\"status\":\"0\"}', '{\"msg\":\"修改部门\'2024届\'失败，部门名称已存在\",\"code\":500}', 0, NULL, '2022-11-14 22:17:05');
INSERT INTO `sys_oper_log` VALUES (132, '部门管理', 2, 'com.ruoyi.web.controller.system.SysDeptController.edit()', 'PUT', 1, 'admin', NULL, '/system/dept', '127.0.0.1', '内网IP', '{\"ancestors\":\"0,100,101\",\"children\":[],\"deptId\":105,\"deptName\":\"2025届\",\"email\":\"ry@qq.com\",\"leader\":\"\",\"orderNum\":3,\"parentId\":101,\"parentName\":\"计算机学院\",\"phone\":\"15888888888\",\"status\":\"0\",\"updateBy\":\"admin\"}', '{\"msg\":\"操作成功\",\"code\":200}', 0, NULL, '2022-11-14 22:17:10');
INSERT INTO `sys_oper_log` VALUES (133, '部门管理', 2, 'com.ruoyi.web.controller.system.SysDeptController.edit()', 'PUT', 1, 'admin', NULL, '/system/dept', '127.0.0.1', '内网IP', '{\"ancestors\":\"0,100,101\",\"children\":[],\"deptId\":106,\"deptName\":\"2025届\",\"email\":\"ry@qq.com\",\"leader\":\"\",\"orderNum\":4,\"parentId\":101,\"parentName\":\"计算机学院\",\"phone\":\"15888888888\",\"status\":\"0\"}', '{\"msg\":\"修改部门\'2025届\'失败，部门名称已存在\",\"code\":500}', 0, NULL, '2022-11-14 22:17:20');
INSERT INTO `sys_oper_log` VALUES (134, '部门管理', 2, 'com.ruoyi.web.controller.system.SysDeptController.edit()', 'PUT', 1, 'admin', NULL, '/system/dept', '127.0.0.1', '内网IP', '{\"ancestors\":\"0,100,101\",\"children\":[],\"deptId\":106,\"deptName\":\"2026届\",\"email\":\"ry@qq.com\",\"leader\":\"\",\"orderNum\":4,\"parentId\":101,\"parentName\":\"计算机学院\",\"phone\":\"15888888888\",\"status\":\"0\",\"updateBy\":\"admin\"}', '{\"msg\":\"操作成功\",\"code\":200}', 0, NULL, '2022-11-14 22:17:27');
INSERT INTO `sys_oper_log` VALUES (135, '部门管理', 3, 'com.ruoyi.web.controller.system.SysDeptController.remove()', 'DELETE', 1, 'admin', NULL, '/system/dept/107', '127.0.0.1', '内网IP', '{deptId=107}', '{\"msg\":\"操作成功\",\"code\":200}', 0, NULL, '2022-11-14 22:17:31');
INSERT INTO `sys_oper_log` VALUES (136, '部门管理', 2, 'com.ruoyi.web.controller.system.SysDeptController.edit()', 'PUT', 1, 'admin', NULL, '/system/dept', '127.0.0.1', '内网IP', '{\"ancestors\":\"0,100\",\"children\":[],\"deptId\":102,\"deptName\":\"电信信息学院\",\"email\":\"ry@qq.com\",\"leader\":\"\",\"orderNum\":2,\"parentId\":100,\"parentName\":\"某某大学\",\"phone\":\"15888888888\",\"status\":\"0\",\"updateBy\":\"admin\"}', '{\"msg\":\"操作成功\",\"code\":200}', 0, NULL, '2022-11-14 22:17:53');
INSERT INTO `sys_oper_log` VALUES (137, '部门管理', 2, 'com.ruoyi.web.controller.system.SysDeptController.edit()', 'PUT', 1, 'admin', NULL, '/system/dept', '127.0.0.1', '内网IP', '{\"ancestors\":\"0,100,102\",\"children\":[],\"deptId\":108,\"deptName\":\"2024届\",\"email\":\"ry@qq.com\",\"leader\":\"\",\"orderNum\":1,\"parentId\":102,\"parentName\":\"电信信息学院\",\"phone\":\"15888888888\",\"status\":\"0\",\"updateBy\":\"admin\"}', '{\"msg\":\"操作成功\",\"code\":200}', 0, NULL, '2022-11-14 22:18:07');
INSERT INTO `sys_oper_log` VALUES (138, '部门管理', 2, 'com.ruoyi.web.controller.system.SysDeptController.edit()', 'PUT', 1, 'admin', NULL, '/system/dept', '127.0.0.1', '内网IP', '{\"ancestors\":\"0,100\",\"children\":[],\"deptId\":102,\"deptName\":\"电子信息学院\",\"email\":\"ry@qq.com\",\"leader\":\"\",\"orderNum\":2,\"parentId\":100,\"parentName\":\"某某大学\",\"phone\":\"15888888888\",\"status\":\"0\",\"updateBy\":\"admin\"}', '{\"msg\":\"操作成功\",\"code\":200}', 0, NULL, '2022-11-14 22:18:14');
INSERT INTO `sys_oper_log` VALUES (139, '部门管理', 2, 'com.ruoyi.web.controller.system.SysDeptController.edit()', 'PUT', 1, 'admin', NULL, '/system/dept', '127.0.0.1', '内网IP', '{\"ancestors\":\"0,100,102\",\"children\":[],\"deptId\":109,\"deptName\":\"2025届\",\"email\":\"ry@qq.com\",\"leader\":\"若依\",\"orderNum\":2,\"parentId\":102,\"parentName\":\"电子信息学院\",\"phone\":\"15888888888\",\"status\":\"0\",\"updateBy\":\"admin\"}', '{\"msg\":\"操作成功\",\"code\":200}', 0, NULL, '2022-11-14 22:18:23');
INSERT INTO `sys_oper_log` VALUES (140, '岗位管理', 2, 'com.ruoyi.web.controller.system.SysPostController.edit()', 'PUT', 1, 'admin', NULL, '/system/post', '127.0.0.1', '内网IP', '{\"createBy\":\"admin\",\"createTime\":\"2022-11-13 20:38:52\",\"flag\":false,\"postCode\":\"ceo\",\"postId\":1,\"postName\":\"校长\",\"postSort\":\"1\",\"remark\":\"\",\"status\":\"0\",\"updateBy\":\"admin\"}', '{\"msg\":\"操作成功\",\"code\":200}', 0, NULL, '2022-11-14 22:21:27');
INSERT INTO `sys_oper_log` VALUES (141, '岗位管理', 2, 'com.ruoyi.web.controller.system.SysPostController.edit()', 'PUT', 1, 'admin', NULL, '/system/post', '127.0.0.1', '内网IP', '{\"createBy\":\"admin\",\"createTime\":\"2022-11-13 20:38:52\",\"flag\":false,\"postCode\":\"se\",\"postId\":2,\"postName\":\"院长\",\"postSort\":\"2\",\"remark\":\"\",\"status\":\"0\",\"updateBy\":\"admin\"}', '{\"msg\":\"操作成功\",\"code\":200}', 0, NULL, '2022-11-14 22:21:41');
INSERT INTO `sys_oper_log` VALUES (142, '岗位管理', 2, 'com.ruoyi.web.controller.system.SysPostController.edit()', 'PUT', 1, 'admin', NULL, '/system/post', '127.0.0.1', '内网IP', '{\"createBy\":\"admin\",\"createTime\":\"2022-11-13 20:38:52\",\"flag\":false,\"postCode\":\"hr\",\"postId\":3,\"postName\":\"教师\",\"postSort\":\"3\",\"remark\":\"\",\"status\":\"0\",\"updateBy\":\"admin\"}', '{\"msg\":\"操作成功\",\"code\":200}', 0, NULL, '2022-11-14 22:21:51');
INSERT INTO `sys_oper_log` VALUES (143, '岗位管理', 2, 'com.ruoyi.web.controller.system.SysPostController.edit()', 'PUT', 1, 'admin', NULL, '/system/post', '127.0.0.1', '内网IP', '{\"createBy\":\"admin\",\"createTime\":\"2022-11-13 20:38:52\",\"flag\":false,\"postCode\":\"user\",\"postId\":4,\"postName\":\"学生\",\"postSort\":\"4\",\"remark\":\"\",\"status\":\"0\",\"updateBy\":\"admin\"}', '{\"msg\":\"操作成功\",\"code\":200}', 0, NULL, '2022-11-14 22:22:00');
INSERT INTO `sys_oper_log` VALUES (144, '岗位管理', 2, 'com.ruoyi.web.controller.system.SysPostController.edit()', 'PUT', 1, 'admin', NULL, '/system/post', '127.0.0.1', '内网IP', '{\"createBy\":\"admin\",\"createTime\":\"2022-11-13 20:38:52\",\"flag\":false,\"postCode\":\"student\",\"postId\":4,\"postName\":\"学生\",\"postSort\":\"4\",\"remark\":\"\",\"status\":\"0\",\"updateBy\":\"admin\"}', '{\"msg\":\"操作成功\",\"code\":200}', 0, NULL, '2022-11-14 22:22:08');
INSERT INTO `sys_oper_log` VALUES (145, '岗位管理', 2, 'com.ruoyi.web.controller.system.SysPostController.edit()', 'PUT', 1, 'admin', NULL, '/system/post', '127.0.0.1', '内网IP', '{\"createBy\":\"admin\",\"createTime\":\"2022-11-13 20:38:52\",\"flag\":false,\"postCode\":\"teacher\",\"postId\":3,\"postName\":\"教师\",\"postSort\":\"3\",\"remark\":\"\",\"status\":\"0\",\"updateBy\":\"admin\"}', '{\"msg\":\"操作成功\",\"code\":200}', 0, NULL, '2022-11-14 22:22:16');
INSERT INTO `sys_oper_log` VALUES (146, '岗位管理', 2, 'com.ruoyi.web.controller.system.SysPostController.edit()', 'PUT', 1, 'admin', NULL, '/system/post', '127.0.0.1', '内网IP', '{\"createBy\":\"admin\",\"createTime\":\"2022-11-13 20:38:52\",\"flag\":false,\"postCode\":\"yz\",\"postId\":2,\"postName\":\"院长\",\"postSort\":\"2\",\"remark\":\"\",\"status\":\"0\",\"updateBy\":\"admin\"}', '{\"msg\":\"操作成功\",\"code\":200}', 0, NULL, '2022-11-14 22:22:22');
INSERT INTO `sys_oper_log` VALUES (147, '通知公告', 2, 'com.ruoyi.web.controller.system.SysNoticeController.edit()', 'PUT', 1, 'admin', NULL, '/system/notice', '127.0.0.1', '内网IP', '{\"createBy\":\"admin\",\"createTime\":\"2022-11-13 20:38:54\",\"noticeContent\":\"新版本内容\",\"noticeId\":1,\"noticeTitle\":\"温馨提醒：2018-07-01 学校考试放假通知\",\"noticeType\":\"2\",\"remark\":\"管理员\",\"status\":\"0\",\"updateBy\":\"admin\"}', '{\"msg\":\"操作成功\",\"code\":200}', 0, NULL, '2022-11-14 22:24:02');
INSERT INTO `sys_oper_log` VALUES (148, '通知公告', 2, 'com.ruoyi.web.controller.system.SysNoticeController.edit()', 'PUT', 1, 'admin', NULL, '/system/notice', '127.0.0.1', '内网IP', '{\"createBy\":\"admin\",\"createTime\":\"2022-11-13 20:38:54\",\"noticeContent\":\"<p>维护内容</p>\",\"noticeId\":2,\"noticeTitle\":\"通知：2018-09-01 学校开学通知\",\"noticeType\":\"1\",\"remark\":\"管理员\",\"status\":\"0\",\"updateBy\":\"admin\"}', '{\"msg\":\"操作成功\",\"code\":200}', 0, NULL, '2022-11-14 22:24:28');
INSERT INTO `sys_oper_log` VALUES (149, '用户管理', 2, 'com.ruoyi.web.controller.system.SysUserController.edit()', 'PUT', 1, 'admin', NULL, '/system/user', '127.0.0.1', '内网IP', '{\"admin\":false,\"avatar\":\"\",\"createBy\":\"admin\",\"createTime\":\"2022-11-13 20:38:52\",\"delFlag\":\"0\",\"dept\":{\"ancestors\":\"0,100,101\",\"children\":[],\"deptId\":105,\"deptName\":\"2025届\",\"leader\":\"\",\"orderNum\":3,\"parentId\":101,\"status\":\"0\"},\"deptId\":105,\"email\":\"123@qq.com\",\"loginDate\":\"2022-11-13 20:38:52\",\"loginIp\":\"127.0.0.1\",\"nickName\":\"精神小伙\",\"phonenumber\":\"15666666666\",\"postIds\":[4],\"remark\":\"测试员\",\"roleIds\":[2],\"roles\":[{\"admin\":false,\"dataScope\":\"2\",\"deptCheckStrictly\":false,\"flag\":false,\"menuCheckStrictly\":false,\"roleId\":2,\"roleKey\":\"common\",\"roleName\":\"普通角色\",\"roleSort\":\"2\",\"status\":\"0\"}],\"sex\":\"1\",\"status\":\"0\",\"updateBy\":\"admin\",\"userId\":2,\"userName\":\"邓周明\"}', '{\"msg\":\"操作成功\",\"code\":200}', 0, NULL, '2022-11-14 22:32:41');
INSERT INTO `sys_oper_log` VALUES (150, '用户管理', 2, 'com.ruoyi.web.controller.system.SysUserController.edit()', 'PUT', 1, 'admin', NULL, '/system/user', '127.0.0.1', '内网IP', '{\"admin\":false,\"avatar\":\"\",\"createBy\":\"admin\",\"createTime\":\"2022-11-13 20:38:52\",\"delFlag\":\"0\",\"dept\":{\"ancestors\":\"0,100,101\",\"children\":[],\"deptId\":105,\"deptName\":\"2025届\",\"leader\":\"\",\"orderNum\":3,\"parentId\":101,\"status\":\"0\"},\"deptId\":105,\"email\":\"123@qq.com\",\"loginDate\":\"2022-11-13 20:38:52\",\"loginIp\":\"127.0.0.1\",\"nickName\":\"精神小伙\",\"phonenumber\":\"15666666666\",\"postIds\":[4],\"remark\":\"测试号\",\"roleIds\":[2],\"roles\":[{\"admin\":false,\"dataScope\":\"2\",\"deptCheckStrictly\":false,\"flag\":false,\"menuCheckStrictly\":false,\"roleId\":2,\"roleKey\":\"common\",\"roleName\":\"普通角色\",\"roleSort\":\"2\",\"status\":\"0\"}],\"sex\":\"1\",\"status\":\"0\",\"updateBy\":\"admin\",\"userId\":2,\"userName\":\"邓周明\"}', '{\"msg\":\"操作成功\",\"code\":200}', 0, NULL, '2022-11-14 22:32:57');
INSERT INTO `sys_oper_log` VALUES (151, '用户管理', 2, 'com.ruoyi.web.controller.system.SysUserController.edit()', 'PUT', 1, 'admin', NULL, '/system/user', '127.0.0.1', '内网IP', '{\"admin\":false,\"avatar\":\"\",\"createBy\":\"admin\",\"createTime\":\"2022-11-13 20:38:52\",\"delFlag\":\"0\",\"dept\":{\"ancestors\":\"0,100,101\",\"children\":[],\"deptId\":105,\"deptName\":\"2025届\",\"leader\":\"\",\"orderNum\":3,\"parentId\":101,\"status\":\"0\"},\"deptId\":105,\"email\":\"123@qq.com\",\"loginDate\":\"2022-11-13 20:38:52\",\"loginIp\":\"127.0.0.1\",\"nickName\":\"精神小伙\",\"phonenumber\":\"15666666666\",\"postIds\":[4],\"remark\":\"测试号\",\"roleIds\":[2],\"roles\":[{\"admin\":false,\"dataScope\":\"2\",\"deptCheckStrictly\":false,\"flag\":false,\"menuCheckStrictly\":false,\"roleId\":2,\"roleKey\":\"common\",\"roleName\":\"普通角色\",\"roleSort\":\"2\",\"status\":\"0\"}],\"sex\":\"1\",\"status\":\"0\",\"updateBy\":\"admin\",\"userId\":2,\"userName\":\"邓周明\"}', '{\"msg\":\"操作成功\",\"code\":200}', 0, NULL, '2022-11-14 22:33:00');
INSERT INTO `sys_oper_log` VALUES (152, '角色管理', 1, 'com.ruoyi.web.controller.system.SysRoleController.add()', 'POST', 1, 'admin', NULL, '/system/role', '127.0.0.1', '内网IP', '{\"admin\":false,\"createBy\":\"admin\",\"deptCheckStrictly\":true,\"deptIds\":[],\"flag\":false,\"menuCheckStrictly\":true,\"menuIds\":[1,2000,100,1000,1001,1002,1003,1004,1005,1006,101,1007,1008,1009,1010,1011,102,1012,1013,1014,1015,103,1016,1017,1018,1019,104,1020,1021,1022,1023,1024,107,1035,1036,1037,1038,2002,4,2003,2004,2005,2006],\"remark\":\"普通管理员\",\"roleId\":100,\"roleKey\":\"root\",\"roleName\":\"系统管理员\",\"roleSort\":\"1\",\"status\":\"0\"}', '{\"msg\":\"操作成功\",\"code\":200}', 0, NULL, '2022-11-14 22:35:56');
INSERT INTO `sys_oper_log` VALUES (153, '角色管理', 2, 'com.ruoyi.web.controller.system.SysRoleController.edit()', 'PUT', 1, 'admin', NULL, '/system/role', '127.0.0.1', '内网IP', '{\"admin\":false,\"createTime\":\"2022-11-14 22:35:55\",\"dataScope\":\"1\",\"delFlag\":\"0\",\"deptCheckStrictly\":true,\"flag\":false,\"menuCheckStrictly\":true,\"menuIds\":[1,2000,100,1000,1001,1002,1003,1004,1005,1006,102,1012,1013,1014,1015,103,1016,1017,1018,1019,104,1020,1021,1022,1023,1024,107,1035,1036,1037,1038,2002,4,2003,2004,2005,2006],\"remark\":\"普通管理员\",\"roleId\":100,\"roleKey\":\"root\",\"roleName\":\"系统管理员\",\"roleSort\":\"1\",\"status\":\"0\",\"updateBy\":\"admin\"}', '{\"msg\":\"操作成功\",\"code\":200}', 0, NULL, '2022-11-14 22:36:35');
INSERT INTO `sys_oper_log` VALUES (154, '角色管理', 2, 'com.ruoyi.web.controller.system.SysRoleController.edit()', 'PUT', 1, 'admin', NULL, '/system/role', '127.0.0.1', '内网IP', '{\"admin\":false,\"createTime\":\"2022-11-14 22:35:55\",\"dataScope\":\"1\",\"delFlag\":\"0\",\"deptCheckStrictly\":true,\"flag\":false,\"menuCheckStrictly\":true,\"menuIds\":[1,2000,100,1000,1001,1002,1003,1004,1005,1006,102,1012,1013,1014,1015,103,1016,1017,1018,1019,104,1020,1021,1022,1023,1024,107,1035,1036,1037,1038,2002,4,2003,2004,2005,2006],\"remark\":\"普通管理员\",\"roleId\":100,\"roleKey\":\"root\",\"roleName\":\"系统管理员\",\"roleSort\":\"1\",\"status\":\"0\",\"updateBy\":\"admin\"}', '{\"msg\":\"操作成功\",\"code\":200}', 0, NULL, '2022-11-14 22:36:35');
INSERT INTO `sys_oper_log` VALUES (155, '用户管理', 2, 'com.ruoyi.web.controller.system.SysUserController.edit()', 'PUT', 1, 'admin', NULL, '/system/user', '127.0.0.1', '内网IP', '{\"admin\":false,\"avatar\":\"\",\"createBy\":\"admin\",\"createTime\":\"2022-11-13 20:38:52\",\"delFlag\":\"0\",\"dept\":{\"ancestors\":\"0,100,101\",\"children\":[],\"deptId\":105,\"deptName\":\"2025届\",\"leader\":\"\",\"orderNum\":3,\"parentId\":101,\"status\":\"0\"},\"deptId\":105,\"email\":\"123@qq.com\",\"loginDate\":\"2022-11-13 20:38:52\",\"loginIp\":\"127.0.0.1\",\"nickName\":\"精神小伙\",\"phonenumber\":\"19967561455\",\"postIds\":[4],\"remark\":\"测试号\",\"roleIds\":[2],\"roles\":[{\"admin\":false,\"dataScope\":\"2\",\"deptCheckStrictly\":false,\"flag\":false,\"menuCheckStrictly\":false,\"roleId\":2,\"roleKey\":\"common\",\"roleName\":\"普通角色\",\"roleSort\":\"2\",\"status\":\"0\"}],\"sex\":\"1\",\"status\":\"0\",\"updateBy\":\"admin\",\"userId\":2,\"userName\":\"邓周明\"}', '{\"msg\":\"操作成功\",\"code\":200}', 0, NULL, '2022-11-14 22:37:04');
INSERT INTO `sys_oper_log` VALUES (156, '岗位管理', 1, 'com.ruoyi.web.controller.system.SysPostController.add()', 'POST', 1, 'admin', NULL, '/system/post', '127.0.0.1', '内网IP', '{\"createBy\":\"admin\",\"flag\":false,\"postCode\":\"home\",\"postId\":5,\"postName\":\"学生家长\",\"postSort\":\"0\",\"status\":\"0\"}', '{\"msg\":\"操作成功\",\"code\":200}', 0, NULL, '2022-11-14 22:40:58');
INSERT INTO `sys_oper_log` VALUES (157, '岗位管理', 2, 'com.ruoyi.web.controller.system.SysPostController.edit()', 'PUT', 1, 'admin', NULL, '/system/post', '127.0.0.1', '内网IP', '{\"createBy\":\"admin\",\"createTime\":\"2022-11-14 22:40:58\",\"flag\":false,\"postCode\":\"home\",\"postId\":5,\"postName\":\"学生家长\",\"postSort\":\"5\",\"status\":\"0\",\"updateBy\":\"admin\"}', '{\"msg\":\"操作成功\",\"code\":200}', 0, NULL, '2022-11-14 22:41:09');
INSERT INTO `sys_oper_log` VALUES (158, '用户管理', 2, 'com.ruoyi.web.controller.system.SysUserController.edit()', 'PUT', 1, 'admin', NULL, '/system/user', '127.0.0.1', '内网IP', '{\"admin\":false,\"avatar\":\"\",\"createBy\":\"admin\",\"createTime\":\"2022-11-13 20:38:52\",\"delFlag\":\"0\",\"dept\":{\"ancestors\":\"0,100,101\",\"children\":[],\"deptId\":105,\"deptName\":\"2025届\",\"leader\":\"\",\"orderNum\":3,\"parentId\":101,\"status\":\"0\"},\"deptId\":105,\"email\":\"123@qq.com\",\"loginDate\":\"2022-11-13 20:38:52\",\"loginIp\":\"127.0.0.1\",\"nickName\":\"精神小伙\",\"phonenumber\":\"19967561455\",\"postIds\":[4],\"remark\":\"测试号\",\"roleIds\":[100],\"roles\":[{\"admin\":false,\"dataScope\":\"2\",\"deptCheckStrictly\":false,\"flag\":false,\"menuCheckStrictly\":false,\"roleId\":2,\"roleKey\":\"common\",\"roleName\":\"普通角色\",\"roleSort\":\"2\",\"status\":\"0\"}],\"sex\":\"1\",\"status\":\"0\",\"updateBy\":\"admin\",\"userId\":2,\"userName\":\"邓周明\"}', '{\"msg\":\"操作成功\",\"code\":200}', 0, NULL, '2022-11-14 22:49:36');
INSERT INTO `sys_oper_log` VALUES (159, '用户管理', 2, 'com.ruoyi.web.controller.system.SysUserController.edit()', 'PUT', 1, 'admin', NULL, '/system/user', '127.0.0.1', '内网IP', '{\"admin\":false,\"avatar\":\"\",\"createBy\":\"admin\",\"createTime\":\"2022-11-13 20:38:52\",\"delFlag\":\"0\",\"dept\":{\"ancestors\":\"0,100,101\",\"children\":[],\"deptId\":105,\"deptName\":\"2025届\",\"leader\":\"\",\"orderNum\":3,\"parentId\":101,\"status\":\"0\"},\"deptId\":105,\"email\":\"123@qq.com\",\"loginDate\":\"2022-11-13 20:38:52\",\"loginIp\":\"127.0.0.1\",\"nickName\":\"精神小伙\",\"phonenumber\":\"19967561455\",\"postIds\":[4],\"remark\":\"测试号\",\"roleIds\":[100],\"roles\":[{\"admin\":false,\"dataScope\":\"2\",\"deptCheckStrictly\":false,\"flag\":false,\"menuCheckStrictly\":false,\"roleId\":2,\"roleKey\":\"common\",\"roleName\":\"普通角色\",\"roleSort\":\"2\",\"status\":\"0\"}],\"sex\":\"1\",\"status\":\"0\",\"updateBy\":\"admin\",\"userId\":2,\"userName\":\"邓周明\"}', '{\"msg\":\"操作成功\",\"code\":200}', 0, NULL, '2022-11-14 22:49:36');
INSERT INTO `sys_oper_log` VALUES (160, '用户管理', 2, 'com.ruoyi.web.controller.system.SysUserController.edit()', 'PUT', 1, 'admin', NULL, '/system/user', '127.0.0.1', '内网IP', '{\"admin\":false,\"avatar\":\"\",\"createBy\":\"admin\",\"createTime\":\"2022-11-13 20:38:52\",\"delFlag\":\"0\",\"dept\":{\"ancestors\":\"0,100,101\",\"children\":[],\"deptId\":105,\"deptName\":\"2025届\",\"leader\":\"\",\"orderNum\":3,\"parentId\":101,\"status\":\"0\"},\"deptId\":105,\"email\":\"123@qq.com\",\"loginDate\":\"2022-11-13 20:38:52\",\"loginIp\":\"127.0.0.1\",\"nickName\":\"精神小伙\",\"phonenumber\":\"19967561455\",\"postIds\":[4],\"remark\":\"测试号\",\"roleIds\":[100],\"roles\":[{\"admin\":false,\"dataScope\":\"1\",\"deptCheckStrictly\":false,\"flag\":false,\"menuCheckStrictly\":false,\"roleId\":100,\"roleKey\":\"root\",\"roleName\":\"系统管理员\",\"roleSort\":\"1\",\"status\":\"0\"}],\"sex\":\"0\",\"status\":\"0\",\"updateBy\":\"admin\",\"userId\":2,\"userName\":\"邓周明\"}', '{\"msg\":\"操作成功\",\"code\":200}', 0, NULL, '2022-11-14 22:49:55');
INSERT INTO `sys_oper_log` VALUES (161, '用户管理', 2, 'com.ruoyi.web.controller.system.SysUserController.edit()', 'PUT', 1, 'admin', NULL, '/system/user', '127.0.0.1', '内网IP', '{\"admin\":false,\"avatar\":\"\",\"createBy\":\"admin\",\"createTime\":\"2022-11-13 20:38:52\",\"delFlag\":\"0\",\"dept\":{\"ancestors\":\"0,100,101\",\"children\":[],\"deptId\":105,\"deptName\":\"2025届\",\"leader\":\"\",\"orderNum\":3,\"parentId\":101,\"status\":\"0\"},\"deptId\":105,\"email\":\"123@qq.com\",\"loginDate\":\"2022-11-13 20:38:52\",\"loginIp\":\"127.0.0.1\",\"nickName\":\"邓周明的小号\",\"phonenumber\":\"19967561455\",\"postIds\":[4],\"remark\":\"测试号\",\"roleIds\":[100],\"roles\":[{\"admin\":false,\"dataScope\":\"1\",\"deptCheckStrictly\":false,\"flag\":false,\"menuCheckStrictly\":false,\"roleId\":100,\"roleKey\":\"root\",\"roleName\":\"系统管理员\",\"roleSort\":\"1\",\"status\":\"0\"}],\"sex\":\"0\",\"status\":\"0\",\"updateBy\":\"admin\",\"userId\":2,\"userName\":\"邓周明\"}', '{\"msg\":\"操作成功\",\"code\":200}', 0, NULL, '2022-11-14 22:54:08');
INSERT INTO `sys_oper_log` VALUES (162, '个人信息', 2, 'com.ruoyi.web.controller.system.SysProfileController.updateProfile()', 'PUT', 1, 'admin', NULL, '/system/user/profile', '127.0.0.1', '内网IP', '{\"admin\":true,\"createBy\":\"admin\",\"createTime\":\"2022-11-13 20:38:52\",\"delFlag\":\"0\",\"dept\":{\"ancestors\":\"0,100,101\",\"children\":[],\"deptId\":103,\"deptName\":\"2023届\",\"leader\":\"\",\"orderNum\":1,\"parentId\":101,\"status\":\"0\"},\"email\":\"123@163.com\",\"loginDate\":\"2022-11-14 22:03:55\",\"loginIp\":\"127.0.0.1\",\"nickName\":\"校长\",\"phonenumber\":\"15888888888\",\"remark\":\"管理员\",\"roles\":[{\"admin\":true,\"dataScope\":\"1\",\"deptCheckStrictly\":false,\"flag\":false,\"menuCheckStrictly\":false,\"roleId\":1,\"roleKey\":\"admin\",\"roleName\":\"超级管理员\",\"roleSort\":\"1\",\"status\":\"0\"}],\"sex\":\"1\",\"status\":\"0\",\"userId\":1,\"userName\":\"admin\"}', '{\"msg\":\"操作成功\",\"code\":200}', 0, NULL, '2022-11-14 22:57:42');
INSERT INTO `sys_oper_log` VALUES (163, '个人信息', 2, 'com.ruoyi.web.controller.system.SysProfileController.updateProfile()', 'PUT', 1, 'admin', NULL, '/system/user/profile', '127.0.0.1', '内网IP', '{\"admin\":true,\"createBy\":\"admin\",\"createTime\":\"2022-11-13 20:38:52\",\"delFlag\":\"0\",\"dept\":{\"ancestors\":\"0,100,101\",\"children\":[],\"deptId\":103,\"deptName\":\"2023届\",\"leader\":\"\",\"orderNum\":1,\"parentId\":101,\"status\":\"0\"},\"email\":\"123@163.com\",\"loginDate\":\"2022-11-14 22:03:55\",\"loginIp\":\"127.0.0.1\",\"nickName\":\"校长\",\"phonenumber\":\"15888888888\",\"remark\":\"管理员\",\"roles\":[{\"admin\":true,\"dataScope\":\"1\",\"deptCheckStrictly\":false,\"flag\":false,\"menuCheckStrictly\":false,\"roleId\":1,\"roleKey\":\"admin\",\"roleName\":\"超级管理员\",\"roleSort\":\"1\",\"status\":\"0\"}],\"sex\":\"0\",\"status\":\"0\",\"userId\":1,\"userName\":\"admin\"}', '{\"msg\":\"操作成功\",\"code\":200}', 0, NULL, '2022-11-14 22:57:44');
INSERT INTO `sys_oper_log` VALUES (164, '菜单管理', 2, 'com.ruoyi.web.controller.system.SysMenuController.edit()', 'PUT', 1, '邓周明', NULL, '/system/menu', '127.0.0.1', '内网IP', '{\"children\":[],\"createTime\":\"2022-11-14 02:02:46\",\"icon\":\"message\",\"isCache\":\"0\",\"isFrame\":\"1\",\"menuId\":2004,\"menuName\":\"公告管理\",\"menuType\":\"M\",\"orderNum\":5,\"parentId\":0,\"path\":\"/gonggao\",\"perms\":\"\",\"status\":\"0\",\"updateBy\":\"邓周明\",\"visible\":\"0\"}', '{\"msg\":\"操作成功\",\"code\":200}', 0, NULL, '2022-11-14 23:01:08');
INSERT INTO `sys_oper_log` VALUES (165, '菜单管理', 2, 'com.ruoyi.web.controller.system.SysMenuController.edit()', 'PUT', 1, '邓周明', NULL, '/system/menu', '127.0.0.1', '内网IP', '{\"children\":[],\"createTime\":\"2022-11-14 02:04:42\",\"icon\":\"build\",\"isCache\":\"0\",\"isFrame\":\"1\",\"menuId\":2006,\"menuName\":\"填表管理\",\"menuType\":\"M\",\"orderNum\":6,\"parentId\":0,\"path\":\"/chart\",\"perms\":\"\",\"status\":\"0\",\"updateBy\":\"邓周明\",\"visible\":\"0\"}', '{\"msg\":\"操作成功\",\"code\":200}', 0, NULL, '2022-11-14 23:01:17');
INSERT INTO `sys_oper_log` VALUES (166, '菜单管理', 2, 'com.ruoyi.web.controller.system.SysMenuController.edit()', 'PUT', 1, '邓周明', NULL, '/system/menu', '127.0.0.1', '内网IP', '{\"children\":[],\"createTime\":\"2022-11-14 02:03:59\",\"icon\":\"edit\",\"isCache\":\"0\",\"isFrame\":\"1\",\"menuId\":2005,\"menuName\":\"报名管理\",\"menuType\":\"M\",\"orderNum\":6,\"parentId\":0,\"path\":\"/baomin\",\"perms\":\"\",\"status\":\"0\",\"updateBy\":\"邓周明\",\"visible\":\"0\"}', '{\"msg\":\"操作成功\",\"code\":200}', 0, NULL, '2022-11-14 23:01:29');
INSERT INTO `sys_oper_log` VALUES (167, '菜单管理', 2, 'com.ruoyi.web.controller.system.SysMenuController.edit()', 'PUT', 1, '邓周明', NULL, '/system/menu', '127.0.0.1', '内网IP', '{\"children\":[],\"component\":\"system/user/index\",\"createTime\":\"2022-11-13 20:38:53\",\"icon\":\"user\",\"isCache\":\"0\",\"isFrame\":\"1\",\"menuId\":100,\"menuName\":\"系统用户管理\",\"menuType\":\"C\",\"orderNum\":1,\"parentId\":1,\"path\":\"user\",\"perms\":\"system:user:list\",\"query\":\"\",\"status\":\"0\",\"updateBy\":\"邓周明\",\"visible\":\"0\"}', '{\"msg\":\"操作成功\",\"code\":200}', 0, NULL, '2022-11-14 23:02:20');
INSERT INTO `sys_oper_log` VALUES (168, '菜单管理', 2, 'com.ruoyi.web.controller.system.SysMenuController.edit()', 'PUT', 1, '邓周明', NULL, '/system/menu', '127.0.0.1', '内网IP', '{\"children\":[],\"component\":\"system/menu/index\",\"createTime\":\"2022-11-13 20:38:53\",\"icon\":\"tree-table\",\"isCache\":\"0\",\"isFrame\":\"1\",\"menuId\":102,\"menuName\":\"系统菜单管理\",\"menuType\":\"C\",\"orderNum\":3,\"parentId\":1,\"path\":\"menu\",\"perms\":\"system:menu:list\",\"query\":\"\",\"status\":\"0\",\"updateBy\":\"邓周明\",\"visible\":\"0\"}', '{\"msg\":\"操作成功\",\"code\":200}', 0, NULL, '2022-11-14 23:03:00');
INSERT INTO `sys_oper_log` VALUES (169, '菜单管理', 2, 'com.ruoyi.web.controller.system.SysMenuController.edit()', 'PUT', 1, '邓周明', NULL, '/system/menu', '127.0.0.1', '内网IP', '{\"children\":[],\"component\":\"system/dept/index\",\"createTime\":\"2022-11-13 20:38:53\",\"icon\":\"tree\",\"isCache\":\"0\",\"isFrame\":\"1\",\"menuId\":103,\"menuName\":\"学校部门管理\",\"menuType\":\"C\",\"orderNum\":4,\"parentId\":1,\"path\":\"dept\",\"perms\":\"system:dept:list\",\"query\":\"\",\"status\":\"0\",\"updateBy\":\"邓周明\",\"visible\":\"0\"}', '{\"msg\":\"操作成功\",\"code\":200}', 0, NULL, '2022-11-14 23:03:10');
INSERT INTO `sys_oper_log` VALUES (170, '菜单管理', 2, 'com.ruoyi.web.controller.system.SysMenuController.edit()', 'PUT', 1, '邓周明', NULL, '/system/menu', '127.0.0.1', '内网IP', '{\"children\":[],\"component\":\"system/post/index\",\"createTime\":\"2022-11-13 20:38:53\",\"icon\":\"post\",\"isCache\":\"0\",\"isFrame\":\"1\",\"menuId\":104,\"menuName\":\"学校岗位管理\",\"menuType\":\"C\",\"orderNum\":5,\"parentId\":1,\"path\":\"post\",\"perms\":\"system:post:list\",\"query\":\"\",\"status\":\"0\",\"updateBy\":\"邓周明\",\"visible\":\"0\"}', '{\"msg\":\"操作成功\",\"code\":200}', 0, NULL, '2022-11-14 23:03:18');
INSERT INTO `sys_oper_log` VALUES (171, '菜单管理', 2, 'com.ruoyi.web.controller.system.SysMenuController.edit()', 'PUT', 1, '邓周明', NULL, '/system/menu', '127.0.0.1', '内网IP', '{\"children\":[],\"component\":\"system/notice/index\",\"createTime\":\"2022-11-13 20:38:53\",\"icon\":\"message\",\"isCache\":\"0\",\"isFrame\":\"1\",\"menuId\":107,\"menuName\":\"通知公告\",\"menuType\":\"C\",\"orderNum\":8,\"parentId\":1,\"path\":\"notice\",\"perms\":\"system:notice:list\",\"query\":\"\",\"status\":\"0\",\"updateBy\":\"邓周明\",\"visible\":\"0\"}', '{\"msg\":\"操作成功\",\"code\":200}', 0, NULL, '2022-11-14 23:03:23');
INSERT INTO `sys_oper_log` VALUES (172, '菜单管理', 2, 'com.ruoyi.web.controller.system.SysMenuController.edit()', 'PUT', 1, '邓周明', NULL, '/system/menu', '127.0.0.1', '内网IP', '{\"children\":[],\"component\":\"system/notice/index\",\"createTime\":\"2022-11-13 20:38:53\",\"icon\":\"message\",\"isCache\":\"0\",\"isFrame\":\"1\",\"menuId\":107,\"menuName\":\"学校公告管理\",\"menuType\":\"C\",\"orderNum\":8,\"parentId\":1,\"path\":\"notice\",\"perms\":\"system:notice:list\",\"query\":\"\",\"status\":\"0\",\"updateBy\":\"邓周明\",\"visible\":\"0\"}', '{\"msg\":\"操作成功\",\"code\":200}', 0, NULL, '2022-11-14 23:25:35');
INSERT INTO `sys_oper_log` VALUES (173, '菜单管理', 2, 'com.ruoyi.web.controller.system.SysMenuController.edit()', 'PUT', 1, 'admin', NULL, '/system/menu', '127.0.0.1', '内网IP', '{\"children\":[],\"component\":\"system/notice/index\",\"createTime\":\"2022-11-13 20:38:53\",\"icon\":\"message\",\"isCache\":\"0\",\"isFrame\":\"1\",\"menuId\":107,\"menuName\":\"公告管理\",\"menuType\":\"C\",\"orderNum\":8,\"parentId\":1,\"path\":\"notice\",\"perms\":\"system:notice:list\",\"query\":\"\",\"status\":\"0\",\"updateBy\":\"admin\",\"visible\":\"0\"}', '{\"msg\":\"操作成功\",\"code\":200}', 0, NULL, '2022-11-17 00:04:26');
INSERT INTO `sys_oper_log` VALUES (174, '菜单管理', 2, 'com.ruoyi.web.controller.system.SysMenuController.edit()', 'PUT', 1, 'admin', NULL, '/system/menu', '127.0.0.1', '内网IP', '{\"children\":[],\"component\":\"system/dept/index\",\"createTime\":\"2022-11-13 20:38:53\",\"icon\":\"tree\",\"isCache\":\"0\",\"isFrame\":\"1\",\"menuId\":103,\"menuName\":\"部门管理\",\"menuType\":\"C\",\"orderNum\":4,\"parentId\":1,\"path\":\"dept\",\"perms\":\"system:dept:list\",\"query\":\"\",\"status\":\"0\",\"updateBy\":\"admin\",\"visible\":\"0\"}', '{\"msg\":\"操作成功\",\"code\":200}', 0, NULL, '2022-11-17 00:04:32');
INSERT INTO `sys_oper_log` VALUES (175, '菜单管理', 2, 'com.ruoyi.web.controller.system.SysMenuController.edit()', 'PUT', 1, 'admin', NULL, '/system/menu', '127.0.0.1', '内网IP', '{\"children\":[],\"component\":\"system/post/index\",\"createTime\":\"2022-11-13 20:38:53\",\"icon\":\"post\",\"isCache\":\"0\",\"isFrame\":\"1\",\"menuId\":104,\"menuName\":\"岗位管理\",\"menuType\":\"C\",\"orderNum\":5,\"parentId\":1,\"path\":\"post\",\"perms\":\"system:post:list\",\"query\":\"\",\"status\":\"0\",\"updateBy\":\"admin\",\"visible\":\"0\"}', '{\"msg\":\"操作成功\",\"code\":200}', 0, NULL, '2022-11-17 00:04:38');
INSERT INTO `sys_oper_log` VALUES (176, '菜单管理', 2, 'com.ruoyi.web.controller.system.SysMenuController.edit()', 'PUT', 1, 'admin', NULL, '/system/menu', '127.0.0.1', '内网IP', '{\"children\":[],\"component\":\"system/menu/index\",\"createTime\":\"2022-11-13 20:38:53\",\"icon\":\"tree-table\",\"isCache\":\"0\",\"isFrame\":\"1\",\"menuId\":102,\"menuName\":\"菜单管理\",\"menuType\":\"C\",\"orderNum\":3,\"parentId\":1,\"path\":\"menu\",\"perms\":\"system:menu:list\",\"query\":\"\",\"status\":\"0\",\"updateBy\":\"admin\",\"visible\":\"0\"}', '{\"msg\":\"操作成功\",\"code\":200}', 0, NULL, '2022-11-17 00:04:45');
INSERT INTO `sys_oper_log` VALUES (177, '菜单管理', 2, 'com.ruoyi.web.controller.system.SysMenuController.edit()', 'PUT', 1, 'admin', NULL, '/system/menu', '127.0.0.1', '内网IP', '{\"children\":[],\"component\":\"system/user/index\",\"createTime\":\"2022-11-13 20:38:53\",\"icon\":\"user\",\"isCache\":\"0\",\"isFrame\":\"1\",\"menuId\":100,\"menuName\":\"用户管理\",\"menuType\":\"C\",\"orderNum\":1,\"parentId\":1,\"path\":\"user\",\"perms\":\"system:user:list\",\"query\":\"\",\"status\":\"0\",\"updateBy\":\"admin\",\"visible\":\"0\"}', '{\"msg\":\"操作成功\",\"code\":200}', 0, NULL, '2022-11-17 00:05:01');
INSERT INTO `sys_oper_log` VALUES (178, '菜单管理', 1, 'com.ruoyi.web.controller.system.SysMenuController.add()', 'POST', 1, 'admin', NULL, '/system/menu', '127.0.0.1', '内网IP', '{\"children\":[],\"component\":\"/subject/index\",\"createBy\":\"admin\",\"icon\":\"excel\",\"isCache\":\"0\",\"isFrame\":\"1\",\"menuName\":\"学科管理\",\"menuType\":\"C\",\"orderNum\":9,\"parentId\":1,\"path\":\"/subject/subject\",\"perms\":\"subject:subject:list\",\"status\":\"0\",\"visible\":\"0\"}', '{\"msg\":\"操作成功\",\"code\":200}', 0, NULL, '2022-11-17 00:06:46');
INSERT INTO `sys_oper_log` VALUES (179, '菜单管理', 2, 'com.ruoyi.web.controller.system.SysMenuController.edit()', 'PUT', 1, 'admin', NULL, '/system/menu', '127.0.0.1', '内网IP', '{\"children\":[],\"component\":\"/subject/index\",\"createTime\":\"2022-11-17 00:06:46\",\"icon\":\"excel\",\"isCache\":\"0\",\"isFrame\":\"1\",\"menuId\":2014,\"menuName\":\"学科管理\",\"menuType\":\"C\",\"orderNum\":9,\"parentId\":1,\"path\":\"/subject/subject\",\"perms\":\"subject:subject:list\",\"status\":\"0\",\"updateBy\":\"admin\",\"visible\":\"0\"}', '{\"msg\":\"操作成功\",\"code\":200}', 0, NULL, '2022-11-17 00:08:19');
INSERT INTO `sys_oper_log` VALUES (180, '菜单管理', 2, 'com.ruoyi.web.controller.system.SysMenuController.edit()', 'PUT', 1, 'admin', NULL, '/system/menu', '127.0.0.1', '内网IP', '{\"children\":[],\"component\":\"/subject/index\",\"createTime\":\"2022-11-17 00:06:46\",\"icon\":\"excel\",\"isCache\":\"0\",\"isFrame\":\"1\",\"menuId\":2014,\"menuName\":\"学科管理\",\"menuType\":\"C\",\"orderNum\":9,\"parentId\":1,\"path\":\"/subject/subject\",\"perms\":\"subject:subject:list\",\"status\":\"0\",\"updateBy\":\"admin\",\"visible\":\"0\"}', '{\"msg\":\"操作成功\",\"code\":200}', 0, NULL, '2022-11-17 00:11:46');
INSERT INTO `sys_oper_log` VALUES (181, '菜单管理', 2, 'com.ruoyi.web.controller.system.SysMenuController.edit()', 'PUT', 1, 'admin', NULL, '/system/menu', '127.0.0.1', '内网IP', '{\"children\":[],\"component\":\"/subject/index\",\"createTime\":\"2022-11-17 00:06:46\",\"icon\":\"excel\",\"isCache\":\"0\",\"isFrame\":\"1\",\"menuId\":2014,\"menuName\":\"学科管理\",\"menuType\":\"C\",\"orderNum\":9,\"parentId\":1,\"path\":\"/subject/subject\",\"perms\":\"subject:subject:list\",\"status\":\"0\",\"updateBy\":\"admin\",\"visible\":\"0\"}', '{\"msg\":\"操作成功\",\"code\":200}', 0, NULL, '2022-11-17 00:13:02');
INSERT INTO `sys_oper_log` VALUES (182, '菜单管理', 2, 'com.ruoyi.web.controller.system.SysMenuController.edit()', 'PUT', 1, 'admin', NULL, '/system/menu', '127.0.0.1', '内网IP', '{\"children\":[],\"component\":\"/subject/index\",\"createTime\":\"2022-11-17 00:06:46\",\"icon\":\"excel\",\"isCache\":\"0\",\"isFrame\":\"1\",\"menuId\":2014,\"menuName\":\"学科管理\",\"menuType\":\"C\",\"orderNum\":9,\"parentId\":1,\"path\":\"/subject\",\"perms\":\"subject:subject:list\",\"status\":\"0\",\"updateBy\":\"admin\",\"visible\":\"0\"}', '{\"msg\":\"操作成功\",\"code\":200}', 0, NULL, '2022-11-17 00:13:47');
INSERT INTO `sys_oper_log` VALUES (183, '菜单管理', 2, 'com.ruoyi.web.controller.system.SysMenuController.edit()', 'PUT', 1, 'admin', NULL, '/system/menu', '127.0.0.1', '内网IP', '{\"children\":[],\"component\":\"subject/index\",\"createTime\":\"2022-11-16 23:17:01\",\"icon\":\"#\",\"isCache\":\"0\",\"isFrame\":\"1\",\"menuId\":2008,\"menuName\":\"学科\",\"menuType\":\"C\",\"orderNum\":1,\"parentId\":3,\"path\":\"/subject/subject\",\"perms\":\"subject:subject:list\",\"status\":\"0\",\"updateBy\":\"admin\",\"visible\":\"0\"}', '{\"msg\":\"操作成功\",\"code\":200}', 0, NULL, '2022-11-17 00:17:03');
INSERT INTO `sys_oper_log` VALUES (184, '菜单管理', 2, 'com.ruoyi.web.controller.system.SysMenuController.edit()', 'PUT', 1, 'admin', NULL, '/system/menu', '127.0.0.1', '内网IP', '{\"children\":[],\"component\":\"/subject/index\",\"createTime\":\"2022-11-17 00:06:46\",\"icon\":\"excel\",\"isCache\":\"0\",\"isFrame\":\"1\",\"menuId\":2014,\"menuName\":\"学科管理\",\"menuType\":\"C\",\"orderNum\":9,\"parentId\":1,\"path\":\"/subject/subject\",\"perms\":\"subject:subject:list\",\"status\":\"0\",\"updateBy\":\"admin\",\"visible\":\"0\"}', '{\"msg\":\"操作成功\",\"code\":200}', 0, NULL, '2022-11-17 00:28:57');
INSERT INTO `sys_oper_log` VALUES (185, '菜单管理', 2, 'com.ruoyi.web.controller.system.SysMenuController.edit()', 'PUT', 1, 'admin', NULL, '/system/menu', '127.0.0.1', '内网IP', '{\"children\":[],\"component\":\"subject/index\",\"createTime\":\"2022-11-16 23:17:01\",\"icon\":\"#\",\"isCache\":\"0\",\"isFrame\":\"1\",\"menuId\":2008,\"menuName\":\"学科\",\"menuType\":\"C\",\"orderNum\":9,\"parentId\":1,\"path\":\"/subject/subject\",\"perms\":\"subject:subject:list\",\"status\":\"0\",\"updateBy\":\"admin\",\"visible\":\"0\"}', '{\"msg\":\"操作成功\",\"code\":200}', 0, NULL, '2022-11-17 00:29:36');
INSERT INTO `sys_oper_log` VALUES (186, '菜单管理', 3, 'com.ruoyi.web.controller.system.SysMenuController.remove()', 'DELETE', 1, 'admin', NULL, '/system/menu/2014', '127.0.0.1', '内网IP', '{menuId=2014}', '{\"msg\":\"操作成功\",\"code\":200}', 0, NULL, '2022-11-17 00:29:42');
INSERT INTO `sys_oper_log` VALUES (187, '菜单管理', 2, 'com.ruoyi.web.controller.system.SysMenuController.edit()', 'PUT', 1, 'admin', NULL, '/system/menu', '127.0.0.1', '内网IP', '{\"children\":[],\"component\":\"subject/index\",\"createTime\":\"2022-11-16 23:17:01\",\"icon\":\"redis\",\"isCache\":\"0\",\"isFrame\":\"1\",\"menuId\":2008,\"menuName\":\"学科\",\"menuType\":\"C\",\"orderNum\":9,\"parentId\":1,\"path\":\"/subject/subject\",\"perms\":\"subject:subject:list\",\"status\":\"0\",\"updateBy\":\"admin\",\"visible\":\"0\"}', '{\"msg\":\"操作成功\",\"code\":200}', 0, NULL, '2022-11-17 00:29:59');
INSERT INTO `sys_oper_log` VALUES (188, '学科', 1, 'com.ruoyi.web.controller.subject.SubjectDbController.add()', 'POST', 1, 'admin', NULL, '/subject/subject', '127.0.0.1', '内网IP', '{\"countPeople\":278,\"desction\":\"无\",\"name\":\"语文\",\"nameZr\":\"王小明\",\"type\":\"文科\",\"xid\":\"10001\"}', NULL, 1, '\n### Error updating database.  Cause: java.sql.SQLSyntaxErrorException: Unknown column \'name_zr\' in \'field list\'\n### The error may exist in file [/Users/hujunjie02/Desktop/myfile/myjavademo/School-work/ruoyi-system/target/classes/mapper/system/subjectMapper.xml]\n### The error may involve com.ruoyi.subject.mapper.SubjectDbMapper.insertSubjectDb-Inline\n### The error occurred while setting parameters\n### SQL: insert into subject_db          ( xid,             name,             name_zr,             count_people,             type,             desction )           values ( ?,             ?,             ?,             ?,             ?,             ? )\n### Cause: java.sql.SQLSyntaxErrorException: Unknown column \'name_zr\' in \'field list\'\n; bad SQL grammar []; nested exception is java.sql.SQLSyntaxErrorException: Unknown column \'name_zr\' in \'field list\'', '2022-11-17 00:31:00');
INSERT INTO `sys_oper_log` VALUES (189, '学科', 1, 'com.ruoyi.web.controller.subject.SubjectDbController.add()', 'POST', 1, 'admin', NULL, '/subject/subject', '127.0.0.1', '内网IP', '{\"countPeople\":278,\"desction\":\"无\",\"name\":\"语文\",\"nameZr\":\"王小明\",\"type\":\"文科\",\"xid\":\"10001\"}', NULL, 1, '\n### Error updating database.  Cause: java.sql.SQLSyntaxErrorException: Unknown column \'name_zr\' in \'field list\'\n### The error may exist in file [/Users/hujunjie02/Desktop/myfile/myjavademo/School-work/ruoyi-system/target/classes/mapper/system/subjectMapper.xml]\n### The error may involve com.ruoyi.subject.mapper.SubjectDbMapper.insertSubjectDb-Inline\n### The error occurred while setting parameters\n### SQL: insert into subject_db          ( xid,             name,             name_zr,             count_people,             type,             desction )           values ( ?,             ?,             ?,             ?,             ?,             ? )\n### Cause: java.sql.SQLSyntaxErrorException: Unknown column \'name_zr\' in \'field list\'\n; bad SQL grammar []; nested exception is java.sql.SQLSyntaxErrorException: Unknown column \'name_zr\' in \'field list\'', '2022-11-17 00:31:04');
INSERT INTO `sys_oper_log` VALUES (190, '学科', 1, 'com.ruoyi.web.controller.subject.SubjectDbController.add()', 'POST', 1, 'admin', NULL, '/subject/subject', '127.0.0.1', '内网IP', '{\"countPeople\":278,\"desction\":\"无\",\"name\":\"语文\",\"nameZr\":\"王小明\",\"type\":\"文科\",\"xid\":\"10001\"}', NULL, 1, '\n### Error updating database.  Cause: java.sql.SQLSyntaxErrorException: Unknown column \'name_zr\' in \'field list\'\n### The error may exist in file [/Users/hujunjie02/Desktop/myfile/myjavademo/School-work/ruoyi-system/target/classes/mapper/system/subjectMapper.xml]\n### The error may involve com.ruoyi.subject.mapper.SubjectDbMapper.insertSubjectDb-Inline\n### The error occurred while setting parameters\n### SQL: insert into subject_db          ( xid,             name,             name_zr,             count_people,             type,             desction )           values ( ?,             ?,             ?,             ?,             ?,             ? )\n### Cause: java.sql.SQLSyntaxErrorException: Unknown column \'name_zr\' in \'field list\'\n; bad SQL grammar []; nested exception is java.sql.SQLSyntaxErrorException: Unknown column \'name_zr\' in \'field list\'', '2022-11-17 00:31:08');
INSERT INTO `sys_oper_log` VALUES (191, '学科', 1, 'com.ruoyi.web.controller.subject.SubjectDbController.add()', 'POST', 1, 'admin', NULL, '/subject/subject', '127.0.0.1', '内网IP', '{\"countPeople\":278,\"desction\":\"无\",\"name\":\"语文\",\"nameZr\":\"王小明\",\"type\":\"文科\",\"xid\":\"10001\"}', NULL, 1, '\n### Error updating database.  Cause: java.sql.SQLSyntaxErrorException: Unknown column \'name_zr\' in \'field list\'\n### The error may exist in file [/Users/hujunjie02/Desktop/myfile/myjavademo/School-work/ruoyi-system/target/classes/mapper/system/subjectMapper.xml]\n### The error may involve com.ruoyi.subject.mapper.SubjectDbMapper.insertSubjectDb-Inline\n### The error occurred while setting parameters\n### SQL: insert into subject_db          ( xid,             name,             name_zr,             count_people,             type,             desction )           values ( ?,             ?,             ?,             ?,             ?,             ? )\n### Cause: java.sql.SQLSyntaxErrorException: Unknown column \'name_zr\' in \'field list\'\n; bad SQL grammar []; nested exception is java.sql.SQLSyntaxErrorException: Unknown column \'name_zr\' in \'field list\'', '2022-11-17 00:31:12');
INSERT INTO `sys_oper_log` VALUES (192, '学科', 1, 'com.ruoyi.web.controller.subject.SubjectDbController.add()', 'POST', 1, 'admin', NULL, '/subject/subject', '127.0.0.1', '内网IP', '{\"countPeople\":278,\"desction\":\"无\",\"name\":\"语文\",\"nameZr\":\"王小明\",\"type\":\"文科\",\"xid\":\"10001\"}', NULL, 1, '\n### Error updating database.  Cause: java.sql.SQLSyntaxErrorException: Unknown column \'name_zr\' in \'field list\'\n### The error may exist in file [/Users/hujunjie02/Desktop/myfile/myjavademo/School-work/ruoyi-system/target/classes/mapper/system/subjectMapper.xml]\n### The error may involve com.ruoyi.subject.mapper.SubjectDbMapper.insertSubjectDb-Inline\n### The error occurred while setting parameters\n### SQL: insert into subject_db          ( xid,             name,             name_zr,             count_people,             type,             desction )           values ( ?,             ?,             ?,             ?,             ?,             ? )\n### Cause: java.sql.SQLSyntaxErrorException: Unknown column \'name_zr\' in \'field list\'\n; bad SQL grammar []; nested exception is java.sql.SQLSyntaxErrorException: Unknown column \'name_zr\' in \'field list\'', '2022-11-17 00:31:16');
INSERT INTO `sys_oper_log` VALUES (193, '学科', 1, 'com.ruoyi.web.controller.subject.SubjectDbController.add()', 'POST', 1, 'admin', NULL, '/subject/subject', '127.0.0.1', '内网IP', '{\"countPeople\":278,\"desction\":\"无\",\"name\":\"语文\",\"nameZr\":\"王小明\",\"type\":\"文科\",\"xid\":\"10001\"}', NULL, 1, '\n### Error updating database.  Cause: java.sql.SQLSyntaxErrorException: Unknown column \'name_zr\' in \'field list\'\n### The error may exist in file [/Users/hujunjie02/Desktop/myfile/myjavademo/School-work/ruoyi-system/target/classes/mapper/system/subjectMapper.xml]\n### The error may involve com.ruoyi.subject.mapper.SubjectDbMapper.insertSubjectDb-Inline\n### The error occurred while setting parameters\n### SQL: insert into subject_db          ( xid,             name,             name_zr,             count_people,             type,             desction )           values ( ?,             ?,             ?,             ?,             ?,             ? )\n### Cause: java.sql.SQLSyntaxErrorException: Unknown column \'name_zr\' in \'field list\'\n; bad SQL grammar []; nested exception is java.sql.SQLSyntaxErrorException: Unknown column \'name_zr\' in \'field list\'', '2022-11-17 00:31:20');
INSERT INTO `sys_oper_log` VALUES (194, '学科', 1, 'com.ruoyi.web.controller.subject.SubjectDbController.add()', 'POST', 1, 'admin', NULL, '/subject/subject', '127.0.0.1', '内网IP', '{\"countPeople\":278,\"desction\":\"无\",\"name\":\"语文\",\"nameZr\":\"王小明\",\"type\":\"文科\",\"xid\":\"10001\"}', NULL, 1, '\n### Error updating database.  Cause: java.sql.SQLSyntaxErrorException: Unknown column \'name_zr\' in \'field list\'\n### The error may exist in file [/Users/hujunjie02/Desktop/myfile/myjavademo/School-work/ruoyi-system/target/classes/mapper/system/subjectMapper.xml]\n### The error may involve com.ruoyi.subject.mapper.SubjectDbMapper.insertSubjectDb-Inline\n### The error occurred while setting parameters\n### SQL: insert into subject_db          ( xid,             name,             name_zr,             count_people,             type,             desction )           values ( ?,             ?,             ?,             ?,             ?,             ? )\n### Cause: java.sql.SQLSyntaxErrorException: Unknown column \'name_zr\' in \'field list\'\n; bad SQL grammar []; nested exception is java.sql.SQLSyntaxErrorException: Unknown column \'name_zr\' in \'field list\'', '2022-11-17 00:31:24');
INSERT INTO `sys_oper_log` VALUES (195, '学科', 1, 'com.ruoyi.web.controller.subject.SubjectDbController.add()', 'POST', 1, 'admin', NULL, '/subject/subject', '127.0.0.1', '内网IP', '{\"countPeople\":278,\"desction\":\"无\",\"name\":\"语文\",\"nameZr\":\"王小明\",\"type\":\"文科\",\"xid\":\"10001\"}', NULL, 1, '\n### Error updating database.  Cause: java.sql.SQLSyntaxErrorException: Unknown column \'count_people\' in \'field list\'\n### The error may exist in file [/Users/hujunjie02/Desktop/myfile/myjavademo/School-work/ruoyi-system/target/classes/mapper/system/subjectMapper.xml]\n### The error may involve com.ruoyi.subject.mapper.SubjectDbMapper.insertSubjectDb-Inline\n### The error occurred while setting parameters\n### SQL: insert into subject_db          ( xid,             name,             name_zr,             count_people,             type,             desction )           values ( ?,             ?,             ?,             ?,             ?,             ? )\n### Cause: java.sql.SQLSyntaxErrorException: Unknown column \'count_people\' in \'field list\'\n; bad SQL grammar []; nested exception is java.sql.SQLSyntaxErrorException: Unknown column \'count_people\' in \'field list\'', '2022-11-17 00:32:42');
INSERT INTO `sys_oper_log` VALUES (196, '学科', 1, 'com.ruoyi.web.controller.subject.SubjectDbController.add()', 'POST', 1, 'admin', NULL, '/subject/subject', '127.0.0.1', '内网IP', '{\"countPeople\":278,\"desction\":\"无\",\"name\":\"语文\",\"nameZr\":\"王小明\",\"type\":\"文科\",\"xid\":\"10001\"}', NULL, 1, '\n### Error updating database.  Cause: java.sql.SQLSyntaxErrorException: Unknown column \'count_people\' in \'field list\'\n### The error may exist in file [/Users/hujunjie02/Desktop/myfile/myjavademo/School-work/ruoyi-system/target/classes/mapper/system/subjectMapper.xml]\n### The error may involve com.ruoyi.subject.mapper.SubjectDbMapper.insertSubjectDb-Inline\n### The error occurred while setting parameters\n### SQL: insert into subject_db          ( xid,             name,             name_zr,             count_people,             type,             desction )           values ( ?,             ?,             ?,             ?,             ?,             ? )\n### Cause: java.sql.SQLSyntaxErrorException: Unknown column \'count_people\' in \'field list\'\n; bad SQL grammar []; nested exception is java.sql.SQLSyntaxErrorException: Unknown column \'count_people\' in \'field list\'', '2022-11-17 00:32:46');
INSERT INTO `sys_oper_log` VALUES (197, '学科', 1, 'com.ruoyi.web.controller.subject.SubjectDbController.add()', 'POST', 1, 'admin', NULL, '/subject/subject', '127.0.0.1', '内网IP', '{\"countPeople\":278,\"desction\":\"无\",\"name\":\"语文\",\"nameZr\":\"王小明\",\"type\":\"文科\",\"xid\":\"10001\"}', NULL, 1, '\n### Error updating database.  Cause: java.sql.SQLSyntaxErrorException: Unknown column \'count_people\' in \'field list\'\n### The error may exist in file [/Users/hujunjie02/Desktop/myfile/myjavademo/School-work/ruoyi-system/target/classes/mapper/system/subjectMapper.xml]\n### The error may involve com.ruoyi.subject.mapper.SubjectDbMapper.insertSubjectDb-Inline\n### The error occurred while setting parameters\n### SQL: insert into subject_db          ( xid,             name,             name_zr,             count_people,             type,             desction )           values ( ?,             ?,             ?,             ?,             ?,             ? )\n### Cause: java.sql.SQLSyntaxErrorException: Unknown column \'count_people\' in \'field list\'\n; bad SQL grammar []; nested exception is java.sql.SQLSyntaxErrorException: Unknown column \'count_people\' in \'field list\'', '2022-11-17 00:33:13');
INSERT INTO `sys_oper_log` VALUES (198, '学科', 1, 'com.ruoyi.web.controller.subject.SubjectDbController.add()', 'POST', 1, 'admin', NULL, '/subject/subject', '127.0.0.1', '内网IP', '{\"countPeople\":278,\"desction\":\"无\",\"name\":\"语文\",\"nameZr\":\"王小明\",\"type\":\"文科\",\"xid\":\"10001\"}', NULL, 1, '\n### Error updating database.  Cause: java.sql.SQLSyntaxErrorException: Unknown column \'count_people\' in \'field list\'\n### The error may exist in file [/Users/hujunjie02/Desktop/myfile/myjavademo/School-work/ruoyi-system/target/classes/mapper/system/subjectMapper.xml]\n### The error may involve com.ruoyi.subject.mapper.SubjectDbMapper.insertSubjectDb-Inline\n### The error occurred while setting parameters\n### SQL: insert into subject_db          ( xid,             name,             name_zr,             count_people,             type,             desction )           values ( ?,             ?,             ?,             ?,             ?,             ? )\n### Cause: java.sql.SQLSyntaxErrorException: Unknown column \'count_people\' in \'field list\'\n; bad SQL grammar []; nested exception is java.sql.SQLSyntaxErrorException: Unknown column \'count_people\' in \'field list\'', '2022-11-17 00:33:17');
INSERT INTO `sys_oper_log` VALUES (199, '学科', 1, 'com.ruoyi.web.controller.subject.SubjectDbController.add()', 'POST', 1, 'admin', NULL, '/subject/subject', '127.0.0.1', '内网IP', '{\"countPeople\":278,\"desction\":\"无\",\"name\":\"语文\",\"nameZr\":\"王小明\",\"type\":\"文科\",\"xid\":\"10001\"}', NULL, 1, '\n### Error updating database.  Cause: java.sql.SQLSyntaxErrorException: Unknown column \'count_people\' in \'field list\'\n### The error may exist in file [/Users/hujunjie02/Desktop/myfile/myjavademo/School-work/ruoyi-system/target/classes/mapper/system/subjectMapper.xml]\n### The error may involve com.ruoyi.subject.mapper.SubjectDbMapper.insertSubjectDb-Inline\n### The error occurred while setting parameters\n### SQL: insert into subject_db          ( xid,             name,             name_zr,             count_people,             type,             desction )           values ( ?,             ?,             ?,             ?,             ?,             ? )\n### Cause: java.sql.SQLSyntaxErrorException: Unknown column \'count_people\' in \'field list\'\n; bad SQL grammar []; nested exception is java.sql.SQLSyntaxErrorException: Unknown column \'count_people\' in \'field list\'', '2022-11-17 00:33:20');
INSERT INTO `sys_oper_log` VALUES (200, '学科', 1, 'com.ruoyi.web.controller.subject.SubjectDbController.add()', 'POST', 1, 'admin', NULL, '/subject/subject', '127.0.0.1', '内网IP', '{\"countPeople\":278,\"desction\":\"无\",\"name\":\"语文\",\"nameZr\":\"王小明\",\"type\":\"文科\",\"xid\":\"10001\"}', NULL, 1, '\n### Error updating database.  Cause: java.sql.SQLSyntaxErrorException: Unknown column \'count_people\' in \'field list\'\n### The error may exist in file [/Users/hujunjie02/Desktop/myfile/myjavademo/School-work/ruoyi-system/target/classes/mapper/system/subjectMapper.xml]\n### The error may involve com.ruoyi.subject.mapper.SubjectDbMapper.insertSubjectDb-Inline\n### The error occurred while setting parameters\n### SQL: insert into subject_db          ( xid,             name,             name_zr,             count_people,             type,             desction )           values ( ?,             ?,             ?,             ?,             ?,             ? )\n### Cause: java.sql.SQLSyntaxErrorException: Unknown column \'count_people\' in \'field list\'\n; bad SQL grammar []; nested exception is java.sql.SQLSyntaxErrorException: Unknown column \'count_people\' in \'field list\'', '2022-11-17 00:33:24');
INSERT INTO `sys_oper_log` VALUES (201, '学科', 1, 'com.ruoyi.web.controller.subject.SubjectDbController.add()', 'POST', 1, 'admin', NULL, '/subject/subject', '127.0.0.1', '内网IP', '{\"countPeople\":278,\"desction\":\"无\",\"name\":\"语文\",\"nameZr\":\"王小明\",\"type\":\"文科\",\"xid\":\"10001\"}', NULL, 1, '\n### Error updating database.  Cause: java.sql.SQLException: Field \'id\' doesn\'t have a default value\n### The error may exist in file [/Users/hujunjie02/Desktop/myfile/myjavademo/School-work/ruoyi-system/target/classes/mapper/system/subjectMapper.xml]\n### The error may involve com.ruoyi.subject.mapper.SubjectDbMapper.insertSubjectDb-Inline\n### The error occurred while setting parameters\n### SQL: insert into subject_db          ( xid,             name,             name_zr,             count_people,             type,             desction )           values ( ?,             ?,             ?,             ?,             ?,             ? )\n### Cause: java.sql.SQLException: Field \'id\' doesn\'t have a default value\n; Field \'id\' doesn\'t have a default value; nested exception is java.sql.SQLException: Field \'id\' doesn\'t have a default value', '2022-11-17 00:33:39');
INSERT INTO `sys_oper_log` VALUES (202, '学科', 1, 'com.ruoyi.web.controller.subject.SubjectDbController.add()', 'POST', 1, 'admin', NULL, '/subject/subject', '127.0.0.1', '内网IP', '{\"countPeople\":278,\"desction\":\"无\",\"name\":\"语文\",\"nameZr\":\"王小明\",\"type\":\"文科\",\"xid\":\"10001\"}', NULL, 1, '\n### Error updating database.  Cause: java.sql.SQLException: Field \'id\' doesn\'t have a default value\n### The error may exist in file [/Users/hujunjie02/Desktop/myfile/myjavademo/School-work/ruoyi-system/target/classes/mapper/system/subjectMapper.xml]\n### The error may involve com.ruoyi.subject.mapper.SubjectDbMapper.insertSubjectDb-Inline\n### The error occurred while setting parameters\n### SQL: insert into subject_db          ( xid,             name,             name_zr,             count_people,             type,             desction )           values ( ?,             ?,             ?,             ?,             ?,             ? )\n### Cause: java.sql.SQLException: Field \'id\' doesn\'t have a default value\n; Field \'id\' doesn\'t have a default value; nested exception is java.sql.SQLException: Field \'id\' doesn\'t have a default value', '2022-11-17 00:33:44');
INSERT INTO `sys_oper_log` VALUES (203, '学科', 1, 'com.ruoyi.web.controller.subject.SubjectDbController.add()', 'POST', 1, 'admin', NULL, '/subject/subject', '127.0.0.1', '内网IP', '{\"countPeople\":278,\"desction\":\"无\",\"id\":1,\"name\":\"语文\",\"nameZr\":\"王小明\",\"type\":\"文科\",\"xid\":\"10001\"}', '{\"msg\":\"操作成功\",\"code\":200}', 0, NULL, '2022-11-17 00:33:58');
INSERT INTO `sys_oper_log` VALUES (204, '学科', 1, 'com.ruoyi.web.controller.subject.SubjectDbController.add()', 'POST', 1, 'admin', NULL, '/subject/subject', '127.0.0.1', '内网IP', '{\"countPeople\":256,\"desction\":\"数学yyds\",\"id\":2,\"name\":\"数学\",\"nameZr\":\"王强\",\"type\":\"理科\",\"xid\":\"10002\"}', '{\"msg\":\"操作成功\",\"code\":200}', 0, NULL, '2022-11-17 00:34:56');
INSERT INTO `sys_oper_log` VALUES (205, '菜单管理', 2, 'com.ruoyi.web.controller.system.SysMenuController.edit()', 'PUT', 1, 'admin', NULL, '/system/menu', '127.0.0.1', '内网IP', '{\"children\":[],\"component\":\"subject/index\",\"createTime\":\"2022-11-16 23:17:01\",\"icon\":\"redis\",\"isCache\":\"0\",\"isFrame\":\"1\",\"menuId\":2008,\"menuName\":\"学科管理\",\"menuType\":\"C\",\"orderNum\":9,\"parentId\":1,\"path\":\"/subject/subject\",\"perms\":\"subject:subject:list\",\"status\":\"0\",\"updateBy\":\"admin\",\"visible\":\"0\"}', '{\"msg\":\"操作成功\",\"code\":200}', 0, NULL, '2022-11-17 00:36:05');
INSERT INTO `sys_oper_log` VALUES (206, '角色管理', 2, 'com.ruoyi.web.controller.system.SysRoleController.edit()', 'PUT', 1, 'admin', NULL, '/system/role', '127.0.0.1', '内网IP', '{\"admin\":false,\"createTime\":\"2022-11-14 22:35:55\",\"dataScope\":\"1\",\"delFlag\":\"0\",\"deptCheckStrictly\":true,\"flag\":false,\"menuCheckStrictly\":true,\"menuIds\":[1,2000,100,1000,1001,1002,1003,1004,1005,1006,102,1012,1013,1014,1015,103,1016,1017,1018,1019,104,1020,1021,1022,1023,1024,107,1035,1036,1037,1038,2008,2009,2010,2011,2012,2013,2002,4,2003,2004,2005,2006],\"remark\":\"普通管理员\",\"roleId\":100,\"roleKey\":\"root\",\"roleName\":\"系统管理员\",\"roleSort\":\"1\",\"status\":\"0\",\"updateBy\":\"admin\"}', '{\"msg\":\"操作成功\",\"code\":200}', 0, NULL, '2022-11-17 00:37:58');
INSERT INTO `sys_oper_log` VALUES (207, '菜单管理', 2, 'com.ruoyi.web.controller.system.SysMenuController.edit()', 'PUT', 1, 'admin', NULL, '/system/menu', '127.0.0.1', '内网IP', '{\"children\":[],\"createTime\":\"2022-11-13 20:38:53\",\"icon\":\"guide\",\"isCache\":\"0\",\"isFrame\":\"0\",\"menuId\":4,\"menuName\":\"学校官网\",\"menuType\":\"M\",\"orderNum\":4,\"parentId\":0,\"path\":\"https://www.pku.edu.cn\",\"perms\":\"\",\"query\":\"\",\"status\":\"0\",\"updateBy\":\"admin\",\"visible\":\"1\"}', '{\"msg\":\"操作成功\",\"code\":200}', 0, NULL, '2022-11-17 00:39:04');
INSERT INTO `sys_oper_log` VALUES (208, '菜单管理', 2, 'com.ruoyi.web.controller.system.SysMenuController.edit()', 'PUT', 1, 'admin', NULL, '/system/menu', '127.0.0.1', '内网IP', '{\"children\":[],\"createTime\":\"2022-11-13 20:38:53\",\"icon\":\"guide\",\"isCache\":\"0\",\"isFrame\":\"0\",\"menuId\":4,\"menuName\":\"学校官网\",\"menuType\":\"M\",\"orderNum\":4,\"parentId\":0,\"path\":\"https://www.pku.edu.cn\",\"perms\":\"\",\"query\":\"\",\"status\":\"0\",\"updateBy\":\"admin\",\"visible\":\"1\"}', '{\"msg\":\"操作成功\",\"code\":200}', 0, NULL, '2022-11-17 00:40:00');
INSERT INTO `sys_oper_log` VALUES (209, '菜单管理', 2, 'com.ruoyi.web.controller.system.SysMenuController.edit()', 'PUT', 1, '邓周明', NULL, '/system/menu', '127.0.0.1', '内网IP', '{\"children\":[],\"createTime\":\"2022-11-13 20:38:53\",\"icon\":\"guide\",\"isCache\":\"0\",\"isFrame\":\"0\",\"menuId\":4,\"menuName\":\"学校官网\",\"menuType\":\"M\",\"orderNum\":4,\"parentId\":0,\"path\":\"https://www.pku.edu.cn\",\"perms\":\"\",\"query\":\"\",\"status\":\"0\",\"updateBy\":\"邓周明\",\"visible\":\"0\"}', '{\"msg\":\"操作成功\",\"code\":200}', 0, NULL, '2022-11-17 00:41:26');
INSERT INTO `sys_oper_log` VALUES (210, '菜单管理', 2, 'com.ruoyi.web.controller.system.SysMenuController.edit()', 'PUT', 1, '邓周明', NULL, '/system/menu', '127.0.0.1', '内网IP', '{\"children\":[],\"createTime\":\"2022-11-13 20:38:53\",\"icon\":\"guide\",\"isCache\":\"0\",\"isFrame\":\"0\",\"menuId\":4,\"menuName\":\"学校官网\",\"menuType\":\"M\",\"orderNum\":7,\"parentId\":0,\"path\":\"https://www.pku.edu.cn\",\"perms\":\"\",\"query\":\"\",\"status\":\"0\",\"updateBy\":\"邓周明\",\"visible\":\"0\"}', '{\"msg\":\"操作成功\",\"code\":200}', 0, NULL, '2022-11-17 00:41:45');
INSERT INTO `sys_oper_log` VALUES (211, '菜单管理', 2, 'com.ruoyi.web.controller.system.SysMenuController.edit()', 'PUT', 1, '邓周明', NULL, '/system/menu', '127.0.0.1', '内网IP', '{\"children\":[],\"component\":\"subject/index\",\"createTime\":\"2022-11-16 23:17:01\",\"icon\":\"redis\",\"isCache\":\"0\",\"isFrame\":\"1\",\"menuId\":2008,\"menuName\":\"学科管理\",\"menuType\":\"C\",\"orderNum\":6,\"parentId\":1,\"path\":\"/subject/subject\",\"perms\":\"subject:subject:list\",\"status\":\"0\",\"updateBy\":\"邓周明\",\"visible\":\"0\"}', '{\"msg\":\"操作成功\",\"code\":200}', 0, NULL, '2022-11-17 00:42:57');
INSERT INTO `sys_oper_log` VALUES (212, '代码生成', 6, 'com.ruoyi.generator.controller.GenController.importTableSave()', 'POST', 1, 'admin', NULL, '/tool/gen/importTable', '127.0.0.1', '内网IP', '\"subject_db\"', '{\"msg\":\"操作成功\",\"code\":200}', 0, NULL, '2022-11-19 15:30:08');
INSERT INTO `sys_oper_log` VALUES (213, '代码生成', 3, 'com.ruoyi.generator.controller.GenController.remove()', 'DELETE', 1, 'admin', NULL, '/tool/gen/1', '127.0.0.1', '内网IP', '{tableIds=1}', '{\"msg\":\"操作成功\",\"code\":200}', 0, NULL, '2022-11-19 15:39:30');
INSERT INTO `sys_oper_log` VALUES (214, '代码生成', 6, 'com.ruoyi.generator.controller.GenController.importTableSave()', 'POST', 1, 'admin', NULL, '/tool/gen/importTable', '127.0.0.1', '内网IP', '\"student_grade\"', '{\"msg\":\"操作成功\",\"code\":200}', 0, NULL, '2022-11-19 15:39:37');
INSERT INTO `sys_oper_log` VALUES (215, '代码生成', 2, 'com.ruoyi.generator.controller.GenController.editSave()', 'PUT', 1, 'admin', NULL, '/tool/gen', '127.0.0.1', '内网IP', '{\"businessName\":\"grade\",\"className\":\"StudentGrade\",\"columns\":[{\"capJavaField\":\"Id\",\"columnComment\":\"ID\",\"columnId\":8,\"columnName\":\"id\",\"columnType\":\"int(12)\",\"createBy\":\"admin\",\"createTime\":\"2022-11-19 15:39:36\",\"dictType\":\"\",\"edit\":false,\"htmlType\":\"input\",\"increment\":true,\"insert\":true,\"isIncrement\":\"1\",\"isInsert\":\"1\",\"isPk\":\"1\",\"javaField\":\"id\",\"javaType\":\"Long\",\"list\":false,\"pk\":true,\"query\":false,\"queryType\":\"EQ\",\"required\":false,\"sort\":1,\"superColumn\":false,\"tableId\":2,\"updateBy\":\"\",\"usableColumn\":false},{\"capJavaField\":\"StuId\",\"columnComment\":\"学生ID\",\"columnId\":9,\"columnName\":\"stu_id\",\"columnType\":\"varchar(100)\",\"createBy\":\"admin\",\"createTime\":\"2022-11-19 15:39:36\",\"dictType\":\"\",\"edit\":true,\"htmlType\":\"input\",\"increment\":false,\"insert\":true,\"isEdit\":\"1\",\"isIncrement\":\"0\",\"isInsert\":\"1\",\"isList\":\"1\",\"isPk\":\"0\",\"isQuery\":\"1\",\"javaField\":\"stuId\",\"javaType\":\"String\",\"list\":true,\"pk\":false,\"query\":true,\"queryType\":\"EQ\",\"required\":false,\"sort\":2,\"superColumn\":false,\"tableId\":2,\"updateBy\":\"\",\"usableColumn\":false},{\"capJavaField\":\"StuName\",\"columnComment\":\"学生姓名\",\"columnId\":10,\"columnName\":\"stu_name\",\"columnType\":\"varchar(100)\",\"createBy\":\"admin\",\"createTime\":\"2022-11-19 15:39:36\",\"dictType\":\"\",\"edit\":true,\"htmlType\":\"input\",\"increment\":false,\"insert\":true,\"isEdit\":\"1\",\"isIncrement\":\"0\",\"isInsert\":\"1\",\"isList\":\"1\",\"isPk\":\"0\",\"isQuery\":\"1\",\"javaField\":\"stuName\",\"javaType\":\"String\",\"list\":true,\"pk\":false,\"query\":true,\"queryType\":\"LIKE\",\"required\":false,\"sort\":3,\"superColumn\":false,\"tableId\":2,\"updateBy\":\"\",\"usableColumn\":false},{\"capJavaField\":\"Yuwen\",\"columnComment\":\"语文\",\"columnId\":11,\"columnName\":\"yuwen\",\"columnType\":\"float\",\"createBy\":\"admin\",\"createTime\":\"2022-11-19 15:39:36\",\"dictType\":\"\",\"edit\":true,\"htmlType\":\"input\",\"increment\":false,\"insert\":true,\"isEdit\":\"1\",\"isIncrement\":\"0\",\"isInsert\":\"1\",\"isList\":\"1\",\"isPk\":\"0\",\"isQuery\":\"0\",\"javaField\":\"yuwen\",\"javaType\":\"Long\",\"list\":true,\"pk\":false,\"query\":false,\"queryType\":\"EQ\",\"required\":false,\"sort\":4,\"superColumn\":fal', '{\"msg\":\"操作成功\",\"code\":200}', 0, NULL, '2022-11-19 15:42:08');
INSERT INTO `sys_oper_log` VALUES (216, '字典类型', 1, 'com.ruoyi.web.controller.system.SysDictTypeController.add()', 'POST', 1, 'admin', NULL, '/system/dict/type', '127.0.0.1', '内网IP', '{\"createBy\":\"admin\",\"dictName\":\"班级分类\",\"dictType\":\"stu_class\",\"status\":\"0\"}', '{\"msg\":\"操作成功\",\"code\":200}', 0, NULL, '2022-11-19 15:42:58');
INSERT INTO `sys_oper_log` VALUES (217, '字典数据', 1, 'com.ruoyi.web.controller.system.SysDictDataController.add()', 'POST', 1, 'admin', NULL, '/system/dict/data', '127.0.0.1', '内网IP', '{\"createBy\":\"admin\",\"default\":false,\"dictLabel\":\"1\",\"dictSort\":0,\"dictType\":\"stu_class\",\"dictValue\":\"1班\",\"listClass\":\"default\",\"status\":\"0\"}', '{\"msg\":\"操作成功\",\"code\":200}', 0, NULL, '2022-11-19 15:45:47');
INSERT INTO `sys_oper_log` VALUES (218, '字典数据', 2, 'com.ruoyi.web.controller.system.SysDictDataController.edit()', 'PUT', 1, 'admin', NULL, '/system/dict/data', '127.0.0.1', '内网IP', '{\"createBy\":\"admin\",\"createTime\":\"2022-11-19 15:45:47\",\"cssClass\":\"color=yellow\",\"default\":false,\"dictCode\":30,\"dictLabel\":\"1\",\"dictSort\":0,\"dictType\":\"stu_class\",\"dictValue\":\"1班\",\"isDefault\":\"N\",\"listClass\":\"default\",\"status\":\"0\",\"updateBy\":\"admin\"}', '{\"msg\":\"操作成功\",\"code\":200}', 0, NULL, '2022-11-19 15:47:01');
INSERT INTO `sys_oper_log` VALUES (219, '字典数据', 1, 'com.ruoyi.web.controller.system.SysDictDataController.add()', 'POST', 1, 'admin', NULL, '/system/dict/data', '127.0.0.1', '内网IP', '{\"createBy\":\"admin\",\"default\":false,\"dictLabel\":\"2班\",\"dictSort\":0,\"dictType\":\"stu_class\",\"dictValue\":\"2\",\"listClass\":\"default\",\"status\":\"0\"}', '{\"msg\":\"操作成功\",\"code\":200}', 0, NULL, '2022-11-19 15:47:35');
INSERT INTO `sys_oper_log` VALUES (220, '字典数据', 2, 'com.ruoyi.web.controller.system.SysDictDataController.edit()', 'PUT', 1, 'admin', NULL, '/system/dict/data', '127.0.0.1', '内网IP', '{\"createBy\":\"admin\",\"createTime\":\"2022-11-19 15:45:47\",\"cssClass\":\"color=yellow\",\"default\":false,\"dictCode\":30,\"dictLabel\":\"1班\",\"dictSort\":0,\"dictType\":\"stu_class\",\"dictValue\":\"1\",\"isDefault\":\"N\",\"listClass\":\"default\",\"status\":\"0\",\"updateBy\":\"admin\"}', '{\"msg\":\"操作成功\",\"code\":200}', 0, NULL, '2022-11-19 15:47:44');
INSERT INTO `sys_oper_log` VALUES (221, '字典数据', 1, 'com.ruoyi.web.controller.system.SysDictDataController.add()', 'POST', 1, 'admin', NULL, '/system/dict/data', '127.0.0.1', '内网IP', '{\"createBy\":\"admin\",\"default\":false,\"dictLabel\":\"3班\",\"dictSort\":0,\"dictType\":\"stu_class\",\"dictValue\":\"3\",\"listClass\":\"default\",\"status\":\"0\"}', '{\"msg\":\"操作成功\",\"code\":200}', 0, NULL, '2022-11-19 15:48:05');
INSERT INTO `sys_oper_log` VALUES (222, '字典类型', 1, 'com.ruoyi.web.controller.system.SysDictTypeController.add()', 'POST', 1, 'admin', NULL, '/system/dict/type', '127.0.0.1', '内网IP', '{\"createBy\":\"admin\",\"dictName\":\"年级管理\",\"dictType\":\"stu_nianji\",\"status\":\"0\"}', '{\"msg\":\"操作成功\",\"code\":200}', 0, NULL, '2022-11-19 15:48:52');
INSERT INTO `sys_oper_log` VALUES (223, '字典数据', 1, 'com.ruoyi.web.controller.system.SysDictDataController.add()', 'POST', 1, 'admin', NULL, '/system/dict/data', '127.0.0.1', '内网IP', '{\"createBy\":\"admin\",\"default\":false,\"dictLabel\":\"高一\",\"dictSort\":0,\"dictType\":\"stu_nianji\",\"dictValue\":\"1\",\"listClass\":\"primary\",\"status\":\"0\"}', '{\"msg\":\"操作成功\",\"code\":200}', 0, NULL, '2022-11-19 15:49:19');
INSERT INTO `sys_oper_log` VALUES (224, '字典数据', 2, 'com.ruoyi.web.controller.system.SysDictDataController.edit()', 'PUT', 1, 'admin', NULL, '/system/dict/data', '127.0.0.1', '内网IP', '{\"createBy\":\"admin\",\"createTime\":\"2022-11-19 15:49:19\",\"default\":false,\"dictCode\":33,\"dictLabel\":\"高二\",\"dictSort\":0,\"dictType\":\"stu_nianji\",\"dictValue\":\"1\",\"isDefault\":\"N\",\"listClass\":\"primary\",\"status\":\"0\",\"updateBy\":\"admin\"}', '{\"msg\":\"操作成功\",\"code\":200}', 0, NULL, '2022-11-19 15:49:27');
INSERT INTO `sys_oper_log` VALUES (225, '字典数据', 2, 'com.ruoyi.web.controller.system.SysDictDataController.edit()', 'PUT', 1, 'admin', NULL, '/system/dict/data', '127.0.0.1', '内网IP', '{\"createBy\":\"admin\",\"createTime\":\"2022-11-19 15:49:19\",\"default\":false,\"dictCode\":33,\"dictLabel\":\"高一\",\"dictSort\":0,\"dictType\":\"stu_nianji\",\"dictValue\":\"1\",\"isDefault\":\"N\",\"listClass\":\"primary\",\"status\":\"0\",\"updateBy\":\"admin\"}', '{\"msg\":\"操作成功\",\"code\":200}', 0, NULL, '2022-11-19 15:49:35');
INSERT INTO `sys_oper_log` VALUES (226, '字典数据', 1, 'com.ruoyi.web.controller.system.SysDictDataController.add()', 'POST', 1, 'admin', NULL, '/system/dict/data', '127.0.0.1', '内网IP', '{\"createBy\":\"admin\",\"default\":false,\"dictLabel\":\"高二\",\"dictSort\":0,\"dictType\":\"stu_nianji\",\"dictValue\":\"2\",\"listClass\":\"default\",\"status\":\"0\"}', '{\"msg\":\"操作成功\",\"code\":200}', 0, NULL, '2022-11-19 15:49:50');
INSERT INTO `sys_oper_log` VALUES (227, '字典数据', 2, 'com.ruoyi.web.controller.system.SysDictDataController.edit()', 'PUT', 1, 'admin', NULL, '/system/dict/data', '127.0.0.1', '内网IP', '{\"createBy\":\"admin\",\"createTime\":\"2022-11-19 15:49:49\",\"default\":false,\"dictCode\":34,\"dictLabel\":\"高二\",\"dictSort\":0,\"dictType\":\"stu_nianji\",\"dictValue\":\"2\",\"isDefault\":\"N\",\"listClass\":\"primary\",\"status\":\"0\",\"updateBy\":\"admin\"}', '{\"msg\":\"操作成功\",\"code\":200}', 0, NULL, '2022-11-19 15:49:59');
INSERT INTO `sys_oper_log` VALUES (228, '字典数据', 2, 'com.ruoyi.web.controller.system.SysDictDataController.edit()', 'PUT', 1, 'admin', NULL, '/system/dict/data', '127.0.0.1', '内网IP', '{\"createBy\":\"admin\",\"createTime\":\"2022-11-19 15:49:49\",\"default\":false,\"dictCode\":34,\"dictLabel\":\"高三\",\"dictSort\":0,\"dictType\":\"stu_nianji\",\"dictValue\":\"2\",\"isDefault\":\"N\",\"listClass\":\"primary\",\"status\":\"0\",\"updateBy\":\"admin\"}', '{\"msg\":\"操作成功\",\"code\":200}', 0, NULL, '2022-11-19 15:50:09');
INSERT INTO `sys_oper_log` VALUES (229, '字典数据', 2, 'com.ruoyi.web.controller.system.SysDictDataController.edit()', 'PUT', 1, 'admin', NULL, '/system/dict/data', '127.0.0.1', '内网IP', '{\"createBy\":\"admin\",\"createTime\":\"2022-11-19 15:49:49\",\"default\":false,\"dictCode\":34,\"dictLabel\":\"高二\",\"dictSort\":0,\"dictType\":\"stu_nianji\",\"dictValue\":\"2\",\"isDefault\":\"N\",\"listClass\":\"primary\",\"status\":\"0\",\"updateBy\":\"admin\"}', '{\"msg\":\"操作成功\",\"code\":200}', 0, NULL, '2022-11-19 15:50:15');
INSERT INTO `sys_oper_log` VALUES (230, '字典数据', 1, 'com.ruoyi.web.controller.system.SysDictDataController.add()', 'POST', 1, 'admin', NULL, '/system/dict/data', '127.0.0.1', '内网IP', '{\"createBy\":\"admin\",\"default\":false,\"dictLabel\":\"高三\",\"dictSort\":0,\"dictType\":\"stu_nianji\",\"dictValue\":\"3\",\"listClass\":\"primary\",\"status\":\"0\"}', '{\"msg\":\"操作成功\",\"code\":200}', 0, NULL, '2022-11-19 15:50:25');
INSERT INTO `sys_oper_log` VALUES (231, '代码生成', 2, 'com.ruoyi.generator.controller.GenController.editSave()', 'PUT', 1, 'admin', NULL, '/tool/gen', '127.0.0.1', '内网IP', '{\"businessName\":\"grade\",\"className\":\"StudentGrade\",\"columns\":[{\"capJavaField\":\"Id\",\"columnComment\":\"ID\",\"columnId\":8,\"columnName\":\"id\",\"columnType\":\"int(12)\",\"createBy\":\"admin\",\"createTime\":\"2022-11-19 15:39:36\",\"dictType\":\"\",\"edit\":false,\"htmlType\":\"input\",\"increment\":true,\"insert\":true,\"isIncrement\":\"1\",\"isInsert\":\"1\",\"isPk\":\"1\",\"javaField\":\"id\",\"javaType\":\"Long\",\"list\":false,\"pk\":true,\"query\":false,\"queryType\":\"EQ\",\"required\":false,\"sort\":1,\"superColumn\":false,\"tableId\":2,\"updateBy\":\"\",\"updateTime\":\"2022-11-19 15:42:07\",\"usableColumn\":false},{\"capJavaField\":\"StuId\",\"columnComment\":\"学生ID\",\"columnId\":9,\"columnName\":\"stu_id\",\"columnType\":\"varchar(100)\",\"createBy\":\"admin\",\"createTime\":\"2022-11-19 15:39:36\",\"dictType\":\"\",\"edit\":true,\"htmlType\":\"input\",\"increment\":false,\"insert\":true,\"isEdit\":\"1\",\"isIncrement\":\"0\",\"isInsert\":\"1\",\"isList\":\"1\",\"isPk\":\"0\",\"isQuery\":\"1\",\"javaField\":\"stuId\",\"javaType\":\"String\",\"list\":true,\"pk\":false,\"query\":true,\"queryType\":\"EQ\",\"required\":false,\"sort\":2,\"superColumn\":false,\"tableId\":2,\"updateBy\":\"\",\"updateTime\":\"2022-11-19 15:42:07\",\"usableColumn\":false},{\"capJavaField\":\"StuName\",\"columnComment\":\"学生姓名\",\"columnId\":10,\"columnName\":\"stu_name\",\"columnType\":\"varchar(100)\",\"createBy\":\"admin\",\"createTime\":\"2022-11-19 15:39:36\",\"dictType\":\"\",\"edit\":true,\"htmlType\":\"input\",\"increment\":false,\"insert\":true,\"isEdit\":\"1\",\"isIncrement\":\"0\",\"isInsert\":\"1\",\"isList\":\"1\",\"isPk\":\"0\",\"isQuery\":\"1\",\"javaField\":\"stuName\",\"javaType\":\"String\",\"list\":true,\"pk\":false,\"query\":true,\"queryType\":\"LIKE\",\"required\":false,\"sort\":3,\"superColumn\":false,\"tableId\":2,\"updateBy\":\"\",\"updateTime\":\"2022-11-19 15:42:07\",\"usableColumn\":false},{\"capJavaField\":\"Yuwen\",\"columnComment\":\"语文\",\"columnId\":11,\"columnName\":\"yuwen\",\"columnType\":\"float\",\"createBy\":\"admin\",\"createTime\":\"2022-11-19 15:39:36\",\"dictType\":\"\",\"edit\":true,\"htmlType\":\"input\",\"increment\":false,\"insert\":true,\"isEdit\":\"1\",\"isIncrement\":\"0\",\"isInsert\":\"1\",\"isList\":\"1\",\"isPk\":\"0\",\"isQuery\":\"0\",\"javaField\":\"yuwen\",\"javaType\"', '{\"msg\":\"操作成功\",\"code\":200}', 0, NULL, '2022-11-19 15:51:17');
INSERT INTO `sys_oper_log` VALUES (232, '代码生成', 2, 'com.ruoyi.generator.controller.GenController.editSave()', 'PUT', 1, 'admin', NULL, '/tool/gen', '127.0.0.1', '内网IP', '{\"businessName\":\"grade\",\"className\":\"StudentGrade\",\"columns\":[{\"capJavaField\":\"Id\",\"columnComment\":\"ID\",\"columnId\":8,\"columnName\":\"id\",\"columnType\":\"int(12)\",\"createBy\":\"admin\",\"createTime\":\"2022-11-19 15:39:36\",\"dictType\":\"\",\"edit\":false,\"htmlType\":\"input\",\"increment\":true,\"insert\":true,\"isIncrement\":\"1\",\"isInsert\":\"1\",\"isPk\":\"1\",\"javaField\":\"id\",\"javaType\":\"Long\",\"list\":false,\"pk\":true,\"query\":false,\"queryType\":\"EQ\",\"required\":false,\"sort\":1,\"superColumn\":false,\"tableId\":2,\"updateBy\":\"\",\"updateTime\":\"2022-11-19 15:51:16\",\"usableColumn\":false},{\"capJavaField\":\"StuId\",\"columnComment\":\"学生ID\",\"columnId\":9,\"columnName\":\"stu_id\",\"columnType\":\"varchar(100)\",\"createBy\":\"admin\",\"createTime\":\"2022-11-19 15:39:36\",\"dictType\":\"\",\"edit\":true,\"htmlType\":\"input\",\"increment\":false,\"insert\":true,\"isEdit\":\"1\",\"isIncrement\":\"0\",\"isInsert\":\"1\",\"isList\":\"1\",\"isPk\":\"0\",\"isQuery\":\"1\",\"javaField\":\"stuId\",\"javaType\":\"String\",\"list\":true,\"pk\":false,\"query\":true,\"queryType\":\"EQ\",\"required\":false,\"sort\":2,\"superColumn\":false,\"tableId\":2,\"updateBy\":\"\",\"updateTime\":\"2022-11-19 15:51:16\",\"usableColumn\":false},{\"capJavaField\":\"StuName\",\"columnComment\":\"学生姓名\",\"columnId\":10,\"columnName\":\"stu_name\",\"columnType\":\"varchar(100)\",\"createBy\":\"admin\",\"createTime\":\"2022-11-19 15:39:36\",\"dictType\":\"\",\"edit\":true,\"htmlType\":\"input\",\"increment\":false,\"insert\":true,\"isEdit\":\"1\",\"isIncrement\":\"0\",\"isInsert\":\"1\",\"isList\":\"1\",\"isPk\":\"0\",\"isQuery\":\"1\",\"javaField\":\"stuName\",\"javaType\":\"String\",\"list\":true,\"pk\":false,\"query\":true,\"queryType\":\"LIKE\",\"required\":false,\"sort\":3,\"superColumn\":false,\"tableId\":2,\"updateBy\":\"\",\"updateTime\":\"2022-11-19 15:51:16\",\"usableColumn\":false},{\"capJavaField\":\"Yuwen\",\"columnComment\":\"语文\",\"columnId\":11,\"columnName\":\"yuwen\",\"columnType\":\"float\",\"createBy\":\"admin\",\"createTime\":\"2022-11-19 15:39:36\",\"dictType\":\"\",\"edit\":true,\"htmlType\":\"input\",\"increment\":false,\"insert\":true,\"isEdit\":\"1\",\"isIncrement\":\"0\",\"isInsert\":\"1\",\"isList\":\"1\",\"isPk\":\"0\",\"isQuery\":\"0\",\"javaField\":\"yuwen\",\"javaType\"', '{\"msg\":\"操作成功\",\"code\":200}', 0, NULL, '2022-11-19 15:52:07');
INSERT INTO `sys_oper_log` VALUES (233, '代码生成', 2, 'com.ruoyi.generator.controller.GenController.editSave()', 'PUT', 1, 'admin', NULL, '/tool/gen', '127.0.0.1', '内网IP', '{\"businessName\":\"grade\",\"className\":\"StudentGrade\",\"columns\":[{\"capJavaField\":\"Id\",\"columnComment\":\"ID\",\"columnId\":8,\"columnName\":\"id\",\"columnType\":\"int(12)\",\"createBy\":\"admin\",\"createTime\":\"2022-11-19 15:39:36\",\"dictType\":\"\",\"edit\":false,\"htmlType\":\"input\",\"increment\":true,\"insert\":true,\"isIncrement\":\"1\",\"isInsert\":\"1\",\"isPk\":\"1\",\"javaField\":\"id\",\"javaType\":\"Long\",\"list\":false,\"pk\":true,\"query\":false,\"queryType\":\"EQ\",\"required\":false,\"sort\":1,\"superColumn\":false,\"tableId\":2,\"updateBy\":\"\",\"updateTime\":\"2022-11-19 15:52:06\",\"usableColumn\":false},{\"capJavaField\":\"StuId\",\"columnComment\":\"学生ID\",\"columnId\":9,\"columnName\":\"stu_id\",\"columnType\":\"varchar(100)\",\"createBy\":\"admin\",\"createTime\":\"2022-11-19 15:39:36\",\"dictType\":\"\",\"edit\":true,\"htmlType\":\"input\",\"increment\":false,\"insert\":true,\"isEdit\":\"1\",\"isIncrement\":\"0\",\"isInsert\":\"1\",\"isList\":\"1\",\"isPk\":\"0\",\"isQuery\":\"1\",\"javaField\":\"stuId\",\"javaType\":\"String\",\"list\":true,\"pk\":false,\"query\":true,\"queryType\":\"EQ\",\"required\":false,\"sort\":2,\"superColumn\":false,\"tableId\":2,\"updateBy\":\"\",\"updateTime\":\"2022-11-19 15:52:06\",\"usableColumn\":false},{\"capJavaField\":\"StuName\",\"columnComment\":\"学生姓名\",\"columnId\":10,\"columnName\":\"stu_name\",\"columnType\":\"varchar(100)\",\"createBy\":\"admin\",\"createTime\":\"2022-11-19 15:39:36\",\"dictType\":\"\",\"edit\":true,\"htmlType\":\"input\",\"increment\":false,\"insert\":true,\"isEdit\":\"1\",\"isIncrement\":\"0\",\"isInsert\":\"1\",\"isList\":\"1\",\"isPk\":\"0\",\"isQuery\":\"1\",\"javaField\":\"stuName\",\"javaType\":\"String\",\"list\":true,\"pk\":false,\"query\":true,\"queryType\":\"LIKE\",\"required\":false,\"sort\":3,\"superColumn\":false,\"tableId\":2,\"updateBy\":\"\",\"updateTime\":\"2022-11-19 15:52:06\",\"usableColumn\":false},{\"capJavaField\":\"Yuwen\",\"columnComment\":\"语文\",\"columnId\":11,\"columnName\":\"yuwen\",\"columnType\":\"float\",\"createBy\":\"admin\",\"createTime\":\"2022-11-19 15:39:36\",\"dictType\":\"\",\"edit\":true,\"htmlType\":\"input\",\"increment\":false,\"insert\":true,\"isEdit\":\"1\",\"isIncrement\":\"0\",\"isInsert\":\"1\",\"isList\":\"1\",\"isPk\":\"0\",\"isQuery\":\"0\",\"javaField\":\"yuwen\",\"javaType\"', '{\"msg\":\"操作成功\",\"code\":200}', 0, NULL, '2022-11-19 15:53:36');
INSERT INTO `sys_oper_log` VALUES (234, '通知公告', 1, 'com.ruoyi.web.controller.system.SysNoticeController.add()', 'POST', 1, 'admin', NULL, '/system/notice', '127.0.0.1', '内网IP', '{\"createBy\":\"admin\",\"noticeContent\":\"<p>-- 菜单 SQL</p><p>insert into sys_menu (menu_name, parent_id, order_num, path, component, is_frame, is_cache, menu_type, visible, status, perms, icon, create_by, create_time, update_by, update_time, remark)</p><p>values(\'syudent_grade\', \'3\', \'1\', \'grade\', \'system/grade/index\', 1, 0, \'C\', \'0\', \'0\', \'system:grade:list\', \'#\', \'admin\', sysdate(), \'\', null, \'syudent_grade菜单\');</p><p><br></p><p>-- 按钮父菜单ID</p><p>SELECT @parentId := LAST_INSERT_ID();</p><p><br></p><p>-- 按钮 SQL</p><p>insert into sys_menu (menu_name, parent_id, order_num, path, component, is_frame, is_cache, menu_type, visible, status, perms, icon, create_by, create_time, update_by, update_time, remark)</p><p>values(\'syudent_grade查询\', @parentId, \'1\',  \'#\', \'\', 1, 0, \'F\', \'0\', \'0\', \'system:grade:query\',        \'#\', \'admin\', sysdate(), \'\', null, \'\');</p><p><br></p><p>insert into sys_menu (menu_name, parent_id, order_num, path, component, is_frame, is_cache, menu_type, visible, status, perms, icon, create_by, create_time, update_by, update_time, remark)</p><p>values(\'syudent_grade新增\', @parentId, \'2\',  \'#\', \'\', 1, 0, \'F\', \'0\', \'0\', \'system:grade:add\',          \'#\', \'admin\', sysdate(), \'\', null, \'\');</p><p><br></p><p>insert into sys_menu (menu_name, parent_id, order_num, path, component, is_frame, is_cache, menu_type, visible, status, perms, icon, create_by, create_time, update_by, update_time, remark)</p><p>values(\'syudent_grade修改\', @parentId, \'3\',  \'#\', \'\', 1, 0, \'F\', \'0\', \'0\', \'system:grade:edit\',         \'#\', \'admin\', sysdate(), \'\', null, \'\');</p><p><br></p><p>insert into sys_menu (menu_name, parent_id, order_num, path, component, is_frame, is_cache, menu_type, visible, status, perms, icon, create_by, create_time, update_by, update_time, remark)</p><p>values(\'syudent_grade删除\', @parentId, \'4\',  \'#\', \'\', 1, 0, \'F\', \'0\', \'0\', \'system:grade:remove\',       \'#\', \'admin\', sysdate(), \'\', null, \'\');</p><p><br></p><p>insert into sys_menu (menu_name, parent_id, order_num, path, compo', '{\"msg\":\"操作成功\",\"code\":200}', 0, NULL, '2022-11-19 16:00:15');
INSERT INTO `sys_oper_log` VALUES (235, '通知公告', 3, 'com.ruoyi.web.controller.system.SysNoticeController.remove()', 'DELETE', 1, 'admin', NULL, '/system/notice/3', '127.0.0.1', '内网IP', '{noticeIds=3}', '{\"msg\":\"操作成功\",\"code\":200}', 0, NULL, '2022-11-19 16:02:44');
INSERT INTO `sys_oper_log` VALUES (236, '用户管理', 2, 'com.ruoyi.web.controller.system.SysUserController.edit()', 'PUT', 1, 'admin', NULL, '/system/user', '127.0.0.1', '内网IP', '{\"admin\":false,\"avatar\":\"\",\"createBy\":\"\",\"createTime\":\"2022-11-14 23:21:33\",\"delFlag\":\"0\",\"email\":\"\",\"loginDate\":\"2022-11-14 23:22:01\",\"loginIp\":\"127.0.0.1\",\"nickName\":\"王小明\",\"phonenumber\":\"\",\"postIds\":[],\"remark\":\"-- 菜单 SQL\\ninsert into sys_menu (menu_name, parent_id, order_num, path, component, is_frame, is_cache, menu_type, visible, status, perms, icon, create_by, create_time, update_by, update_time, remark)\\nvalues(\'syudent_grade\', \'3\', \'1\', \'grade\', \'system/grade/index\', 1, 0, \'C\', \'0\', \'0\', \'system:grade:list\', \'#\', \'admin\', sysdate(), \'\', null, \'syudent_grade菜单\');\\n\\n-- 按钮父菜单ID\\nSELECT @parentId := LAST_INSERT_ID();\\n\\n-- 按钮 SQL\\ninsert into sys_menu (menu_name, parent_id, order_num, path, component, is_frame, is_cache, menu_type, visible, status, perms, icon, create_by, create_time, update_by, update_time, remark)\\nvalues(\'syudent_grade查询\', @parentId, \'1\',  \'#\', \'\', 1, 0, \'F\', \'0\', \'0\', \'system:grade:query\',        \'#\', \'admin\', sysdate(), \'\', null, \'\');\\n\\ninsert into sys_menu (menu_name, parent_id, order_num, path, component, is_frame, is_cache, menu_type, visible, status, perms, icon, create_by, create_time, update_by, update_time, remark)\\nvalues(\'syudent_grade新增\', @parentId, \'2\',  \'#\', \'\', 1, 0, \'F\', \'0\', \'0\', \'system:grade:add\',          \'#\', \'admin\', sysdate(), \'\', null, \'\');\\n\\ninsert into sys_menu (menu_name, parent_id, order_num, path, component, is_frame, is_cache, menu_type, visible, status, perms, icon, create_by, create_time, update_by, update_time, remark)\\nvalues(\'syudent_grade修改\', @parentId, \'3\',  \'#\', \'\', 1, 0, \'F\', \'0\', \'0\', \'system:grade:edit\',         \'#\', \'admin\', sysdate(), \'\', null, \'\');\\n\\ninsert into sys_menu (menu_name, parent_id, order_num, path, component, is_frame, is_cache, menu_type, visible, status, perms, icon, create_by, create_time, update_by, update_time, remark)\\nvalues(\'syudent_grade删除\', @parentId, \'4\',  \'#\', \'\', 1, 0, \'F\', \'0\', \'0\', \'system:grade:remove\',       \'#\', \'admin\', sysdate(), \'\', null, \'\');\\n\\ninsert into sys_', '{\"msg\":\"操作成功\",\"code\":200}', 0, NULL, '2022-11-19 16:19:25');
INSERT INTO `sys_oper_log` VALUES (237, '菜单管理', 3, 'com.ruoyi.web.controller.system.SysMenuController.remove()', 'DELETE', 1, 'admin', NULL, '/system/menu/2016', '127.0.0.1', '内网IP', '{menuId=2016}', '{\"msg\":\"存在子菜单,不允许删除\",\"code\":601}', 0, NULL, '2022-11-19 16:26:24');
INSERT INTO `sys_oper_log` VALUES (238, '菜单管理', 3, 'com.ruoyi.web.controller.system.SysMenuController.remove()', 'DELETE', 1, 'admin', NULL, '/system/menu/2017', '127.0.0.1', '内网IP', '{menuId=2017}', '{\"msg\":\"操作成功\",\"code\":200}', 0, NULL, '2022-11-19 16:26:34');
INSERT INTO `sys_oper_log` VALUES (239, '菜单管理', 3, 'com.ruoyi.web.controller.system.SysMenuController.remove()', 'DELETE', 1, 'admin', NULL, '/system/menu/2018', '127.0.0.1', '内网IP', '{menuId=2018}', '{\"msg\":\"操作成功\",\"code\":200}', 0, NULL, '2022-11-19 16:26:36');
INSERT INTO `sys_oper_log` VALUES (240, '菜单管理', 3, 'com.ruoyi.web.controller.system.SysMenuController.remove()', 'DELETE', 1, 'admin', NULL, '/system/menu/2019', '127.0.0.1', '内网IP', '{menuId=2019}', '{\"msg\":\"操作成功\",\"code\":200}', 0, NULL, '2022-11-19 16:26:39');
INSERT INTO `sys_oper_log` VALUES (241, '菜单管理', 3, 'com.ruoyi.web.controller.system.SysMenuController.remove()', 'DELETE', 1, 'admin', NULL, '/system/menu/2020', '127.0.0.1', '内网IP', '{menuId=2020}', '{\"msg\":\"操作成功\",\"code\":200}', 0, NULL, '2022-11-19 16:26:41');
INSERT INTO `sys_oper_log` VALUES (242, '菜单管理', 3, 'com.ruoyi.web.controller.system.SysMenuController.remove()', 'DELETE', 1, 'admin', NULL, '/system/menu/2021', '127.0.0.1', '内网IP', '{menuId=2021}', '{\"msg\":\"操作成功\",\"code\":200}', 0, NULL, '2022-11-19 16:26:43');
INSERT INTO `sys_oper_log` VALUES (243, '菜单管理', 3, 'com.ruoyi.web.controller.system.SysMenuController.remove()', 'DELETE', 1, 'admin', NULL, '/system/menu/2016', '127.0.0.1', '内网IP', '{menuId=2016}', '{\"msg\":\"操作成功\",\"code\":200}', 0, NULL, '2022-11-19 16:26:47');
INSERT INTO `sys_oper_log` VALUES (244, '菜单管理', 3, 'com.ruoyi.web.controller.system.SysMenuController.remove()', 'DELETE', 1, 'admin', NULL, '/system/menu/2015', '127.0.0.1', '内网IP', '{menuId=2015}', '{\"msg\":\"操作成功\",\"code\":200}', 0, NULL, '2022-11-19 16:26:58');
INSERT INTO `sys_oper_log` VALUES (245, '菜单管理', 3, 'com.ruoyi.web.controller.system.SysMenuController.remove()', 'DELETE', 1, 'admin', NULL, '/system/menu/2014', '127.0.0.1', '内网IP', '{menuId=2014}', '{\"msg\":\"操作成功\",\"code\":200}', 0, NULL, '2022-11-19 16:27:01');
INSERT INTO `sys_oper_log` VALUES (246, '菜单管理', 2, 'com.ruoyi.web.controller.system.SysMenuController.edit()', 'PUT', 1, 'admin', NULL, '/system/menu', '127.0.0.1', '内网IP', '{\"children\":[],\"component\":\"system/grade/index\",\"createTime\":\"2022-11-19 16:27:15\",\"icon\":\"#\",\"isCache\":\"0\",\"isFrame\":\"1\",\"menuId\":2022,\"menuName\":\"成绩管理\",\"menuType\":\"C\",\"orderNum\":1,\"parentId\":3,\"path\":\"grade\",\"perms\":\"system:grade:list\",\"status\":\"0\",\"updateBy\":\"admin\",\"visible\":\"0\"}', '{\"msg\":\"操作成功\",\"code\":200}', 0, NULL, '2022-11-19 16:29:06');
INSERT INTO `sys_oper_log` VALUES (247, '菜单管理', 2, 'com.ruoyi.web.controller.system.SysMenuController.edit()', 'PUT', 1, 'admin', NULL, '/system/menu', '127.0.0.1', '内网IP', '{\"children\":[],\"component\":\"\",\"createTime\":\"2022-11-19 16:27:15\",\"icon\":\"#\",\"isCache\":\"0\",\"isFrame\":\"1\",\"menuId\":2023,\"menuName\":\"成绩查询\",\"menuType\":\"F\",\"orderNum\":1,\"parentId\":2022,\"path\":\"#\",\"perms\":\"system:grade:query\",\"status\":\"0\",\"updateBy\":\"admin\",\"visible\":\"0\"}', '{\"msg\":\"操作成功\",\"code\":200}', 0, NULL, '2022-11-19 16:29:12');
INSERT INTO `sys_oper_log` VALUES (248, '菜单管理', 2, 'com.ruoyi.web.controller.system.SysMenuController.edit()', 'PUT', 1, 'admin', NULL, '/system/menu', '127.0.0.1', '内网IP', '{\"children\":[],\"component\":\"\",\"createTime\":\"2022-11-19 16:27:15\",\"icon\":\"#\",\"isCache\":\"0\",\"isFrame\":\"1\",\"menuId\":2024,\"menuName\":\"成绩新增\",\"menuType\":\"F\",\"orderNum\":2,\"parentId\":2022,\"path\":\"#\",\"perms\":\"system:grade:add\",\"status\":\"0\",\"updateBy\":\"admin\",\"visible\":\"0\"}', '{\"msg\":\"操作成功\",\"code\":200}', 0, NULL, '2022-11-19 16:29:18');
INSERT INTO `sys_oper_log` VALUES (249, '菜单管理', 2, 'com.ruoyi.web.controller.system.SysMenuController.edit()', 'PUT', 1, 'admin', NULL, '/system/menu', '127.0.0.1', '内网IP', '{\"children\":[],\"component\":\"\",\"createTime\":\"2022-11-19 16:27:15\",\"icon\":\"#\",\"isCache\":\"0\",\"isFrame\":\"1\",\"menuId\":2025,\"menuName\":\"成绩修改\",\"menuType\":\"F\",\"orderNum\":3,\"parentId\":2022,\"path\":\"#\",\"perms\":\"system:grade:edit\",\"status\":\"0\",\"updateBy\":\"admin\",\"visible\":\"0\"}', '{\"msg\":\"操作成功\",\"code\":200}', 0, NULL, '2022-11-19 16:29:25');
INSERT INTO `sys_oper_log` VALUES (250, '菜单管理', 2, 'com.ruoyi.web.controller.system.SysMenuController.edit()', 'PUT', 1, 'admin', NULL, '/system/menu', '127.0.0.1', '内网IP', '{\"children\":[],\"component\":\"\",\"createTime\":\"2022-11-19 16:27:15\",\"icon\":\"#\",\"isCache\":\"0\",\"isFrame\":\"1\",\"menuId\":2026,\"menuName\":\"成绩删除\",\"menuType\":\"F\",\"orderNum\":4,\"parentId\":2022,\"path\":\"#\",\"perms\":\"system:grade:remove\",\"status\":\"0\",\"updateBy\":\"admin\",\"visible\":\"0\"}', '{\"msg\":\"操作成功\",\"code\":200}', 0, NULL, '2022-11-19 16:29:30');
INSERT INTO `sys_oper_log` VALUES (251, '菜单管理', 2, 'com.ruoyi.web.controller.system.SysMenuController.edit()', 'PUT', 1, 'admin', NULL, '/system/menu', '127.0.0.1', '内网IP', '{\"children\":[],\"component\":\"\",\"createTime\":\"2022-11-19 16:27:15\",\"icon\":\"#\",\"isCache\":\"0\",\"isFrame\":\"1\",\"menuId\":2027,\"menuName\":\"成绩导出\",\"menuType\":\"F\",\"orderNum\":5,\"parentId\":2022,\"path\":\"#\",\"perms\":\"system:grade:export\",\"status\":\"0\",\"updateBy\":\"admin\",\"visible\":\"0\"}', '{\"msg\":\"操作成功\",\"code\":200}', 0, NULL, '2022-11-19 16:29:36');
INSERT INTO `sys_oper_log` VALUES (252, '菜单管理', 2, 'com.ruoyi.web.controller.system.SysMenuController.edit()', 'PUT', 1, 'admin', NULL, '/system/menu', '127.0.0.1', '内网IP', '{\"children\":[],\"component\":\"subject/index_grade\",\"createTime\":\"2022-11-19 16:27:15\",\"icon\":\"#\",\"isCache\":\"0\",\"isFrame\":\"1\",\"menuId\":2022,\"menuName\":\"成绩管理\",\"menuType\":\"C\",\"orderNum\":1,\"parentId\":3,\"path\":\"/subject/grade\",\"perms\":\"system:grade:list\",\"status\":\"0\",\"updateBy\":\"admin\",\"visible\":\"0\"}', '{\"msg\":\"操作成功\",\"code\":200}', 0, NULL, '2022-11-19 16:30:20');
INSERT INTO `sys_oper_log` VALUES (253, '代码生成', 2, 'com.ruoyi.generator.controller.GenController.editSave()', 'PUT', 1, 'admin', NULL, '/tool/gen', '127.0.0.1', '内网IP', '{\"businessName\":\"grade\",\"className\":\"StudentGrade\",\"columns\":[{\"capJavaField\":\"Id\",\"columnComment\":\"ID\",\"columnId\":8,\"columnName\":\"id\",\"columnType\":\"int(12)\",\"createBy\":\"admin\",\"createTime\":\"2022-11-19 15:39:36\",\"dictType\":\"\",\"edit\":false,\"htmlType\":\"input\",\"increment\":true,\"insert\":true,\"isIncrement\":\"1\",\"isInsert\":\"1\",\"isPk\":\"1\",\"javaField\":\"id\",\"javaType\":\"Long\",\"list\":false,\"pk\":true,\"query\":false,\"queryType\":\"EQ\",\"required\":false,\"sort\":1,\"superColumn\":false,\"tableId\":2,\"updateBy\":\"\",\"updateTime\":\"2022-11-19 15:53:35\",\"usableColumn\":false},{\"capJavaField\":\"StuId\",\"columnComment\":\"学生ID\",\"columnId\":9,\"columnName\":\"stu_id\",\"columnType\":\"varchar(100)\",\"createBy\":\"admin\",\"createTime\":\"2022-11-19 15:39:36\",\"dictType\":\"\",\"edit\":true,\"htmlType\":\"input\",\"increment\":false,\"insert\":true,\"isEdit\":\"1\",\"isIncrement\":\"0\",\"isInsert\":\"1\",\"isList\":\"1\",\"isPk\":\"0\",\"isQuery\":\"1\",\"javaField\":\"stuId\",\"javaType\":\"String\",\"list\":true,\"pk\":false,\"query\":true,\"queryType\":\"EQ\",\"required\":false,\"sort\":2,\"superColumn\":false,\"tableId\":2,\"updateBy\":\"\",\"updateTime\":\"2022-11-19 15:53:35\",\"usableColumn\":false},{\"capJavaField\":\"StuName\",\"columnComment\":\"学生姓名\",\"columnId\":10,\"columnName\":\"stu_name\",\"columnType\":\"varchar(100)\",\"createBy\":\"admin\",\"createTime\":\"2022-11-19 15:39:36\",\"dictType\":\"\",\"edit\":true,\"htmlType\":\"input\",\"increment\":false,\"insert\":true,\"isEdit\":\"1\",\"isIncrement\":\"0\",\"isInsert\":\"1\",\"isList\":\"1\",\"isPk\":\"0\",\"isQuery\":\"1\",\"javaField\":\"stuName\",\"javaType\":\"String\",\"list\":true,\"pk\":false,\"query\":true,\"queryType\":\"LIKE\",\"required\":false,\"sort\":3,\"superColumn\":false,\"tableId\":2,\"updateBy\":\"\",\"updateTime\":\"2022-11-19 15:53:35\",\"usableColumn\":false},{\"capJavaField\":\"Yuwen\",\"columnComment\":\"语文\",\"columnId\":11,\"columnName\":\"yuwen\",\"columnType\":\"float\",\"createBy\":\"admin\",\"createTime\":\"2022-11-19 15:39:36\",\"dictType\":\"\",\"edit\":true,\"htmlType\":\"input\",\"increment\":false,\"insert\":true,\"isEdit\":\"1\",\"isIncrement\":\"0\",\"isInsert\":\"1\",\"isList\":\"1\",\"isPk\":\"0\",\"isQuery\":\"0\",\"javaField\":\"yuwen\",\"javaType\"', '{\"msg\":\"操作成功\",\"code\":200}', 0, NULL, '2022-11-19 16:32:31');
INSERT INTO `sys_oper_log` VALUES (254, '代码生成', 2, 'com.ruoyi.generator.controller.GenController.editSave()', 'PUT', 1, 'admin', NULL, '/tool/gen', '127.0.0.1', '内网IP', '{\"businessName\":\"grade\",\"className\":\"StudentGrade\",\"columns\":[{\"capJavaField\":\"Id\",\"columnComment\":\"ID\",\"columnId\":8,\"columnName\":\"id\",\"columnType\":\"int(12)\",\"createBy\":\"admin\",\"createTime\":\"2022-11-19 15:39:36\",\"dictType\":\"\",\"edit\":false,\"htmlType\":\"input\",\"increment\":true,\"insert\":true,\"isIncrement\":\"1\",\"isInsert\":\"1\",\"isPk\":\"1\",\"javaField\":\"id\",\"javaType\":\"Long\",\"list\":false,\"pk\":true,\"query\":false,\"queryType\":\"EQ\",\"required\":false,\"sort\":1,\"superColumn\":false,\"tableId\":2,\"updateBy\":\"\",\"updateTime\":\"2022-11-19 16:32:30\",\"usableColumn\":false},{\"capJavaField\":\"StuId\",\"columnComment\":\"学生ID\",\"columnId\":9,\"columnName\":\"stu_id\",\"columnType\":\"varchar(100)\",\"createBy\":\"admin\",\"createTime\":\"2022-11-19 15:39:36\",\"dictType\":\"\",\"edit\":true,\"htmlType\":\"input\",\"increment\":false,\"insert\":true,\"isEdit\":\"1\",\"isIncrement\":\"0\",\"isInsert\":\"1\",\"isList\":\"1\",\"isPk\":\"0\",\"isQuery\":\"1\",\"javaField\":\"stuId\",\"javaType\":\"String\",\"list\":true,\"pk\":false,\"query\":true,\"queryType\":\"EQ\",\"required\":false,\"sort\":2,\"superColumn\":false,\"tableId\":2,\"updateBy\":\"\",\"updateTime\":\"2022-11-19 16:32:30\",\"usableColumn\":false},{\"capJavaField\":\"StuName\",\"columnComment\":\"学生姓名\",\"columnId\":10,\"columnName\":\"stu_name\",\"columnType\":\"varchar(100)\",\"createBy\":\"admin\",\"createTime\":\"2022-11-19 15:39:36\",\"dictType\":\"\",\"edit\":true,\"htmlType\":\"input\",\"increment\":false,\"insert\":true,\"isEdit\":\"1\",\"isIncrement\":\"0\",\"isInsert\":\"1\",\"isList\":\"1\",\"isPk\":\"0\",\"isQuery\":\"1\",\"javaField\":\"stuName\",\"javaType\":\"String\",\"list\":true,\"pk\":false,\"query\":true,\"queryType\":\"LIKE\",\"required\":false,\"sort\":3,\"superColumn\":false,\"tableId\":2,\"updateBy\":\"\",\"updateTime\":\"2022-11-19 16:32:30\",\"usableColumn\":false},{\"capJavaField\":\"Yuwen\",\"columnComment\":\"语文\",\"columnId\":11,\"columnName\":\"yuwen\",\"columnType\":\"float\",\"createBy\":\"admin\",\"createTime\":\"2022-11-19 15:39:36\",\"dictType\":\"\",\"edit\":true,\"htmlType\":\"input\",\"increment\":false,\"insert\":true,\"isEdit\":\"1\",\"isIncrement\":\"0\",\"isInsert\":\"1\",\"isList\":\"1\",\"isPk\":\"0\",\"isQuery\":\"0\",\"javaField\":\"yuwen\",\"javaType\"', '{\"msg\":\"操作成功\",\"code\":200}', 0, NULL, '2022-11-19 16:33:35');
INSERT INTO `sys_oper_log` VALUES (255, 'syudent_grade', 1, 'com.ruoyi.web.controller.subject.StudentGradeController.add()', 'POST', 1, 'admin', NULL, '/system/grade', '127.0.0.1', '内网IP', '{\"countNum\":800,\"dili\":90,\"huaxue\":90,\"id\":1,\"lishi\":90,\"nianji\":\"2\",\"shengwu\":90,\"shuxue\":100,\"stuClass\":\"2\",\"stuId\":\"420111\",\"stuName\":\"邓周明\",\"tiyu\":90,\"wuli\":90,\"yingyu\":100,\"yingyue\":90,\"yuwen\":100,\"zhenzi\":90}', '{\"msg\":\"操作成功\",\"code\":200}', 0, NULL, '2022-11-19 16:38:45');
INSERT INTO `sys_oper_log` VALUES (256, '菜单管理', 2, 'com.ruoyi.web.controller.system.SysMenuController.edit()', 'PUT', 1, 'admin', NULL, '/system/menu', '127.0.0.1', '内网IP', '{\"children\":[],\"component\":\"subject/index_grade\",\"createTime\":\"2022-11-19 16:27:15\",\"icon\":\"#\",\"isCache\":\"0\",\"isFrame\":\"1\",\"menuId\":2022,\"menuName\":\"成绩管理\",\"menuType\":\"C\",\"orderNum\":1,\"parentId\":1,\"path\":\"/subject/grade\",\"perms\":\"system:grade:list\",\"status\":\"0\",\"updateBy\":\"admin\",\"visible\":\"0\"}', '{\"msg\":\"操作成功\",\"code\":200}', 0, NULL, '2022-11-19 16:44:34');
INSERT INTO `sys_oper_log` VALUES (257, '菜单管理', 2, 'com.ruoyi.web.controller.system.SysMenuController.edit()', 'PUT', 1, 'admin', NULL, '/system/menu', '127.0.0.1', '内网IP', '{\"children\":[],\"component\":\"subject/index_grade\",\"createTime\":\"2022-11-19 16:27:15\",\"icon\":\"dict\",\"isCache\":\"0\",\"isFrame\":\"1\",\"menuId\":2022,\"menuName\":\"成绩管理\",\"menuType\":\"C\",\"orderNum\":1,\"parentId\":1,\"path\":\"/subject/grade\",\"perms\":\"system:grade:list\",\"status\":\"0\",\"updateBy\":\"admin\",\"visible\":\"0\"}', '{\"msg\":\"操作成功\",\"code\":200}', 0, NULL, '2022-11-19 16:44:57');
INSERT INTO `sys_oper_log` VALUES (258, '角色管理', 2, 'com.ruoyi.web.controller.system.SysRoleController.edit()', 'PUT', 1, 'admin', NULL, '/system/role', '127.0.0.1', '内网IP', '{\"admin\":false,\"createTime\":\"2022-11-14 22:35:55\",\"dataScope\":\"1\",\"delFlag\":\"0\",\"deptCheckStrictly\":true,\"flag\":false,\"menuCheckStrictly\":true,\"menuIds\":[1,2000,100,1000,1001,1002,1003,1004,1005,1006,2022,2023,2024,2025,2026,2027,102,1012,1013,1014,1015,103,1016,1017,1018,1019,104,1020,1021,1022,1023,1024,2008,2009,2010,2011,2012,2013,107,1035,1036,1037,1038,2002,2003,2004,2005,2006,4],\"remark\":\"普通管理员\",\"roleId\":100,\"roleKey\":\"root\",\"roleName\":\"系统管理员\",\"roleSort\":\"1\",\"status\":\"0\",\"updateBy\":\"admin\"}', '{\"msg\":\"操作成功\",\"code\":200}', 0, NULL, '2022-11-19 16:46:19');
INSERT INTO `sys_oper_log` VALUES (259, '菜单管理', 2, 'com.ruoyi.web.controller.system.SysMenuController.edit()', 'PUT', 1, 'admin', NULL, '/system/menu', '127.0.0.1', '内网IP', '{\"children\":[],\"component\":\"tool/gen/index\",\"createTime\":\"2022-11-13 20:38:53\",\"icon\":\"code\",\"isCache\":\"0\",\"isFrame\":\"1\",\"menuId\":116,\"menuName\":\"数据配置\",\"menuType\":\"C\",\"orderNum\":2,\"parentId\":3,\"path\":\"gen\",\"perms\":\"tool:gen:list\",\"query\":\"\",\"status\":\"0\",\"updateBy\":\"admin\",\"visible\":\"0\"}', '{\"msg\":\"操作成功\",\"code\":200}', 0, NULL, '2022-11-19 17:12:08');
INSERT INTO `sys_oper_log` VALUES (260, '代码生成', 3, 'com.ruoyi.generator.controller.GenController.remove()', 'DELETE', 1, 'admin', NULL, '/tool/gen/2', '127.0.0.1', '内网IP', '{tableIds=2}', '{\"msg\":\"操作成功\",\"code\":200}', 0, NULL, '2022-11-19 17:12:31');
INSERT INTO `sys_oper_log` VALUES (261, '代码生成', 6, 'com.ruoyi.generator.controller.GenController.importTableSave()', 'POST', 1, 'admin', NULL, '/tool/gen/importTable', '127.0.0.1', '内网IP', '\"teacher_db\"', '{\"msg\":\"操作成功\",\"code\":200}', 0, NULL, '2022-11-19 17:12:38');
INSERT INTO `sys_oper_log` VALUES (262, '代码生成', 2, 'com.ruoyi.generator.controller.GenController.synchDb()', 'GET', 1, 'admin', NULL, '/tool/gen/synchDb/teacher_db', '127.0.0.1', '内网IP', '{tableName=teacher_db}', '{\"msg\":\"操作成功\",\"code\":200}', 0, NULL, '2022-11-19 17:18:56');
INSERT INTO `sys_oper_log` VALUES (263, '代码生成', 3, 'com.ruoyi.generator.controller.GenController.remove()', 'DELETE', 1, 'admin', NULL, '/tool/gen/3', '127.0.0.1', '内网IP', '{tableIds=3}', '{\"msg\":\"操作成功\",\"code\":200}', 0, NULL, '2022-11-19 17:19:28');
INSERT INTO `sys_oper_log` VALUES (264, '代码生成', 6, 'com.ruoyi.generator.controller.GenController.importTableSave()', 'POST', 1, 'admin', NULL, '/tool/gen/importTable', '127.0.0.1', '内网IP', '\"teacher_db\"', '{\"msg\":\"操作成功\",\"code\":200}', 0, NULL, '2022-11-19 17:19:33');
INSERT INTO `sys_oper_log` VALUES (265, '代码生成', 2, 'com.ruoyi.generator.controller.GenController.editSave()', 'PUT', 1, 'admin', NULL, '/tool/gen', '127.0.0.1', '内网IP', '{\"businessName\":\"teacher\",\"className\":\"TeacherDb\",\"columns\":[{\"capJavaField\":\"Id\",\"columnComment\":\"ID\",\"columnId\":35,\"columnName\":\"id\",\"columnType\":\"int(11)\",\"createBy\":\"admin\",\"createTime\":\"2022-11-19 17:19:32\",\"dictType\":\"\",\"edit\":false,\"htmlType\":\"input\",\"increment\":true,\"insert\":true,\"isIncrement\":\"1\",\"isInsert\":\"1\",\"isPk\":\"1\",\"javaField\":\"id\",\"javaType\":\"Long\",\"list\":false,\"pk\":true,\"query\":false,\"queryType\":\"EQ\",\"required\":false,\"sort\":1,\"superColumn\":false,\"tableId\":4,\"updateBy\":\"\",\"usableColumn\":false},{\"capJavaField\":\"TeacherId\",\"columnComment\":\"教师ID\",\"columnId\":36,\"columnName\":\"teacher_ID\",\"columnType\":\"varchar(20)\",\"createBy\":\"admin\",\"createTime\":\"2022-11-19 17:19:32\",\"dictType\":\"\",\"edit\":true,\"htmlType\":\"input\",\"increment\":false,\"insert\":true,\"isEdit\":\"1\",\"isIncrement\":\"0\",\"isInsert\":\"1\",\"isList\":\"1\",\"isPk\":\"0\",\"isQuery\":\"1\",\"javaField\":\"teacherId\",\"javaType\":\"String\",\"list\":true,\"pk\":false,\"query\":true,\"queryType\":\"EQ\",\"required\":false,\"sort\":2,\"superColumn\":false,\"tableId\":4,\"updateBy\":\"\",\"usableColumn\":false},{\"capJavaField\":\"Username\",\"columnComment\":\"姓名\",\"columnId\":37,\"columnName\":\"username\",\"columnType\":\"varchar(20)\",\"createBy\":\"admin\",\"createTime\":\"2022-11-19 17:19:32\",\"dictType\":\"\",\"edit\":true,\"htmlType\":\"input\",\"increment\":false,\"insert\":true,\"isEdit\":\"1\",\"isIncrement\":\"0\",\"isInsert\":\"1\",\"isList\":\"1\",\"isPk\":\"0\",\"isQuery\":\"1\",\"javaField\":\"username\",\"javaType\":\"String\",\"list\":true,\"pk\":false,\"query\":true,\"queryType\":\"LIKE\",\"required\":false,\"sort\":3,\"superColumn\":false,\"tableId\":4,\"updateBy\":\"\",\"usableColumn\":false},{\"capJavaField\":\"TeaGh\",\"columnComment\":\"工号\",\"columnId\":38,\"columnName\":\"tea_gh\",\"columnType\":\"varchar(20)\",\"createBy\":\"admin\",\"createTime\":\"2022-11-19 17:19:33\",\"dictType\":\"\",\"edit\":true,\"htmlType\":\"input\",\"increment\":false,\"insert\":true,\"isEdit\":\"1\",\"isIncrement\":\"0\",\"isInsert\":\"1\",\"isList\":\"1\",\"isPk\":\"0\",\"isQuery\":\"1\",\"javaField\":\"teaGh\",\"javaType\":\"String\",\"list\":true,\"pk\":false,\"query\":true,\"queryType\":\"EQ\",\"required\":false,\"sort\":', '{\"msg\":\"操作成功\",\"code\":200}', 0, NULL, '2022-11-19 17:25:12');
INSERT INTO `sys_oper_log` VALUES (266, '代码生成', 2, 'com.ruoyi.generator.controller.GenController.editSave()', 'PUT', 1, 'admin', NULL, '/tool/gen', '127.0.0.1', '内网IP', '{\"businessName\":\"teacher\",\"className\":\"TeacherDb\",\"columns\":[{\"capJavaField\":\"Id\",\"columnComment\":\"ID\",\"columnId\":35,\"columnName\":\"id\",\"columnType\":\"int(11)\",\"createBy\":\"admin\",\"createTime\":\"2022-11-19 17:19:32\",\"dictType\":\"\",\"edit\":false,\"htmlType\":\"input\",\"increment\":true,\"insert\":true,\"isIncrement\":\"1\",\"isInsert\":\"1\",\"isPk\":\"1\",\"javaField\":\"id\",\"javaType\":\"Long\",\"list\":false,\"pk\":true,\"query\":false,\"queryType\":\"EQ\",\"required\":false,\"sort\":1,\"superColumn\":false,\"tableId\":4,\"updateBy\":\"\",\"updateTime\":\"2022-11-19 17:25:11\",\"usableColumn\":false},{\"capJavaField\":\"TeacherId\",\"columnComment\":\"教师ID\",\"columnId\":36,\"columnName\":\"teacher_ID\",\"columnType\":\"varchar(20)\",\"createBy\":\"admin\",\"createTime\":\"2022-11-19 17:19:32\",\"dictType\":\"\",\"edit\":true,\"htmlType\":\"input\",\"increment\":false,\"insert\":true,\"isEdit\":\"1\",\"isIncrement\":\"0\",\"isInsert\":\"1\",\"isList\":\"1\",\"isPk\":\"0\",\"isQuery\":\"1\",\"javaField\":\"teacherId\",\"javaType\":\"String\",\"list\":true,\"pk\":false,\"query\":true,\"queryType\":\"EQ\",\"required\":false,\"sort\":2,\"superColumn\":false,\"tableId\":4,\"updateBy\":\"\",\"updateTime\":\"2022-11-19 17:25:11\",\"usableColumn\":false},{\"capJavaField\":\"Username\",\"columnComment\":\"姓名\",\"columnId\":37,\"columnName\":\"username\",\"columnType\":\"varchar(20)\",\"createBy\":\"admin\",\"createTime\":\"2022-11-19 17:19:32\",\"dictType\":\"\",\"edit\":true,\"htmlType\":\"input\",\"increment\":false,\"insert\":true,\"isEdit\":\"1\",\"isIncrement\":\"0\",\"isInsert\":\"1\",\"isList\":\"1\",\"isPk\":\"0\",\"isQuery\":\"1\",\"javaField\":\"username\",\"javaType\":\"String\",\"list\":true,\"pk\":false,\"query\":true,\"queryType\":\"LIKE\",\"required\":false,\"sort\":3,\"superColumn\":false,\"tableId\":4,\"updateBy\":\"\",\"updateTime\":\"2022-11-19 17:25:11\",\"usableColumn\":false},{\"capJavaField\":\"TeaGh\",\"columnComment\":\"工号\",\"columnId\":38,\"columnName\":\"tea_gh\",\"columnType\":\"varchar(20)\",\"createBy\":\"admin\",\"createTime\":\"2022-11-19 17:19:33\",\"dictType\":\"\",\"edit\":true,\"htmlType\":\"input\",\"increment\":false,\"insert\":true,\"isEdit\":\"1\",\"isIncrement\":\"0\",\"isInsert\":\"1\",\"isList\":\"1\",\"isPk\":\"0\",\"isQuery\":\"1\",\"javaField\":', '{\"msg\":\"操作成功\",\"code\":200}', 0, NULL, '2022-11-19 17:25:32');
INSERT INTO `sys_oper_log` VALUES (267, '代码生成', 2, 'com.ruoyi.generator.controller.GenController.editSave()', 'PUT', 1, 'admin', NULL, '/tool/gen', '127.0.0.1', '内网IP', '{\"businessName\":\"teacher\",\"className\":\"TeacherDb\",\"columns\":[{\"capJavaField\":\"Id\",\"columnComment\":\"ID\",\"columnId\":35,\"columnName\":\"id\",\"columnType\":\"int(11)\",\"createBy\":\"admin\",\"createTime\":\"2022-11-19 17:19:32\",\"dictType\":\"\",\"edit\":false,\"htmlType\":\"input\",\"increment\":true,\"insert\":true,\"isIncrement\":\"1\",\"isInsert\":\"1\",\"isPk\":\"1\",\"javaField\":\"id\",\"javaType\":\"Long\",\"list\":false,\"pk\":true,\"query\":false,\"queryType\":\"EQ\",\"required\":false,\"sort\":1,\"superColumn\":false,\"tableId\":4,\"updateBy\":\"\",\"updateTime\":\"2022-11-19 17:25:31\",\"usableColumn\":false},{\"capJavaField\":\"TeacherId\",\"columnComment\":\"教师ID\",\"columnId\":36,\"columnName\":\"teacher_ID\",\"columnType\":\"varchar(20)\",\"createBy\":\"admin\",\"createTime\":\"2022-11-19 17:19:32\",\"dictType\":\"\",\"edit\":true,\"htmlType\":\"input\",\"increment\":false,\"insert\":true,\"isEdit\":\"1\",\"isIncrement\":\"0\",\"isInsert\":\"1\",\"isList\":\"1\",\"isPk\":\"0\",\"isQuery\":\"1\",\"javaField\":\"teacherId\",\"javaType\":\"String\",\"list\":true,\"pk\":false,\"query\":true,\"queryType\":\"EQ\",\"required\":false,\"sort\":2,\"superColumn\":false,\"tableId\":4,\"updateBy\":\"\",\"updateTime\":\"2022-11-19 17:25:31\",\"usableColumn\":false},{\"capJavaField\":\"Username\",\"columnComment\":\"姓名\",\"columnId\":37,\"columnName\":\"username\",\"columnType\":\"varchar(20)\",\"createBy\":\"admin\",\"createTime\":\"2022-11-19 17:19:32\",\"dictType\":\"\",\"edit\":true,\"htmlType\":\"input\",\"increment\":false,\"insert\":true,\"isEdit\":\"1\",\"isIncrement\":\"0\",\"isInsert\":\"1\",\"isList\":\"1\",\"isPk\":\"0\",\"isQuery\":\"1\",\"javaField\":\"username\",\"javaType\":\"String\",\"list\":true,\"pk\":false,\"query\":true,\"queryType\":\"LIKE\",\"required\":false,\"sort\":3,\"superColumn\":false,\"tableId\":4,\"updateBy\":\"\",\"updateTime\":\"2022-11-19 17:25:31\",\"usableColumn\":false},{\"capJavaField\":\"TeaGh\",\"columnComment\":\"工号\",\"columnId\":38,\"columnName\":\"tea_gh\",\"columnType\":\"varchar(20)\",\"createBy\":\"admin\",\"createTime\":\"2022-11-19 17:19:33\",\"dictType\":\"\",\"edit\":true,\"htmlType\":\"input\",\"increment\":false,\"insert\":true,\"isEdit\":\"1\",\"isIncrement\":\"0\",\"isInsert\":\"1\",\"isList\":\"1\",\"isPk\":\"0\",\"isQuery\":\"1\",\"javaField\":', '{\"msg\":\"操作成功\",\"code\":200}', 0, NULL, '2022-11-19 17:26:31');
INSERT INTO `sys_oper_log` VALUES (268, '代码生成', 2, 'com.ruoyi.generator.controller.GenController.editSave()', 'PUT', 1, 'admin', NULL, '/tool/gen', '127.0.0.1', '内网IP', '{\"businessName\":\"teacher\",\"className\":\"TeacherDb\",\"columns\":[{\"capJavaField\":\"Id\",\"columnComment\":\"ID\",\"columnId\":35,\"columnName\":\"id\",\"columnType\":\"int(11)\",\"createBy\":\"admin\",\"createTime\":\"2022-11-19 17:19:32\",\"dictType\":\"\",\"edit\":false,\"htmlType\":\"input\",\"increment\":true,\"insert\":true,\"isIncrement\":\"1\",\"isInsert\":\"1\",\"isPk\":\"1\",\"javaField\":\"id\",\"javaType\":\"Long\",\"list\":false,\"pk\":true,\"query\":false,\"queryType\":\"EQ\",\"required\":false,\"sort\":1,\"superColumn\":false,\"tableId\":4,\"updateBy\":\"\",\"updateTime\":\"2022-11-19 17:26:31\",\"usableColumn\":false},{\"capJavaField\":\"TeacherId\",\"columnComment\":\"教师ID\",\"columnId\":36,\"columnName\":\"teacher_ID\",\"columnType\":\"varchar(20)\",\"createBy\":\"admin\",\"createTime\":\"2022-11-19 17:19:32\",\"dictType\":\"\",\"edit\":true,\"htmlType\":\"input\",\"increment\":false,\"insert\":true,\"isEdit\":\"1\",\"isIncrement\":\"0\",\"isInsert\":\"1\",\"isList\":\"1\",\"isPk\":\"0\",\"isQuery\":\"1\",\"javaField\":\"teacherId\",\"javaType\":\"String\",\"list\":true,\"pk\":false,\"query\":true,\"queryType\":\"EQ\",\"required\":false,\"sort\":2,\"superColumn\":false,\"tableId\":4,\"updateBy\":\"\",\"updateTime\":\"2022-11-19 17:26:31\",\"usableColumn\":false},{\"capJavaField\":\"Username\",\"columnComment\":\"姓名\",\"columnId\":37,\"columnName\":\"username\",\"columnType\":\"varchar(20)\",\"createBy\":\"admin\",\"createTime\":\"2022-11-19 17:19:32\",\"dictType\":\"\",\"edit\":true,\"htmlType\":\"input\",\"increment\":false,\"insert\":true,\"isEdit\":\"1\",\"isIncrement\":\"0\",\"isInsert\":\"1\",\"isList\":\"1\",\"isPk\":\"0\",\"isQuery\":\"1\",\"javaField\":\"username\",\"javaType\":\"String\",\"list\":true,\"pk\":false,\"query\":true,\"queryType\":\"LIKE\",\"required\":false,\"sort\":3,\"superColumn\":false,\"tableId\":4,\"updateBy\":\"\",\"updateTime\":\"2022-11-19 17:26:31\",\"usableColumn\":false},{\"capJavaField\":\"TeaGh\",\"columnComment\":\"工号\",\"columnId\":38,\"columnName\":\"tea_gh\",\"columnType\":\"varchar(20)\",\"createBy\":\"admin\",\"createTime\":\"2022-11-19 17:19:33\",\"dictType\":\"\",\"edit\":true,\"htmlType\":\"input\",\"increment\":false,\"insert\":true,\"isEdit\":\"1\",\"isIncrement\":\"0\",\"isInsert\":\"1\",\"isList\":\"1\",\"isPk\":\"0\",\"isQuery\":\"1\",\"javaField\":', '{\"msg\":\"操作成功\",\"code\":200}', 0, NULL, '2022-11-19 17:28:35');
INSERT INTO `sys_oper_log` VALUES (269, '用户管理', 2, 'com.ruoyi.web.controller.system.SysUserController.edit()', 'PUT', 1, 'admin', NULL, '/system/user', '127.0.0.1', '内网IP', '{\"admin\":false,\"avatar\":\"\",\"createBy\":\"\",\"createTime\":\"2022-11-14 23:21:33\",\"delFlag\":\"0\",\"email\":\"\",\"loginDate\":\"2022-11-14 23:22:01\",\"loginIp\":\"127.0.0.1\",\"nickName\":\"王小明\",\"phonenumber\":\"\",\"postIds\":[],\"remark\":\"-- 菜单 SQL\\ninsert into sys_menu (menu_name, parent_id, order_num, path, component, is_frame, is_cache, menu_type, visible, status, perms, icon, create_by, create_time, update_by, update_time, remark)\\nvalues(\'teacher\', \'3\', \'1\', \'teacher\', \'people/teacher/index\', 1, 0, \'C\', \'0\', \'0\', \'people:teacher:list\', \'#\', \'admin\', sysdate(), \'\', null, \'teacher菜单\');\\n\\n-- 按钮父菜单ID\\nSELECT @parentId := LAST_INSERT_ID();\\n\\n-- 按钮 SQL\\ninsert into sys_menu (menu_name, parent_id, order_num, path, component, is_frame, is_cache, menu_type, visible, status, perms, icon, create_by, create_time, update_by, update_time, remark)\\nvalues(\'teacher查询\', @parentId, \'1\',  \'#\', \'\', 1, 0, \'F\', \'0\', \'0\', \'people:teacher:query\',        \'#\', \'admin\', sysdate(), \'\', null, \'\');\\n\\ninsert into sys_menu (menu_name, parent_id, order_num, path, component, is_frame, is_cache, menu_type, visible, status, perms, icon, create_by, create_time, update_by, update_time, remark)\\nvalues(\'teacher新增\', @parentId, \'2\',  \'#\', \'\', 1, 0, \'F\', \'0\', \'0\', \'people:teacher:add\',          \'#\', \'admin\', sysdate(), \'\', null, \'\');\\n\\ninsert into sys_menu (menu_name, parent_id, order_num, path, component, is_frame, is_cache, menu_type, visible, status, perms, icon, create_by, create_time, update_by, update_time, remark)\\nvalues(\'teacher修改\', @parentId, \'3\',  \'#\', \'\', 1, 0, \'F\', \'0\', \'0\', \'people:teacher:edit\',         \'#\', \'admin\', sysdate(), \'\', null, \'\');\\n\\ninsert into sys_menu (menu_name, parent_id, order_num, path, component, is_frame, is_cache, menu_type, visible, status, perms, icon, create_by, create_time, update_by, update_time, remark)\\nvalues(\'teacher删除\', @parentId, \'4\',  \'#\', \'\', 1, 0, \'F\', \'0\', \'0\', \'people:teacher:remove\',       \'#\', \'admin\', sysdate(), \'\', null, \'\');\\n\\ninsert into sys_menu (menu_name, paren', '{\"msg\":\"操作成功\",\"code\":200}', 0, NULL, '2022-11-19 17:36:46');
INSERT INTO `sys_oper_log` VALUES (270, '菜单管理', 2, 'com.ruoyi.web.controller.system.SysMenuController.edit()', 'PUT', 1, 'admin', NULL, '/system/menu', '127.0.0.1', '内网IP', '{\"children\":[],\"component\":\"people/teacher\",\"createTime\":\"2022-11-19 17:37:44\",\"icon\":\"#\",\"isCache\":\"0\",\"isFrame\":\"1\",\"menuId\":2028,\"menuName\":\"教师管理\",\"menuType\":\"C\",\"orderNum\":1,\"parentId\":3,\"path\":\"/people/teacher\",\"perms\":\"people:teacher:list\",\"status\":\"0\",\"updateBy\":\"admin\",\"visible\":\"0\"}', '{\"msg\":\"操作成功\",\"code\":200}', 0, NULL, '2022-11-19 17:38:37');
INSERT INTO `sys_oper_log` VALUES (271, '菜单管理', 2, 'com.ruoyi.web.controller.system.SysMenuController.edit()', 'PUT', 1, 'admin', NULL, '/system/menu', '127.0.0.1', '内网IP', '{\"children\":[],\"component\":\"people/teacher\",\"createTime\":\"2022-11-19 17:37:44\",\"icon\":\"#\",\"isCache\":\"0\",\"isFrame\":\"1\",\"menuId\":2028,\"menuName\":\"教师管理\",\"menuType\":\"C\",\"orderNum\":1,\"parentId\":2002,\"path\":\"/people/teacher\",\"perms\":\"people:teacher:list\",\"status\":\"0\",\"updateBy\":\"admin\",\"visible\":\"0\"}', '{\"msg\":\"操作成功\",\"code\":200}', 0, NULL, '2022-11-19 17:38:52');
INSERT INTO `sys_oper_log` VALUES (272, '菜单管理', 2, 'com.ruoyi.web.controller.system.SysMenuController.edit()', 'PUT', 1, 'admin', NULL, '/system/menu', '127.0.0.1', '内网IP', '{\"children\":[],\"component\":\"people/teacher\",\"createTime\":\"2022-11-19 17:37:44\",\"icon\":\"user\",\"isCache\":\"0\",\"isFrame\":\"1\",\"menuId\":2028,\"menuName\":\"教师管理\",\"menuType\":\"C\",\"orderNum\":1,\"parentId\":2002,\"path\":\"/people/teacher\",\"perms\":\"people:teacher:list\",\"status\":\"0\",\"updateBy\":\"admin\",\"visible\":\"0\"}', '{\"msg\":\"操作成功\",\"code\":200}', 0, NULL, '2022-11-19 17:40:13');
INSERT INTO `sys_oper_log` VALUES (273, 'teacher', 1, 'com.ruoyi.web.controller.people.TeacherDbController.add()', 'POST', 1, 'admin', NULL, '/people/teacher', '127.0.0.1', '内网IP', '{\"age\":\"40\",\"hobby\":\"唱，跳，rap\",\"id\":1,\"mingzhu\":\"汉\",\"phone\":\"18896374343\",\"sex\":\"0\",\"teaGh\":\"GH0001\",\"teacherId\":\"10001\",\"type\":\"1\",\"username\":\"王刚\"}', '{\"msg\":\"操作成功\",\"code\":200}', 0, NULL, '2022-11-19 17:41:19');
INSERT INTO `sys_oper_log` VALUES (274, '字典类型', 1, 'com.ruoyi.web.controller.system.SysDictTypeController.add()', 'POST', 1, 'admin', NULL, '/system/dict/type', '127.0.0.1', '内网IP', '{\"createBy\":\"admin\",\"dictName\":\"社会面貌\",\"dictType\":\"society\",\"status\":\"0\"}', '{\"msg\":\"操作成功\",\"code\":200}', 0, NULL, '2022-11-19 17:55:28');
INSERT INTO `sys_oper_log` VALUES (275, '字典数据', 1, 'com.ruoyi.web.controller.system.SysDictDataController.add()', 'POST', 1, 'admin', NULL, '/system/dict/data', '127.0.0.1', '内网IP', '{\"createBy\":\"admin\",\"default\":false,\"dictLabel\":\"人民群众\",\"dictSort\":0,\"dictType\":\"society\",\"dictValue\":\"1\",\"listClass\":\"primary\",\"status\":\"0\"}', '{\"msg\":\"操作成功\",\"code\":200}', 0, NULL, '2022-11-19 17:55:54');
INSERT INTO `sys_oper_log` VALUES (276, '字典数据', 1, 'com.ruoyi.web.controller.system.SysDictDataController.add()', 'POST', 1, 'admin', NULL, '/system/dict/data', '127.0.0.1', '内网IP', '{\"createBy\":\"admin\",\"default\":false,\"dictLabel\":\"少先队员\",\"dictSort\":1,\"dictType\":\"society\",\"dictValue\":\"2\",\"listClass\":\"info\",\"status\":\"0\"}', '{\"msg\":\"操作成功\",\"code\":200}', 0, NULL, '2022-11-19 17:56:40');
INSERT INTO `sys_oper_log` VALUES (277, '字典数据', 2, 'com.ruoyi.web.controller.system.SysDictDataController.edit()', 'PUT', 1, 'admin', NULL, '/system/dict/data', '127.0.0.1', '内网IP', '{\"createBy\":\"admin\",\"createTime\":\"2022-11-19 17:56:40\",\"default\":false,\"dictCode\":37,\"dictLabel\":\"少先队员\",\"dictSort\":1,\"dictType\":\"society\",\"dictValue\":\"2\",\"isDefault\":\"N\",\"listClass\":\"success\",\"status\":\"0\",\"updateBy\":\"admin\"}', '{\"msg\":\"操作成功\",\"code\":200}', 0, NULL, '2022-11-19 17:56:53');
INSERT INTO `sys_oper_log` VALUES (278, '字典数据', 1, 'com.ruoyi.web.controller.system.SysDictDataController.add()', 'POST', 1, 'admin', NULL, '/system/dict/data', '127.0.0.1', '内网IP', '{\"createBy\":\"admin\",\"default\":false,\"dictLabel\":\"共青团团员\",\"dictSort\":2,\"dictType\":\"society\",\"dictValue\":\"3\",\"listClass\":\"warning\",\"status\":\"0\"}', '{\"msg\":\"操作成功\",\"code\":200}', 0, NULL, '2022-11-19 17:57:26');
INSERT INTO `sys_oper_log` VALUES (279, '字典数据', 1, 'com.ruoyi.web.controller.system.SysDictDataController.add()', 'POST', 1, 'admin', NULL, '/system/dict/data', '127.0.0.1', '内网IP', '{\"createBy\":\"admin\",\"default\":false,\"dictLabel\":\"共产党员\",\"dictSort\":3,\"dictType\":\"society\",\"dictValue\":\"4\",\"listClass\":\"danger\",\"status\":\"0\"}', '{\"msg\":\"操作成功\",\"code\":200}', 0, NULL, '2022-11-19 17:58:05');
INSERT INTO `sys_oper_log` VALUES (280, '代码生成', 3, 'com.ruoyi.generator.controller.GenController.remove()', 'DELETE', 1, 'admin', NULL, '/tool/gen/4', '127.0.0.1', '内网IP', '{tableIds=4}', '{\"msg\":\"操作成功\",\"code\":200}', 0, NULL, '2022-11-19 17:58:21');
INSERT INTO `sys_oper_log` VALUES (281, '代码生成', 6, 'com.ruoyi.generator.controller.GenController.importTableSave()', 'POST', 1, 'admin', NULL, '/tool/gen/importTable', '127.0.0.1', '内网IP', '\"homedb\"', '{\"msg\":\"操作成功\",\"code\":200}', 0, NULL, '2022-11-19 17:58:27');
INSERT INTO `sys_oper_log` VALUES (282, '代码生成', 3, 'com.ruoyi.generator.controller.GenController.remove()', 'DELETE', 1, 'admin', NULL, '/tool/gen/5', '127.0.0.1', '内网IP', '{tableIds=5}', '{\"msg\":\"操作成功\",\"code\":200}', 0, NULL, '2022-11-19 17:59:42');
INSERT INTO `sys_oper_log` VALUES (283, '代码生成', 6, 'com.ruoyi.generator.controller.GenController.importTableSave()', 'POST', 1, 'admin', NULL, '/tool/gen/importTable', '127.0.0.1', '内网IP', '\"student_db\"', '{\"msg\":\"操作成功\",\"code\":200}', 0, NULL, '2022-11-19 17:59:48');
INSERT INTO `sys_oper_log` VALUES (284, '代码生成', 2, 'com.ruoyi.generator.controller.GenController.editSave()', 'PUT', 1, 'admin', NULL, '/tool/gen', '127.0.0.1', '内网IP', '{\"businessName\":\"student\",\"className\":\"StudentDb\",\"columns\":[{\"capJavaField\":\"Id\",\"columnId\":59,\"columnName\":\"id\",\"columnType\":\"int(12)\",\"createBy\":\"admin\",\"createTime\":\"2022-11-19 17:59:47\",\"dictType\":\"\",\"edit\":false,\"htmlType\":\"input\",\"increment\":true,\"insert\":true,\"isIncrement\":\"1\",\"isInsert\":\"1\",\"isPk\":\"1\",\"javaField\":\"id\",\"javaType\":\"Long\",\"list\":false,\"pk\":true,\"query\":false,\"queryType\":\"EQ\",\"required\":false,\"sort\":1,\"superColumn\":false,\"tableId\":6,\"updateBy\":\"\",\"usableColumn\":false},{\"capJavaField\":\"StuId\",\"columnId\":60,\"columnName\":\"stu_id\",\"columnType\":\"varchar(20)\",\"createBy\":\"admin\",\"createTime\":\"2022-11-19 17:59:47\",\"dictType\":\"\",\"edit\":true,\"htmlType\":\"input\",\"increment\":false,\"insert\":true,\"isEdit\":\"1\",\"isIncrement\":\"0\",\"isInsert\":\"1\",\"isList\":\"1\",\"isPk\":\"0\",\"isQuery\":\"1\",\"javaField\":\"stuId\",\"javaType\":\"String\",\"list\":true,\"pk\":false,\"query\":true,\"queryType\":\"EQ\",\"required\":false,\"sort\":2,\"superColumn\":false,\"tableId\":6,\"updateBy\":\"\",\"usableColumn\":false},{\"capJavaField\":\"StuName\",\"columnId\":61,\"columnName\":\"stu_name\",\"columnType\":\"varchar(20)\",\"createBy\":\"admin\",\"createTime\":\"2022-11-19 17:59:47\",\"dictType\":\"\",\"edit\":true,\"htmlType\":\"input\",\"increment\":false,\"insert\":true,\"isEdit\":\"1\",\"isIncrement\":\"0\",\"isInsert\":\"1\",\"isList\":\"1\",\"isPk\":\"0\",\"isQuery\":\"1\",\"javaField\":\"stuName\",\"javaType\":\"String\",\"list\":true,\"pk\":false,\"query\":true,\"queryType\":\"LIKE\",\"required\":false,\"sort\":3,\"superColumn\":false,\"tableId\":6,\"updateBy\":\"\",\"usableColumn\":false},{\"capJavaField\":\"SfzId\",\"columnId\":62,\"columnName\":\"sfz_ID\",\"columnType\":\"varchar(20)\",\"createBy\":\"admin\",\"createTime\":\"2022-11-19 17:59:47\",\"dictType\":\"\",\"edit\":true,\"htmlType\":\"input\",\"increment\":false,\"insert\":true,\"isEdit\":\"1\",\"isIncrement\":\"0\",\"isInsert\":\"1\",\"isList\":\"1\",\"isPk\":\"0\",\"isQuery\":\"1\",\"javaField\":\"sfzId\",\"javaType\":\"String\",\"list\":true,\"pk\":false,\"query\":true,\"queryType\":\"EQ\",\"required\":false,\"sort\":4,\"superColumn\":false,\"tableId\":6,\"updateBy\":\"\",\"usableColumn\":false},{\"capJavaField\":\"Sex\",\"columnI', '{\"msg\":\"操作成功\",\"code\":200}', 0, NULL, '2022-11-19 18:00:52');
INSERT INTO `sys_oper_log` VALUES (285, '代码生成', 2, 'com.ruoyi.generator.controller.GenController.editSave()', 'PUT', 1, 'admin', NULL, '/tool/gen', '127.0.0.1', '内网IP', '{\"businessName\":\"student\",\"className\":\"StudentDb\",\"columns\":[{\"capJavaField\":\"Id\",\"columnComment\":\"ID\",\"columnId\":59,\"columnName\":\"id\",\"columnType\":\"int(12)\",\"createBy\":\"admin\",\"createTime\":\"2022-11-19 17:59:47\",\"dictType\":\"\",\"edit\":false,\"htmlType\":\"input\",\"increment\":true,\"insert\":true,\"isIncrement\":\"1\",\"isInsert\":\"1\",\"isPk\":\"1\",\"javaField\":\"id\",\"javaType\":\"Long\",\"list\":false,\"pk\":true,\"query\":false,\"queryType\":\"EQ\",\"required\":false,\"sort\":1,\"superColumn\":false,\"tableId\":6,\"updateBy\":\"\",\"updateTime\":\"2022-11-19 18:00:52\",\"usableColumn\":false},{\"capJavaField\":\"StuId\",\"columnComment\":\"学生ID\",\"columnId\":60,\"columnName\":\"stu_id\",\"columnType\":\"varchar(20)\",\"createBy\":\"admin\",\"createTime\":\"2022-11-19 17:59:47\",\"dictType\":\"\",\"edit\":true,\"htmlType\":\"input\",\"increment\":false,\"insert\":true,\"isEdit\":\"1\",\"isIncrement\":\"0\",\"isInsert\":\"1\",\"isList\":\"1\",\"isPk\":\"0\",\"isQuery\":\"1\",\"javaField\":\"stuId\",\"javaType\":\"String\",\"list\":true,\"pk\":false,\"query\":true,\"queryType\":\"EQ\",\"required\":false,\"sort\":2,\"superColumn\":false,\"tableId\":6,\"updateBy\":\"\",\"updateTime\":\"2022-11-19 18:00:52\",\"usableColumn\":false},{\"capJavaField\":\"StuName\",\"columnComment\":\"姓名\",\"columnId\":61,\"columnName\":\"stu_name\",\"columnType\":\"varchar(20)\",\"createBy\":\"admin\",\"createTime\":\"2022-11-19 17:59:47\",\"dictType\":\"\",\"edit\":true,\"htmlType\":\"input\",\"increment\":false,\"insert\":true,\"isEdit\":\"1\",\"isIncrement\":\"0\",\"isInsert\":\"1\",\"isList\":\"1\",\"isPk\":\"0\",\"isQuery\":\"1\",\"javaField\":\"stuName\",\"javaType\":\"String\",\"list\":true,\"pk\":false,\"query\":true,\"queryType\":\"LIKE\",\"required\":false,\"sort\":3,\"superColumn\":false,\"tableId\":6,\"updateBy\":\"\",\"updateTime\":\"2022-11-19 18:00:52\",\"usableColumn\":false},{\"capJavaField\":\"SfzId\",\"columnComment\":\"身份证号\",\"columnId\":62,\"columnName\":\"sfz_ID\",\"columnType\":\"varchar(20)\",\"createBy\":\"admin\",\"createTime\":\"2022-11-19 17:59:47\",\"dictType\":\"\",\"edit\":true,\"htmlType\":\"input\",\"increment\":false,\"insert\":true,\"isEdit\":\"1\",\"isIncrement\":\"0\",\"isInsert\":\"1\",\"isList\":\"1\",\"isPk\":\"0\",\"isQuery\":\"1\",\"javaField\":\"sfzId\",\"jav', '{\"msg\":\"操作成功\",\"code\":200}', 0, NULL, '2022-11-19 18:03:50');
INSERT INTO `sys_oper_log` VALUES (286, '用户管理', 2, 'com.ruoyi.web.controller.system.SysUserController.edit()', 'PUT', 1, 'admin', NULL, '/system/user', '127.0.0.1', '内网IP', '{\"admin\":false,\"avatar\":\"\",\"createBy\":\"\",\"createTime\":\"2022-11-14 23:21:33\",\"delFlag\":\"0\",\"email\":\"\",\"loginDate\":\"2022-11-14 23:22:01\",\"loginIp\":\"127.0.0.1\",\"nickName\":\"王小明\",\"phonenumber\":\"\",\"postIds\":[],\"remark\":\"-- 菜单 SQL\\ninsert into sys_menu (menu_name, parent_id, order_num, path, component, is_frame, is_cache, menu_type, visible, status, perms, icon, create_by, create_time, update_by, update_time, remark)\\nvalues(\'student\', \'3\', \'1\', \'student\', \'people/student/index\', 1, 0, \'C\', \'0\', \'0\', \'people:student:list\', \'#\', \'admin\', sysdate(), \'\', null, \'student菜单\');\\n\\n-- 按钮父菜单ID\\nSELECT @parentId := LAST_INSERT_ID();\\n\\n-- 按钮 SQL\\ninsert into sys_menu (menu_name, parent_id, order_num, path, component, is_frame, is_cache, menu_type, visible, status, perms, icon, create_by, create_time, update_by, update_time, remark)\\nvalues(\'student查询\', @parentId, \'1\',  \'#\', \'\', 1, 0, \'F\', \'0\', \'0\', \'people:student:query\',        \'#\', \'admin\', sysdate(), \'\', null, \'\');\\n\\ninsert into sys_menu (menu_name, parent_id, order_num, path, component, is_frame, is_cache, menu_type, visible, status, perms, icon, create_by, create_time, update_by, update_time, remark)\\nvalues(\'student新增\', @parentId, \'2\',  \'#\', \'\', 1, 0, \'F\', \'0\', \'0\', \'people:student:add\',          \'#\', \'admin\', sysdate(), \'\', null, \'\');\\n\\ninsert into sys_menu (menu_name, parent_id, order_num, path, component, is_frame, is_cache, menu_type, visible, status, perms, icon, create_by, create_time, update_by, update_time, remark)\\nvalues(\'student修改\', @parentId, \'3\',  \'#\', \'\', 1, 0, \'F\', \'0\', \'0\', \'people:student:edit\',         \'#\', \'admin\', sysdate(), \'\', null, \'\');\\n\\ninsert into sys_menu (menu_name, parent_id, order_num, path, component, is_frame, is_cache, menu_type, visible, status, perms, icon, create_by, create_time, update_by, update_time, remark)\\nvalues(\'student删除\', @parentId, \'4\',  \'#\', \'\', 1, 0, \'F\', \'0\', \'0\', \'people:student:remove\',       \'#\', \'admin\', sysdate(), \'\', null, \'\');\\n\\ninsert into sys_menu (menu_name, paren', '{\"msg\":\"操作成功\",\"code\":200}', 0, NULL, '2022-11-19 18:08:07');
INSERT INTO `sys_oper_log` VALUES (287, '菜单管理', 2, 'com.ruoyi.web.controller.system.SysMenuController.edit()', 'PUT', 1, 'admin', NULL, '/system/menu', '127.0.0.1', '内网IP', '{\"children\":[],\"component\":\"people/student/index\",\"createTime\":\"2022-11-19 18:10:07\",\"icon\":\"#\",\"isCache\":\"0\",\"isFrame\":\"1\",\"menuId\":2034,\"menuName\":\"学生管理\",\"menuType\":\"C\",\"orderNum\":1,\"parentId\":3,\"path\":\"student\",\"perms\":\"people:student:list\",\"status\":\"0\",\"updateBy\":\"admin\",\"visible\":\"0\"}', '{\"msg\":\"操作成功\",\"code\":200}', 0, NULL, '2022-11-19 18:18:52');
INSERT INTO `sys_oper_log` VALUES (288, '菜单管理', 2, 'com.ruoyi.web.controller.system.SysMenuController.edit()', 'PUT', 1, 'admin', NULL, '/system/menu', '127.0.0.1', '内网IP', '{\"children\":[],\"component\":\"people/student/index\",\"createTime\":\"2022-11-19 18:10:07\",\"icon\":\"user\",\"isCache\":\"0\",\"isFrame\":\"1\",\"menuId\":2034,\"menuName\":\"学生管理\",\"menuType\":\"C\",\"orderNum\":1,\"parentId\":2002,\"path\":\"student\",\"perms\":\"people:student:list\",\"status\":\"0\",\"updateBy\":\"admin\",\"visible\":\"0\"}', '{\"msg\":\"操作成功\",\"code\":200}', 0, NULL, '2022-11-19 18:21:18');
INSERT INTO `sys_oper_log` VALUES (289, '菜单管理', 2, 'com.ruoyi.web.controller.system.SysMenuController.edit()', 'PUT', 1, 'admin', NULL, '/system/menu', '127.0.0.1', '内网IP', '{\"children\":[],\"component\":\"people/student/index\",\"createTime\":\"2022-11-19 18:10:07\",\"icon\":\"user\",\"isCache\":\"0\",\"isFrame\":\"1\",\"menuId\":2034,\"menuName\":\"学生管理\",\"menuType\":\"C\",\"orderNum\":1,\"parentId\":2002,\"path\":\"/people/student\",\"perms\":\"people:student:list\",\"status\":\"0\",\"updateBy\":\"admin\",\"visible\":\"0\"}', '{\"msg\":\"操作成功\",\"code\":200}', 0, NULL, '2022-11-19 18:21:55');
INSERT INTO `sys_oper_log` VALUES (290, '菜单管理', 2, 'com.ruoyi.web.controller.system.SysMenuController.edit()', 'PUT', 1, 'admin', NULL, '/system/menu', '127.0.0.1', '内网IP', '{\"children\":[],\"component\":\"people/student\",\"createTime\":\"2022-11-19 18:10:07\",\"icon\":\"user\",\"isCache\":\"0\",\"isFrame\":\"1\",\"menuId\":2034,\"menuName\":\"学生管理\",\"menuType\":\"C\",\"orderNum\":1,\"parentId\":2002,\"path\":\"/people/student\",\"perms\":\"people:student:list\",\"status\":\"0\",\"updateBy\":\"admin\",\"visible\":\"0\"}', '{\"msg\":\"操作成功\",\"code\":200}', 0, NULL, '2022-11-19 18:22:19');
INSERT INTO `sys_oper_log` VALUES (291, 'student', 1, 'com.ruoyi.people.controller.StudentDbController.add()', 'POST', 1, 'admin', NULL, '/people/student', '127.0.0.1', '内网IP', '{\"address\":\"北京\",\"age\":\"20\",\"id\":1,\"mz\":\"汉\",\"phone\":\"18293232243\",\"sex\":\"0\",\"sfzId\":\"2683478349839549\",\"stuBzr\":\"王刚\",\"stuClass\":\"2\",\"stuId\":\"4200931010\",\"stuName\":\"邓周明\",\"stuNianji\":\"3\",\"zhuzi\":\"4\"}', '{\"msg\":\"操作成功\",\"code\":200}', 0, NULL, '2022-11-19 18:24:20');
INSERT INTO `sys_oper_log` VALUES (292, '代码生成', 6, 'com.ruoyi.generator.controller.GenController.importTableSave()', 'POST', 1, 'admin', NULL, '/tool/gen/importTable', '127.0.0.1', '内网IP', '\"home_db\"', '{\"msg\":\"操作成功\",\"code\":200}', 0, NULL, '2022-11-19 19:06:58');
INSERT INTO `sys_oper_log` VALUES (293, '代码生成', 3, 'com.ruoyi.generator.controller.GenController.remove()', 'DELETE', 1, 'admin', NULL, '/tool/gen/6', '127.0.0.1', '内网IP', '{tableIds=6}', '{\"msg\":\"操作成功\",\"code\":200}', 0, NULL, '2022-11-19 19:07:10');
INSERT INTO `sys_oper_log` VALUES (294, '代码生成', 2, 'com.ruoyi.generator.controller.GenController.editSave()', 'PUT', 1, 'admin', NULL, '/tool/gen', '127.0.0.1', '内网IP', '{\"businessName\":\"home\",\"className\":\"HomeDb\",\"columns\":[{\"capJavaField\":\"Id\",\"columnId\":73,\"columnName\":\"id\",\"columnType\":\"int(12)\",\"createBy\":\"admin\",\"createTime\":\"2022-11-19 19:06:58\",\"dictType\":\"\",\"edit\":false,\"htmlType\":\"input\",\"increment\":true,\"insert\":true,\"isIncrement\":\"1\",\"isInsert\":\"1\",\"isPk\":\"1\",\"javaField\":\"id\",\"javaType\":\"Long\",\"list\":false,\"pk\":true,\"query\":false,\"queryType\":\"EQ\",\"required\":false,\"sort\":1,\"superColumn\":false,\"tableId\":7,\"updateBy\":\"\",\"usableColumn\":false},{\"capJavaField\":\"HomeId\",\"columnId\":74,\"columnName\":\"home_ID\",\"columnType\":\"varchar(100)\",\"createBy\":\"admin\",\"createTime\":\"2022-11-19 19:06:58\",\"dictType\":\"\",\"edit\":true,\"htmlType\":\"input\",\"increment\":false,\"insert\":true,\"isEdit\":\"1\",\"isIncrement\":\"0\",\"isInsert\":\"1\",\"isList\":\"1\",\"isPk\":\"0\",\"isQuery\":\"1\",\"javaField\":\"homeId\",\"javaType\":\"String\",\"list\":true,\"pk\":false,\"query\":true,\"queryType\":\"EQ\",\"required\":false,\"sort\":2,\"superColumn\":false,\"tableId\":7,\"updateBy\":\"\",\"usableColumn\":false},{\"capJavaField\":\"Username\",\"columnId\":75,\"columnName\":\"username\",\"columnType\":\"varchar(100)\",\"createBy\":\"admin\",\"createTime\":\"2022-11-19 19:06:58\",\"dictType\":\"\",\"edit\":true,\"htmlType\":\"input\",\"increment\":false,\"insert\":true,\"isEdit\":\"1\",\"isIncrement\":\"0\",\"isInsert\":\"1\",\"isList\":\"1\",\"isPk\":\"0\",\"isQuery\":\"1\",\"javaField\":\"username\",\"javaType\":\"String\",\"list\":true,\"pk\":false,\"query\":true,\"queryType\":\"LIKE\",\"required\":false,\"sort\":3,\"superColumn\":false,\"tableId\":7,\"updateBy\":\"\",\"usableColumn\":false},{\"capJavaField\":\"Shihui\",\"columnId\":76,\"columnName\":\"shihui\",\"columnType\":\"char(100)\",\"createBy\":\"admin\",\"createTime\":\"2022-11-19 19:06:58\",\"dictType\":\"\",\"edit\":true,\"htmlType\":\"input\",\"increment\":false,\"insert\":true,\"isEdit\":\"1\",\"isIncrement\":\"0\",\"isInsert\":\"1\",\"isList\":\"1\",\"isPk\":\"0\",\"isQuery\":\"1\",\"javaField\":\"shihui\",\"javaType\":\"String\",\"list\":true,\"pk\":false,\"query\":true,\"queryType\":\"EQ\",\"required\":false,\"sort\":4,\"superColumn\":false,\"tableId\":7,\"updateBy\":\"\",\"usableColumn\":false},{\"capJavaField\":\"Address\",\"co', '{\"msg\":\"操作成功\",\"code\":200}', 0, NULL, '2022-11-19 19:08:18');
INSERT INTO `sys_oper_log` VALUES (295, '代码生成', 2, 'com.ruoyi.generator.controller.GenController.editSave()', 'PUT', 1, 'admin', NULL, '/tool/gen', '127.0.0.1', '内网IP', '{\"businessName\":\"home\",\"className\":\"HomeDb\",\"columns\":[{\"capJavaField\":\"Id\",\"columnId\":73,\"columnName\":\"id\",\"columnType\":\"int(12)\",\"createBy\":\"admin\",\"createTime\":\"2022-11-19 19:06:58\",\"dictType\":\"\",\"edit\":false,\"htmlType\":\"input\",\"increment\":true,\"insert\":true,\"isIncrement\":\"1\",\"isInsert\":\"1\",\"isPk\":\"1\",\"javaField\":\"id\",\"javaType\":\"Long\",\"list\":false,\"pk\":true,\"query\":false,\"queryType\":\"EQ\",\"required\":false,\"sort\":1,\"superColumn\":false,\"tableId\":7,\"updateBy\":\"\",\"updateTime\":\"2022-11-19 19:08:18\",\"usableColumn\":false},{\"capJavaField\":\"HomeId\",\"columnId\":74,\"columnName\":\"home_ID\",\"columnType\":\"varchar(100)\",\"createBy\":\"admin\",\"createTime\":\"2022-11-19 19:06:58\",\"dictType\":\"\",\"edit\":true,\"htmlType\":\"input\",\"increment\":false,\"insert\":true,\"isEdit\":\"1\",\"isIncrement\":\"0\",\"isInsert\":\"1\",\"isList\":\"1\",\"isPk\":\"0\",\"isQuery\":\"1\",\"javaField\":\"homeId\",\"javaType\":\"String\",\"list\":true,\"pk\":false,\"query\":true,\"queryType\":\"EQ\",\"required\":false,\"sort\":2,\"superColumn\":false,\"tableId\":7,\"updateBy\":\"\",\"updateTime\":\"2022-11-19 19:08:18\",\"usableColumn\":false},{\"capJavaField\":\"Username\",\"columnId\":75,\"columnName\":\"username\",\"columnType\":\"varchar(100)\",\"createBy\":\"admin\",\"createTime\":\"2022-11-19 19:06:58\",\"dictType\":\"\",\"edit\":true,\"htmlType\":\"input\",\"increment\":false,\"insert\":true,\"isEdit\":\"1\",\"isIncrement\":\"0\",\"isInsert\":\"1\",\"isList\":\"1\",\"isPk\":\"0\",\"isQuery\":\"1\",\"javaField\":\"username\",\"javaType\":\"String\",\"list\":true,\"pk\":false,\"query\":true,\"queryType\":\"LIKE\",\"required\":false,\"sort\":3,\"superColumn\":false,\"tableId\":7,\"updateBy\":\"\",\"updateTime\":\"2022-11-19 19:08:18\",\"usableColumn\":false},{\"capJavaField\":\"Shihui\",\"columnId\":76,\"columnName\":\"shihui\",\"columnType\":\"char(100)\",\"createBy\":\"admin\",\"createTime\":\"2022-11-19 19:06:58\",\"dictType\":\"\",\"edit\":true,\"htmlType\":\"input\",\"increment\":false,\"insert\":true,\"isEdit\":\"1\",\"isIncrement\":\"0\",\"isInsert\":\"1\",\"isList\":\"1\",\"isPk\":\"0\",\"isQuery\":\"1\",\"javaField\":\"shihui\",\"javaType\":\"String\",\"list\":true,\"pk\":false,\"query\":true,\"queryType\":\"EQ\",\"required\":false,\"', '{\"msg\":\"操作成功\",\"code\":200}', 0, NULL, '2022-11-19 19:09:38');
INSERT INTO `sys_oper_log` VALUES (296, '用户管理', 2, 'com.ruoyi.web.controller.system.SysUserController.edit()', 'PUT', 1, 'admin', NULL, '/system/user', '127.0.0.1', '内网IP', '{\"admin\":false,\"avatar\":\"\",\"createBy\":\"\",\"createTime\":\"2022-11-14 23:21:33\",\"delFlag\":\"0\",\"email\":\"\",\"loginDate\":\"2022-11-14 23:22:01\",\"loginIp\":\"127.0.0.1\",\"nickName\":\"王小明\",\"phonenumber\":\"\",\"postIds\":[],\"remark\":\"-- 菜单 SQL\\ninsert into sys_menu (menu_name, parent_id, order_num, path, component, is_frame, is_cache, menu_type, visible, status, perms, icon, create_by, create_time, update_by, update_time, remark)\\nvalues(\'home\', \'3\', \'1\', \'home\', \'people/home/index\', 1, 0, \'C\', \'0\', \'0\', \'people:home:list\', \'#\', \'admin\', sysdate(), \'\', null, \'home菜单\');\\n\\n-- 按钮父菜单ID\\nSELECT @parentId := LAST_INSERT_ID();\\n\\n-- 按钮 SQL\\ninsert into sys_menu (menu_name, parent_id, order_num, path, component, is_frame, is_cache, menu_type, visible, status, perms, icon, create_by, create_time, update_by, update_time, remark)\\nvalues(\'home查询\', @parentId, \'1\',  \'#\', \'\', 1, 0, \'F\', \'0\', \'0\', \'people:home:query\',        \'#\', \'admin\', sysdate(), \'\', null, \'\');\\n\\ninsert into sys_menu (menu_name, parent_id, order_num, path, component, is_frame, is_cache, menu_type, visible, status, perms, icon, create_by, create_time, update_by, update_time, remark)\\nvalues(\'home新增\', @parentId, \'2\',  \'#\', \'\', 1, 0, \'F\', \'0\', \'0\', \'people:home:add\',          \'#\', \'admin\', sysdate(), \'\', null, \'\');\\n\\ninsert into sys_menu (menu_name, parent_id, order_num, path, component, is_frame, is_cache, menu_type, visible, status, perms, icon, create_by, create_time, update_by, update_time, remark)\\nvalues(\'home修改\', @parentId, \'3\',  \'#\', \'\', 1, 0, \'F\', \'0\', \'0\', \'people:home:edit\',         \'#\', \'admin\', sysdate(), \'\', null, \'\');\\n\\ninsert into sys_menu (menu_name, parent_id, order_num, path, component, is_frame, is_cache, menu_type, visible, status, perms, icon, create_by, create_time, update_by, update_time, remark)\\nvalues(\'home删除\', @parentId, \'4\',  \'#\', \'\', 1, 0, \'F\', \'0\', \'0\', \'people:home:remove\',       \'#\', \'admin\', sysdate(), \'\', null, \'\');\\n\\ninsert into sys_menu (menu_name, parent_id, order_num, path, component, is_fr', '{\"msg\":\"操作成功\",\"code\":200}', 0, NULL, '2022-11-19 19:15:52');
INSERT INTO `sys_oper_log` VALUES (297, '代码生成', 2, 'com.ruoyi.generator.controller.GenController.editSave()', 'PUT', 1, 'admin', NULL, '/tool/gen', '127.0.0.1', '内网IP', '{\"businessName\":\"home\",\"className\":\"HomeDb\",\"columns\":[{\"capJavaField\":\"Id\",\"columnComment\":\"ID\",\"columnId\":73,\"columnName\":\"id\",\"columnType\":\"int(12)\",\"createBy\":\"admin\",\"createTime\":\"2022-11-19 19:06:58\",\"dictType\":\"\",\"edit\":false,\"htmlType\":\"input\",\"increment\":true,\"insert\":true,\"isIncrement\":\"1\",\"isInsert\":\"1\",\"isPk\":\"1\",\"javaField\":\"id\",\"javaType\":\"Long\",\"list\":false,\"pk\":true,\"query\":false,\"queryType\":\"EQ\",\"required\":false,\"sort\":1,\"superColumn\":false,\"tableId\":7,\"updateBy\":\"\",\"updateTime\":\"2022-11-19 19:09:38\",\"usableColumn\":false},{\"capJavaField\":\"HomeId\",\"columnComment\":\"家长ID\",\"columnId\":74,\"columnName\":\"home_ID\",\"columnType\":\"varchar(100)\",\"createBy\":\"admin\",\"createTime\":\"2022-11-19 19:06:58\",\"dictType\":\"\",\"edit\":true,\"htmlType\":\"input\",\"increment\":false,\"insert\":true,\"isEdit\":\"1\",\"isIncrement\":\"0\",\"isInsert\":\"1\",\"isList\":\"1\",\"isPk\":\"0\",\"isQuery\":\"1\",\"javaField\":\"homeId\",\"javaType\":\"String\",\"list\":true,\"pk\":false,\"query\":true,\"queryType\":\"EQ\",\"required\":false,\"sort\":2,\"superColumn\":false,\"tableId\":7,\"updateBy\":\"\",\"updateTime\":\"2022-11-19 19:09:38\",\"usableColumn\":false},{\"capJavaField\":\"Username\",\"columnComment\":\"姓名\",\"columnId\":75,\"columnName\":\"username\",\"columnType\":\"varchar(100)\",\"createBy\":\"admin\",\"createTime\":\"2022-11-19 19:06:58\",\"dictType\":\"\",\"edit\":true,\"htmlType\":\"input\",\"increment\":false,\"insert\":true,\"isEdit\":\"1\",\"isIncrement\":\"0\",\"isInsert\":\"1\",\"isList\":\"1\",\"isPk\":\"0\",\"isQuery\":\"1\",\"javaField\":\"username\",\"javaType\":\"String\",\"list\":true,\"pk\":false,\"query\":true,\"queryType\":\"LIKE\",\"required\":false,\"sort\":3,\"superColumn\":false,\"tableId\":7,\"updateBy\":\"\",\"updateTime\":\"2022-11-19 19:09:38\",\"usableColumn\":false},{\"capJavaField\":\"Shihui\",\"columnComment\":\"社会面貌\",\"columnId\":76,\"columnName\":\"shihui\",\"columnType\":\"char(100)\",\"createBy\":\"admin\",\"createTime\":\"2022-11-19 19:06:58\",\"dictType\":\"society\",\"edit\":true,\"htmlType\":\"select\",\"increment\":false,\"insert\":true,\"isEdit\":\"1\",\"isIncrement\":\"0\",\"isInsert\":\"1\",\"isList\":\"1\",\"isPk\":\"0\",\"isQuery\":\"0\",\"javaField\":\"shi', '{\"msg\":\"操作成功\",\"code\":200}', 0, NULL, '2022-11-19 19:19:54');
INSERT INTO `sys_oper_log` VALUES (298, '菜单管理', 2, 'com.ruoyi.web.controller.system.SysMenuController.edit()', 'PUT', 1, 'admin', NULL, '/system/menu', '127.0.0.1', '内网IP', '{\"children\":[],\"component\":\"people/home\",\"createTime\":\"2022-11-19 19:17:02\",\"icon\":\"user\",\"isCache\":\"0\",\"isFrame\":\"1\",\"menuId\":2040,\"menuName\":\"家长管理\",\"menuType\":\"C\",\"orderNum\":1,\"parentId\":2002,\"path\":\"/people/home\",\"perms\":\"people:home:list\",\"status\":\"0\",\"updateBy\":\"admin\",\"visible\":\"0\"}', '{\"msg\":\"操作成功\",\"code\":200}', 0, NULL, '2022-11-19 19:31:50');
INSERT INTO `sys_oper_log` VALUES (299, 'home', 1, 'com.ruoyi.web.controller.people.HomeDbController.add()', 'POST', 1, 'admin', NULL, '/people/home', '127.0.0.1', '内网IP', '{\"address\":\"北京\",\"age\":\"45\",\"homeId\":\"100001\",\"id\":1,\"phone\":\"18329323343\",\"sex\":\"0\",\"sfz\":\"3723383243900232\",\"shihui\":\"1\",\"username\":\"王太岳\"}', '{\"msg\":\"操作成功\",\"code\":200}', 0, NULL, '2022-11-19 19:32:58');
INSERT INTO `sys_oper_log` VALUES (300, '菜单管理', 3, 'com.ruoyi.web.controller.system.SysMenuController.remove()', 'DELETE', 1, 'admin', NULL, '/system/menu/2004', '127.0.0.1', '内网IP', '{menuId=2004}', '{\"msg\":\"菜单已分配,不允许删除\",\"code\":601}', 0, NULL, '2022-11-19 19:34:16');
INSERT INTO `sys_oper_log` VALUES (301, '菜单管理', 2, 'com.ruoyi.web.controller.system.SysMenuController.edit()', 'PUT', 1, 'admin', NULL, '/system/menu', '127.0.0.1', '内网IP', '{\"children\":[],\"createTime\":\"2022-11-14 02:02:46\",\"icon\":\"message\",\"isCache\":\"0\",\"isFrame\":\"1\",\"menuId\":2004,\"menuName\":\"公告管理\",\"menuType\":\"M\",\"orderNum\":5,\"parentId\":0,\"path\":\"/\",\"perms\":\"\",\"status\":\"0\",\"updateBy\":\"admin\",\"visible\":\"0\"}', '{\"msg\":\"操作成功\",\"code\":200}', 0, NULL, '2022-11-19 19:34:51');
INSERT INTO `sys_oper_log` VALUES (302, '菜单管理', 3, 'com.ruoyi.web.controller.system.SysMenuController.remove()', 'DELETE', 1, 'admin', NULL, '/system/menu/2004', '127.0.0.1', '内网IP', '{menuId=2004}', '{\"msg\":\"菜单已分配,不允许删除\",\"code\":601}', 0, NULL, '2022-11-19 19:34:56');
INSERT INTO `sys_oper_log` VALUES (303, '菜单管理', 3, 'com.ruoyi.web.controller.system.SysMenuController.remove()', 'DELETE', 1, 'admin', NULL, '/system/menu/2004', '127.0.0.1', '内网IP', '{menuId=2004}', '{\"msg\":\"菜单已分配,不允许删除\",\"code\":601}', 0, NULL, '2022-11-19 19:35:10');
INSERT INTO `sys_oper_log` VALUES (304, '菜单管理', 2, 'com.ruoyi.web.controller.system.SysMenuController.edit()', 'PUT', 1, 'admin', NULL, '/system/menu', '127.0.0.1', '内网IP', '{\"children\":[],\"createTime\":\"2022-11-14 02:02:46\",\"icon\":\"message\",\"isCache\":\"0\",\"isFrame\":\"1\",\"menuId\":2004,\"menuName\":\"公告管理\",\"menuType\":\"M\",\"orderNum\":5,\"path\":\"/\",\"perms\":\"\",\"status\":\"0\",\"updateBy\":\"admin\",\"visible\":\"0\"}', '{\"msg\":\"操作成功\",\"code\":200}', 0, NULL, '2022-11-19 19:35:23');
INSERT INTO `sys_oper_log` VALUES (305, '菜单管理', 3, 'com.ruoyi.web.controller.system.SysMenuController.remove()', 'DELETE', 1, 'admin', NULL, '/system/menu/2004', '127.0.0.1', '内网IP', '{menuId=2004}', '{\"msg\":\"菜单已分配,不允许删除\",\"code\":601}', 0, NULL, '2022-11-19 19:35:27');
INSERT INTO `sys_oper_log` VALUES (306, '菜单管理', 2, 'com.ruoyi.web.controller.system.SysMenuController.edit()', 'PUT', 1, 'admin', NULL, '/system/menu', '127.0.0.1', '内网IP', '{\"children\":[],\"createTime\":\"2022-11-14 02:02:46\",\"icon\":\"message\",\"isCache\":\"0\",\"isFrame\":\"1\",\"menuId\":2004,\"menuName\":\"111\",\"menuType\":\"M\",\"orderNum\":5,\"parentId\":0,\"path\":\"/\",\"perms\":\"\",\"status\":\"1\",\"updateBy\":\"admin\",\"visible\":\"1\"}', '{\"msg\":\"操作成功\",\"code\":200}', 0, NULL, '2022-11-19 19:35:49');
INSERT INTO `sys_oper_log` VALUES (307, '菜单管理', 3, 'com.ruoyi.web.controller.system.SysMenuController.remove()', 'DELETE', 1, 'admin', NULL, '/system/menu/2004', '127.0.0.1', '内网IP', '{menuId=2004}', '{\"msg\":\"菜单已分配,不允许删除\",\"code\":601}', 0, NULL, '2022-11-19 19:35:54');
INSERT INTO `sys_oper_log` VALUES (308, '菜单管理', 3, 'com.ruoyi.web.controller.system.SysMenuController.remove()', 'DELETE', 1, 'admin', NULL, '/system/menu/2004', '127.0.0.1', '内网IP', '{menuId=2004}', '{\"msg\":\"菜单已分配,不允许删除\",\"code\":601}', 0, NULL, '2022-11-19 19:38:37');
INSERT INTO `sys_oper_log` VALUES (309, '菜单管理', 2, 'com.ruoyi.web.controller.system.SysMenuController.edit()', 'PUT', 1, 'admin', NULL, '/system/menu', '127.0.0.1', '内网IP', '{\"children\":[],\"createTime\":\"2022-11-14 02:02:46\",\"icon\":\"message\",\"isCache\":\"0\",\"isFrame\":\"1\",\"menuId\":2004,\"menuName\":\"111\",\"menuType\":\"M\",\"orderNum\":0,\"path\":\"/\",\"perms\":\"\",\"status\":\"1\",\"updateBy\":\"admin\",\"visible\":\"1\"}', '{\"msg\":\"操作成功\",\"code\":200}', 0, NULL, '2022-11-19 19:39:02');
INSERT INTO `sys_oper_log` VALUES (310, '菜单管理', 3, 'com.ruoyi.web.controller.system.SysMenuController.remove()', 'DELETE', 1, 'admin', NULL, '/system/menu/2004', '127.0.0.1', '内网IP', '{menuId=2004}', '{\"msg\":\"菜单已分配,不允许删除\",\"code\":601}', 0, NULL, '2022-11-19 19:39:13');
INSERT INTO `sys_oper_log` VALUES (311, '菜单管理', 2, 'com.ruoyi.web.controller.system.SysMenuController.edit()', 'PUT', 1, 'admin', NULL, '/system/menu', '127.0.0.1', '内网IP', '{\"children\":[],\"createTime\":\"2022-11-14 02:02:46\",\"icon\":\"message\",\"isCache\":\"0\",\"isFrame\":\"1\",\"menuId\":2004,\"menuName\":\"待启用\",\"menuType\":\"M\",\"orderNum\":10,\"parentId\":0,\"path\":\"/\",\"perms\":\"\",\"status\":\"1\",\"updateBy\":\"admin\",\"visible\":\"1\"}', '{\"msg\":\"操作成功\",\"code\":200}', 0, NULL, '2022-11-19 19:40:11');
INSERT INTO `sys_oper_log` VALUES (312, '菜单管理', 3, 'com.ruoyi.web.controller.system.SysMenuController.remove()', 'DELETE', 1, 'admin', NULL, '/system/menu/2005', '127.0.0.1', '内网IP', '{menuId=2005}', '{\"msg\":\"菜单已分配,不允许删除\",\"code\":601}', 0, NULL, '2022-11-19 19:40:24');
INSERT INTO `sys_oper_log` VALUES (313, '菜单管理', 2, 'com.ruoyi.web.controller.system.SysMenuController.edit()', 'PUT', 1, 'admin', NULL, '/system/menu', '127.0.0.1', '内网IP', '{\"children\":[],\"createTime\":\"2022-11-14 02:01:59\",\"icon\":\"search\",\"isCache\":\"0\",\"isFrame\":\"1\",\"menuId\":2003,\"menuName\":\"待启用\",\"menuType\":\"M\",\"orderNum\":10,\"parentId\":0,\"path\":\"/sreach\",\"perms\":\"\",\"status\":\"1\",\"visible\":\"1\"}', '{\"msg\":\"修改菜单\'待启用\'失败，菜单名称已存在\",\"code\":500}', 0, NULL, '2022-11-19 19:40:51');
INSERT INTO `sys_oper_log` VALUES (314, '菜单管理', 2, 'com.ruoyi.web.controller.system.SysMenuController.edit()', 'PUT', 1, 'admin', NULL, '/system/menu', '127.0.0.1', '内网IP', '{\"children\":[],\"createTime\":\"2022-11-14 02:01:59\",\"icon\":\"search\",\"isCache\":\"0\",\"isFrame\":\"1\",\"menuId\":2003,\"menuName\":\"待启用1\",\"menuType\":\"M\",\"orderNum\":10,\"parentId\":0,\"path\":\"/sreach\",\"perms\":\"\",\"status\":\"1\",\"updateBy\":\"admin\",\"visible\":\"1\"}', '{\"msg\":\"操作成功\",\"code\":200}', 0, NULL, '2022-11-19 19:40:58');
INSERT INTO `sys_oper_log` VALUES (315, '角色管理', 2, 'com.ruoyi.web.controller.system.SysRoleController.edit()', 'PUT', 1, 'admin', NULL, '/system/role', '127.0.0.1', '内网IP', '{\"admin\":false,\"createTime\":\"2022-11-14 22:35:55\",\"dataScope\":\"1\",\"delFlag\":\"0\",\"deptCheckStrictly\":true,\"flag\":false,\"menuCheckStrictly\":true,\"menuIds\":[1,2002,2000,100,1000,1001,1002,1003,1004,1005,1006,2022,2023,2024,2025,2026,2027,102,1012,1013,1014,1015,103,1016,1017,1018,1019,104,1020,1021,1022,1023,1024,2008,2009,2010,2011,2012,2013,107,1035,1036,1037,1038,2028,2029,2030,2031,2032,2033,2034,2035,2036,2037,2038,2039,2005,2006,4,2003,2004],\"remark\":\"普通管理员\",\"roleId\":100,\"roleKey\":\"root\",\"roleName\":\"系统管理员\",\"roleSort\":\"1\",\"status\":\"0\",\"updateBy\":\"admin\"}', '{\"msg\":\"操作成功\",\"code\":200}', 0, NULL, '2022-11-20 14:06:22');
INSERT INTO `sys_oper_log` VALUES (316, '角色管理', 2, 'com.ruoyi.web.controller.system.SysRoleController.edit()', 'PUT', 1, 'admin', NULL, '/system/role', '127.0.0.1', '内网IP', '{\"admin\":false,\"createTime\":\"2022-11-14 22:35:55\",\"dataScope\":\"1\",\"delFlag\":\"0\",\"deptCheckStrictly\":true,\"flag\":false,\"menuCheckStrictly\":true,\"menuIds\":[1,2002,2000,100,1000,1001,1002,1003,1004,1005,1006,2022,2023,2024,2025,2026,2027,102,1012,1013,1014,1015,103,1016,1017,1018,1019,104,1020,1021,1022,1023,1024,2008,2009,2010,2011,2012,2013,107,1035,1036,1037,1038,2028,2029,2030,2031,2032,2033,2034,2035,2036,2037,2038,2039,2005,2006,4,2003,2004],\"remark\":\"普通管理员\",\"roleId\":100,\"roleKey\":\"root\",\"roleName\":\"系统管理员\",\"roleSort\":\"1\",\"status\":\"0\",\"updateBy\":\"admin\"}', '{\"msg\":\"操作成功\",\"code\":200}', 0, NULL, '2022-11-20 14:52:26');
INSERT INTO `sys_oper_log` VALUES (317, '角色管理', 2, 'com.ruoyi.web.controller.system.SysRoleController.edit()', 'PUT', 1, 'admin', NULL, '/system/role', '127.0.0.1', '内网IP', '{\"admin\":false,\"createTime\":\"2022-11-14 22:35:55\",\"dataScope\":\"1\",\"delFlag\":\"0\",\"deptCheckStrictly\":true,\"flag\":false,\"menuCheckStrictly\":true,\"menuIds\":[1,2002,2000,100,1000,1001,1002,1003,1004,1005,1006,2022,2023,2024,2025,2026,2027,102,1012,1013,1014,1015,103,1016,1017,1018,1019,104,1020,1021,1022,1023,1024,2008,2009,2010,2011,2012,2013,107,1035,1036,1037,1038,2028,2029,2030,2031,2032,2033,2034,2035,2036,2037,2038,2039,2005,2006,4,2003,2004],\"remark\":\"普通管理员\",\"roleId\":100,\"roleKey\":\"root\",\"roleName\":\"系统管理员\",\"roleSort\":\"1\",\"status\":\"0\",\"updateBy\":\"admin\"}', '{\"msg\":\"操作成功\",\"code\":200}', 0, NULL, '2022-11-20 14:52:43');
INSERT INTO `sys_oper_log` VALUES (318, 'teacher', 1, 'com.ruoyi.web.controller.people.TeacherDbController.add()', 'POST', 1, '邓周明', NULL, '/people/teacher', '127.0.0.1', '内网IP', '{\"age\":\"1\",\"hobby\":\"1\",\"id\":2,\"mingzhu\":\"1\",\"phone\":\"1\",\"sex\":\"0\",\"teaGh\":\"1\",\"teacherId\":\"1\",\"type\":\"1\",\"username\":\"1\"}', '{\"msg\":\"操作成功\",\"code\":200}', 0, NULL, '2022-11-20 14:55:43');
INSERT INTO `sys_oper_log` VALUES (319, 'teacher', 2, 'com.ruoyi.web.controller.people.TeacherDbController.edit()', 'PUT', 1, '邓周明', NULL, '/people/teacher', '127.0.0.1', '内网IP', '{\"age\":\"1\",\"hobby\":\"1\",\"id\":2,\"mingzhu\":\"1\",\"phone\":\"1\",\"sex\":\"0\",\"teaGh\":\"1\",\"teacherId\":\"2\",\"type\":\"1\",\"username\":\"2\"}', '{\"msg\":\"操作成功\",\"code\":200}', 0, NULL, '2022-11-20 14:55:54');
INSERT INTO `sys_oper_log` VALUES (320, '用户头像', 2, 'com.ruoyi.web.controller.system.SysProfileController.avatar()', 'POST', 1, '邓周明', NULL, '/system/user/profile/avatar', '127.0.0.1', '内网IP', '', '{\"msg\":\"操作成功\",\"imgUrl\":\"/profile/avatar/2022/11/20/blob_20221120145726A001.png\",\"code\":200}', 0, NULL, '2022-11-20 14:57:26');
INSERT INTO `sys_oper_log` VALUES (321, 'syudent_grade', 1, 'com.ruoyi.web.controller.subject.StudentGradeController.add()', 'POST', 1, '邓周明', NULL, '/system/grade', '127.0.0.1', '内网IP', '{\"countNum\":1,\"dili\":1,\"huaxue\":1,\"id\":2,\"lishi\":1,\"nianji\":\"3\",\"shengwu\":1,\"shuxue\":1,\"stuClass\":\"2\",\"stuId\":\"1\",\"stuName\":\"1\",\"tiyu\":1,\"wuli\":1,\"yingyu\":1,\"yingyue\":1,\"yuwen\":1,\"zhenzi\":1}', '{\"msg\":\"操作成功\",\"code\":200}', 0, NULL, '2022-11-20 18:03:10');
INSERT INTO `sys_oper_log` VALUES (322, '字典类型', 1, 'com.ruoyi.web.controller.system.SysDictTypeController.add()', 'POST', 1, 'admin', NULL, '/system/dict/type', '127.0.0.1', '内网IP', '{\"createBy\":\"admin\",\"dictName\":\"报名分类\",\"dictType\":\"baomin\",\"status\":\"0\"}', '{\"msg\":\"操作成功\",\"code\":200}', 0, NULL, '2022-11-24 01:47:55');
INSERT INTO `sys_oper_log` VALUES (323, '字典数据', 1, 'com.ruoyi.web.controller.system.SysDictDataController.add()', 'POST', 1, 'admin', NULL, '/system/dict/data', '127.0.0.1', '内网IP', '{\"createBy\":\"admin\",\"default\":false,\"dictLabel\":\"开学报名\",\"dictSort\":0,\"dictType\":\"baomin\",\"dictValue\":\"1\",\"listClass\":\"primary\",\"status\":\"0\"}', '{\"msg\":\"操作成功\",\"code\":200}', 0, NULL, '2022-11-24 01:48:46');
INSERT INTO `sys_oper_log` VALUES (324, '字典数据', 1, 'com.ruoyi.web.controller.system.SysDictDataController.add()', 'POST', 1, 'admin', NULL, '/system/dict/data', '127.0.0.1', '内网IP', '{\"createBy\":\"admin\",\"default\":false,\"dictLabel\":\"活动报名\",\"dictSort\":1,\"dictType\":\"baomin\",\"dictValue\":\"2\",\"listClass\":\"success\",\"status\":\"0\"}', '{\"msg\":\"操作成功\",\"code\":200}', 0, NULL, '2022-11-24 01:49:16');
INSERT INTO `sys_oper_log` VALUES (325, '字典数据', 1, 'com.ruoyi.web.controller.system.SysDictDataController.add()', 'POST', 1, 'admin', NULL, '/system/dict/data', '127.0.0.1', '内网IP', '{\"createBy\":\"admin\",\"default\":false,\"dictLabel\":\"志愿者报名\",\"dictSort\":0,\"dictType\":\"baomin\",\"dictValue\":\"2\",\"listClass\":\"info\",\"status\":\"0\"}', '{\"msg\":\"操作成功\",\"code\":200}', 0, NULL, '2022-11-24 01:49:34');
INSERT INTO `sys_oper_log` VALUES (326, '字典数据', 2, 'com.ruoyi.web.controller.system.SysDictDataController.edit()', 'PUT', 1, 'admin', NULL, '/system/dict/data', '127.0.0.1', '内网IP', '{\"createBy\":\"admin\",\"createTime\":\"2022-11-24 01:49:34\",\"default\":false,\"dictCode\":42,\"dictLabel\":\"志愿者报名\",\"dictSort\":0,\"dictType\":\"baomin\",\"dictValue\":\"2\",\"isDefault\":\"N\",\"listClass\":\"warning\",\"status\":\"0\",\"updateBy\":\"admin\"}', '{\"msg\":\"操作成功\",\"code\":200}', 0, NULL, '2022-11-24 01:49:42');
INSERT INTO `sys_oper_log` VALUES (327, '字典数据', 1, 'com.ruoyi.web.controller.system.SysDictDataController.add()', 'POST', 1, 'admin', NULL, '/system/dict/data', '127.0.0.1', '内网IP', '{\"createBy\":\"admin\",\"cssClass\":\"\",\"default\":false,\"dictLabel\":\"考试报名\",\"dictSort\":0,\"dictType\":\"baomin\",\"dictValue\":\"3\",\"listClass\":\"danger\",\"status\":\"0\"}', '{\"msg\":\"操作成功\",\"code\":200}', 0, NULL, '2022-11-24 01:50:43');
INSERT INTO `sys_oper_log` VALUES (328, '字典数据', 2, 'com.ruoyi.web.controller.system.SysDictDataController.edit()', 'PUT', 1, 'admin', NULL, '/system/dict/data', '127.0.0.1', '内网IP', '{\"createBy\":\"admin\",\"createTime\":\"2022-11-24 01:49:16\",\"default\":false,\"dictCode\":41,\"dictLabel\":\"活动报名\",\"dictSort\":1,\"dictType\":\"baomin\",\"dictValue\":\"3\",\"isDefault\":\"N\",\"listClass\":\"success\",\"status\":\"0\",\"updateBy\":\"admin\"}', '{\"msg\":\"操作成功\",\"code\":200}', 0, NULL, '2022-11-24 01:50:51');
INSERT INTO `sys_oper_log` VALUES (329, '字典数据', 2, 'com.ruoyi.web.controller.system.SysDictDataController.edit()', 'PUT', 1, 'admin', NULL, '/system/dict/data', '127.0.0.1', '内网IP', '{\"createBy\":\"admin\",\"createTime\":\"2022-11-24 01:50:43\",\"default\":false,\"dictCode\":43,\"dictLabel\":\"考试报名\",\"dictSort\":0,\"dictType\":\"baomin\",\"dictValue\":\"4\",\"isDefault\":\"N\",\"listClass\":\"danger\",\"status\":\"0\",\"updateBy\":\"admin\"}', '{\"msg\":\"操作成功\",\"code\":200}', 0, NULL, '2022-11-24 01:50:57');
INSERT INTO `sys_oper_log` VALUES (330, '字典类型', 1, 'com.ruoyi.web.controller.system.SysDictTypeController.add()', 'POST', 1, 'admin', NULL, '/system/dict/type', '127.0.0.1', '内网IP', '{\"createBy\":\"admin\",\"dictName\":\"填表类型\",\"dictType\":\"fromtype\",\"status\":\"0\"}', '{\"msg\":\"操作成功\",\"code\":200}', 0, NULL, '2022-11-24 01:51:30');
INSERT INTO `sys_oper_log` VALUES (331, '字典数据', 1, 'com.ruoyi.web.controller.system.SysDictDataController.add()', 'POST', 1, 'admin', NULL, '/system/dict/data', '127.0.0.1', '内网IP', '{\"createBy\":\"admin\",\"default\":false,\"dictLabel\":\"安全须知\",\"dictSort\":0,\"dictType\":\"fromtype\",\"dictValue\":\"1\",\"listClass\":\"default\",\"status\":\"0\"}', '{\"msg\":\"操作成功\",\"code\":200}', 0, NULL, '2022-11-24 01:51:59');
INSERT INTO `sys_oper_log` VALUES (332, '字典数据', 2, 'com.ruoyi.web.controller.system.SysDictDataController.edit()', 'PUT', 1, 'admin', NULL, '/system/dict/data', '127.0.0.1', '内网IP', '{\"createBy\":\"admin\",\"createTime\":\"2022-11-24 01:51:58\",\"default\":false,\"dictCode\":44,\"dictLabel\":\"安全须知\",\"dictSort\":0,\"dictType\":\"fromtype\",\"dictValue\":\"1\",\"isDefault\":\"N\",\"listClass\":\"primary\",\"status\":\"0\",\"updateBy\":\"admin\"}', '{\"msg\":\"操作成功\",\"code\":200}', 0, NULL, '2022-11-24 01:52:06');
INSERT INTO `sys_oper_log` VALUES (333, '字典数据', 1, 'com.ruoyi.web.controller.system.SysDictDataController.add()', 'POST', 1, 'admin', NULL, '/system/dict/data', '127.0.0.1', '内网IP', '{\"createBy\":\"admin\",\"default\":false,\"dictLabel\":\"假期须知\",\"dictSort\":0,\"dictType\":\"fromtype\",\"dictValue\":\"2\",\"listClass\":\"primary\",\"status\":\"0\"}', '{\"msg\":\"操作成功\",\"code\":200}', 0, NULL, '2022-11-24 01:53:43');
INSERT INTO `sys_oper_log` VALUES (334, '字典数据', 1, 'com.ruoyi.web.controller.system.SysDictDataController.add()', 'POST', 1, 'admin', NULL, '/system/dict/data', '127.0.0.1', '内网IP', '{\"createBy\":\"admin\",\"default\":false,\"dictLabel\":\"贫困申请表\",\"dictSort\":0,\"dictType\":\"fromtype\",\"dictValue\":\"3\",\"listClass\":\"primary\",\"status\":\"0\"}', '{\"msg\":\"操作成功\",\"code\":200}', 0, NULL, '2022-11-24 01:54:07');
INSERT INTO `sys_oper_log` VALUES (335, '字典数据', 2, 'com.ruoyi.web.controller.system.SysDictDataController.edit()', 'PUT', 1, 'admin', NULL, '/system/dict/data', '127.0.0.1', '内网IP', '{\"createBy\":\"admin\",\"createTime\":\"2022-11-24 01:54:07\",\"default\":false,\"dictCode\":46,\"dictLabel\":\"贫困申请\",\"dictSort\":0,\"dictType\":\"fromtype\",\"dictValue\":\"3\",\"isDefault\":\"N\",\"listClass\":\"primary\",\"status\":\"0\",\"updateBy\":\"admin\"}', '{\"msg\":\"操作成功\",\"code\":200}', 0, NULL, '2022-11-24 01:54:15');
INSERT INTO `sys_oper_log` VALUES (336, '字典数据', 2, 'com.ruoyi.web.controller.system.SysDictDataController.edit()', 'PUT', 1, 'admin', NULL, '/system/dict/data', '127.0.0.1', '内网IP', '{\"createBy\":\"admin\",\"createTime\":\"2022-11-24 01:54:07\",\"default\":false,\"dictCode\":46,\"dictLabel\":\"贫困申请\",\"dictSort\":0,\"dictType\":\"fromtype\",\"dictValue\":\"3\",\"isDefault\":\"N\",\"listClass\":\"warning\",\"status\":\"0\",\"updateBy\":\"admin\"}', '{\"msg\":\"操作成功\",\"code\":200}', 0, NULL, '2022-11-24 01:54:24');
INSERT INTO `sys_oper_log` VALUES (337, '字典数据', 2, 'com.ruoyi.web.controller.system.SysDictDataController.edit()', 'PUT', 1, 'admin', NULL, '/system/dict/data', '127.0.0.1', '内网IP', '{\"createBy\":\"admin\",\"createTime\":\"2022-11-24 01:53:43\",\"default\":false,\"dictCode\":45,\"dictLabel\":\"假期须知\",\"dictSort\":0,\"dictType\":\"fromtype\",\"dictValue\":\"2\",\"isDefault\":\"N\",\"listClass\":\"success\",\"status\":\"0\",\"updateBy\":\"admin\"}', '{\"msg\":\"操作成功\",\"code\":200}', 0, NULL, '2022-11-24 01:54:29');
INSERT INTO `sys_oper_log` VALUES (338, '代码生成', 3, 'com.ruoyi.generator.controller.GenController.remove()', 'DELETE', 1, 'admin', NULL, '/tool/gen/7', '127.0.0.1', '内网IP', '{tableIds=7}', '{\"msg\":\"操作成功\",\"code\":200}', 0, NULL, '2022-11-24 01:55:17');
INSERT INTO `sys_oper_log` VALUES (339, '代码生成', 6, 'com.ruoyi.generator.controller.GenController.importTableSave()', 'POST', 1, 'admin', NULL, '/tool/gen/importTable', '127.0.0.1', '内网IP', '\"baoming_db\"', '{\"msg\":\"操作成功\",\"code\":200}', 0, NULL, '2022-11-24 01:55:32');
INSERT INTO `sys_oper_log` VALUES (340, '代码生成', 2, 'com.ruoyi.generator.controller.GenController.editSave()', 'PUT', 1, 'admin', NULL, '/tool/gen', '127.0.0.1', '内网IP', '{\"businessName\":\"signup\",\"className\":\"BaomingDb\",\"columns\":[{\"capJavaField\":\"Id\",\"columnId\":83,\"columnName\":\"id\",\"columnType\":\"int(12)\",\"createBy\":\"admin\",\"createTime\":\"2022-11-24 01:55:32\",\"dictType\":\"\",\"edit\":false,\"htmlType\":\"input\",\"increment\":true,\"insert\":true,\"isIncrement\":\"1\",\"isInsert\":\"1\",\"isPk\":\"1\",\"javaField\":\"id\",\"javaType\":\"Long\",\"list\":false,\"pk\":true,\"query\":false,\"queryType\":\"EQ\",\"required\":false,\"sort\":1,\"superColumn\":false,\"tableId\":8,\"updateBy\":\"\",\"usableColumn\":false},{\"capJavaField\":\"Applyid\",\"columnId\":84,\"columnName\":\"applyID\",\"columnType\":\"varchar(100)\",\"createBy\":\"admin\",\"createTime\":\"2022-11-24 01:55:32\",\"dictType\":\"\",\"edit\":true,\"htmlType\":\"input\",\"increment\":false,\"insert\":true,\"isEdit\":\"1\",\"isIncrement\":\"0\",\"isInsert\":\"1\",\"isList\":\"1\",\"isPk\":\"0\",\"isQuery\":\"1\",\"javaField\":\"applyid\",\"javaType\":\"String\",\"list\":true,\"pk\":false,\"query\":true,\"queryType\":\"EQ\",\"required\":false,\"sort\":2,\"superColumn\":false,\"tableId\":8,\"updateBy\":\"\",\"usableColumn\":false},{\"capJavaField\":\"StuId\",\"columnId\":85,\"columnName\":\"stu_id\",\"columnType\":\"int(12)\",\"createBy\":\"admin\",\"createTime\":\"2022-11-24 01:55:32\",\"dictType\":\"\",\"edit\":true,\"htmlType\":\"input\",\"increment\":false,\"insert\":true,\"isEdit\":\"1\",\"isIncrement\":\"0\",\"isInsert\":\"1\",\"isList\":\"1\",\"isPk\":\"0\",\"isQuery\":\"1\",\"javaField\":\"stuId\",\"javaType\":\"Long\",\"list\":true,\"pk\":false,\"query\":true,\"queryType\":\"EQ\",\"required\":false,\"sort\":3,\"superColumn\":false,\"tableId\":8,\"updateBy\":\"\",\"usableColumn\":false},{\"capJavaField\":\"Nianji\",\"columnId\":86,\"columnName\":\"nianji\",\"columnType\":\"char(1)\",\"createBy\":\"admin\",\"createTime\":\"2022-11-24 01:55:32\",\"dictType\":\"\",\"edit\":true,\"htmlType\":\"input\",\"increment\":false,\"insert\":true,\"isEdit\":\"1\",\"isIncrement\":\"0\",\"isInsert\":\"1\",\"isList\":\"1\",\"isPk\":\"0\",\"isQuery\":\"1\",\"javaField\":\"nianji\",\"javaType\":\"String\",\"list\":true,\"pk\":false,\"query\":true,\"queryType\":\"EQ\",\"required\":false,\"sort\":4,\"superColumn\":false,\"tableId\":8,\"updateBy\":\"\",\"usableColumn\":false},{\"capJavaField\":\"Classid\",\"columnId\":87,\"', '{\"msg\":\"操作成功\",\"code\":200}', 0, NULL, '2022-11-24 01:57:20');
INSERT INTO `sys_oper_log` VALUES (341, '代码生成', 2, 'com.ruoyi.generator.controller.GenController.editSave()', 'PUT', 1, 'admin', NULL, '/tool/gen', '127.0.0.1', '内网IP', '{\"businessName\":\"signup\",\"className\":\"BaomingDb\",\"columns\":[{\"capJavaField\":\"Id\",\"columnId\":83,\"columnName\":\"id\",\"columnType\":\"int(12)\",\"createBy\":\"admin\",\"createTime\":\"2022-11-24 01:55:32\",\"dictType\":\"\",\"edit\":false,\"htmlType\":\"input\",\"increment\":true,\"insert\":true,\"isIncrement\":\"1\",\"isInsert\":\"1\",\"isPk\":\"1\",\"javaField\":\"id\",\"javaType\":\"Long\",\"list\":false,\"pk\":true,\"query\":false,\"queryType\":\"EQ\",\"required\":false,\"sort\":1,\"superColumn\":false,\"tableId\":8,\"updateBy\":\"\",\"updateTime\":\"2022-11-24 01:57:20\",\"usableColumn\":false},{\"capJavaField\":\"Applyid\",\"columnId\":84,\"columnName\":\"applyID\",\"columnType\":\"varchar(100)\",\"createBy\":\"admin\",\"createTime\":\"2022-11-24 01:55:32\",\"dictType\":\"\",\"edit\":true,\"htmlType\":\"input\",\"increment\":false,\"insert\":true,\"isEdit\":\"1\",\"isIncrement\":\"0\",\"isInsert\":\"1\",\"isList\":\"1\",\"isPk\":\"0\",\"isQuery\":\"1\",\"javaField\":\"applyid\",\"javaType\":\"String\",\"list\":true,\"pk\":false,\"query\":true,\"queryType\":\"EQ\",\"required\":false,\"sort\":2,\"superColumn\":false,\"tableId\":8,\"updateBy\":\"\",\"updateTime\":\"2022-11-24 01:57:20\",\"usableColumn\":false},{\"capJavaField\":\"StuId\",\"columnId\":85,\"columnName\":\"stu_id\",\"columnType\":\"int(12)\",\"createBy\":\"admin\",\"createTime\":\"2022-11-24 01:55:32\",\"dictType\":\"\",\"edit\":true,\"htmlType\":\"input\",\"increment\":false,\"insert\":true,\"isEdit\":\"1\",\"isIncrement\":\"0\",\"isInsert\":\"1\",\"isList\":\"1\",\"isPk\":\"0\",\"isQuery\":\"1\",\"javaField\":\"stuId\",\"javaType\":\"Long\",\"list\":true,\"pk\":false,\"query\":true,\"queryType\":\"EQ\",\"required\":false,\"sort\":3,\"superColumn\":false,\"tableId\":8,\"updateBy\":\"\",\"updateTime\":\"2022-11-24 01:57:20\",\"usableColumn\":false},{\"capJavaField\":\"Nianji\",\"columnId\":86,\"columnName\":\"nianji\",\"columnType\":\"char(1)\",\"createBy\":\"admin\",\"createTime\":\"2022-11-24 01:55:32\",\"dictType\":\"\",\"edit\":true,\"htmlType\":\"input\",\"increment\":false,\"insert\":true,\"isEdit\":\"1\",\"isIncrement\":\"0\",\"isInsert\":\"1\",\"isList\":\"1\",\"isPk\":\"0\",\"isQuery\":\"1\",\"javaField\":\"nianji\",\"javaType\":\"String\",\"list\":true,\"pk\":false,\"query\":true,\"queryType\":\"EQ\",\"required\":false,\"sort\":4,\"sup', '{\"msg\":\"操作成功\",\"code\":200}', 0, NULL, '2022-11-24 01:58:32');
INSERT INTO `sys_oper_log` VALUES (342, '代码生成', 2, 'com.ruoyi.generator.controller.GenController.editSave()', 'PUT', 1, 'admin', NULL, '/tool/gen', '127.0.0.1', '内网IP', '{\"businessName\":\"signup\",\"className\":\"BaomingDb\",\"columns\":[{\"capJavaField\":\"Id\",\"columnComment\":\"ID\",\"columnId\":83,\"columnName\":\"id\",\"columnType\":\"int(12)\",\"createBy\":\"admin\",\"createTime\":\"2022-11-24 01:55:32\",\"dictType\":\"\",\"edit\":false,\"htmlType\":\"input\",\"increment\":true,\"insert\":true,\"isIncrement\":\"1\",\"isInsert\":\"1\",\"isPk\":\"1\",\"javaField\":\"id\",\"javaType\":\"Long\",\"list\":false,\"pk\":true,\"query\":false,\"queryType\":\"EQ\",\"required\":false,\"sort\":1,\"superColumn\":false,\"tableId\":8,\"updateBy\":\"\",\"updateTime\":\"2022-11-24 01:58:32\",\"usableColumn\":false},{\"capJavaField\":\"Applyid\",\"columnComment\":\"报名ID\",\"columnId\":84,\"columnName\":\"applyID\",\"columnType\":\"varchar(100)\",\"createBy\":\"admin\",\"createTime\":\"2022-11-24 01:55:32\",\"dictType\":\"\",\"edit\":true,\"htmlType\":\"input\",\"increment\":false,\"insert\":true,\"isEdit\":\"1\",\"isIncrement\":\"0\",\"isInsert\":\"1\",\"isList\":\"1\",\"isPk\":\"0\",\"isQuery\":\"1\",\"javaField\":\"applyid\",\"javaType\":\"String\",\"list\":true,\"pk\":false,\"query\":true,\"queryType\":\"EQ\",\"required\":false,\"sort\":2,\"superColumn\":false,\"tableId\":8,\"updateBy\":\"\",\"updateTime\":\"2022-11-24 01:58:32\",\"usableColumn\":false},{\"capJavaField\":\"StuId\",\"columnComment\":\"学生ID\",\"columnId\":85,\"columnName\":\"stu_id\",\"columnType\":\"int(12)\",\"createBy\":\"admin\",\"createTime\":\"2022-11-24 01:55:32\",\"dictType\":\"\",\"edit\":true,\"htmlType\":\"input\",\"increment\":false,\"insert\":true,\"isEdit\":\"1\",\"isIncrement\":\"0\",\"isInsert\":\"1\",\"isList\":\"0\",\"isPk\":\"0\",\"isQuery\":\"1\",\"javaField\":\"stuId\",\"javaType\":\"Long\",\"list\":false,\"pk\":false,\"query\":true,\"queryType\":\"EQ\",\"required\":false,\"sort\":3,\"superColumn\":false,\"tableId\":8,\"updateBy\":\"\",\"updateTime\":\"2022-11-24 01:58:32\",\"usableColumn\":false},{\"capJavaField\":\"Nianji\",\"columnComment\":\"年级\",\"columnId\":86,\"columnName\":\"nianji\",\"columnType\":\"char(1)\",\"createBy\":\"admin\",\"createTime\":\"2022-11-24 01:55:32\",\"dictType\":\"stu_nianji\",\"edit\":true,\"htmlType\":\"select\",\"increment\":false,\"insert\":true,\"isEdit\":\"1\",\"isIncrement\":\"0\",\"isInsert\":\"1\",\"isList\":\"1\",\"isPk\":\"0\",\"isQuery\":\"0\",\"javaField\":\"nianji\",\"ja', '{\"msg\":\"操作成功\",\"code\":200}', 0, NULL, '2022-11-24 02:02:38');
INSERT INTO `sys_oper_log` VALUES (343, '代码生成', 8, 'com.ruoyi.generator.controller.GenController.batchGenCode()', 'GET', 1, 'admin', NULL, '/tool/gen/batchGenCode', '127.0.0.1', '内网IP', '{}', NULL, 0, NULL, '2022-11-24 02:02:42');
INSERT INTO `sys_oper_log` VALUES (344, '用户管理', 2, 'com.ruoyi.web.controller.system.SysUserController.edit()', 'PUT', 1, 'admin', NULL, '/system/user', '127.0.0.1', '内网IP', '{\"admin\":false,\"avatar\":\"\",\"createBy\":\"\",\"createTime\":\"2022-11-14 23:21:33\",\"delFlag\":\"0\",\"email\":\"\",\"loginDate\":\"2022-11-14 23:22:01\",\"loginIp\":\"127.0.0.1\",\"nickName\":\"王小明\",\"phonenumber\":\"\",\"postIds\":[],\"remark\":\"-- 菜单 SQL\\ninsert into sys_menu (menu_name, parent_id, order_num, path, component, is_frame, is_cache, menu_type, visible, status, perms, icon, create_by, create_time, update_by, update_time, remark)\\nvalues(\'报名管理\', \'3\', \'1\', \'signup\', \'signup/signup/index\', 1, 0, \'C\', \'0\', \'0\', \'signup:signup:list\', \'#\', \'admin\', sysdate(), \'\', null, \'报名管理菜单\');\\n\\n-- 按钮父菜单ID\\nSELECT @parentId := LAST_INSERT_ID();\\n\\n-- 按钮 SQL\\ninsert into sys_menu (menu_name, parent_id, order_num, path, component, is_frame, is_cache, menu_type, visible, status, perms, icon, create_by, create_time, update_by, update_time, remark)\\nvalues(\'报名管理查询\', @parentId, \'1\',  \'#\', \'\', 1, 0, \'F\', \'0\', \'0\', \'signup:signup:query\',        \'#\', \'admin\', sysdate(), \'\', null, \'\');\\n\\ninsert into sys_menu (menu_name, parent_id, order_num, path, component, is_frame, is_cache, menu_type, visible, status, perms, icon, create_by, create_time, update_by, update_time, remark)\\nvalues(\'报名管理新增\', @parentId, \'2\',  \'#\', \'\', 1, 0, \'F\', \'0\', \'0\', \'signup:signup:add\',          \'#\', \'admin\', sysdate(), \'\', null, \'\');\\n\\ninsert into sys_menu (menu_name, parent_id, order_num, path, component, is_frame, is_cache, menu_type, visible, status, perms, icon, create_by, create_time, update_by, update_time, remark)\\nvalues(\'报名管理修改\', @parentId, \'3\',  \'#\', \'\', 1, 0, \'F\', \'0\', \'0\', \'signup:signup:edit\',         \'#\', \'admin\', sysdate(), \'\', null, \'\');\\n\\ninsert into sys_menu (menu_name, parent_id, order_num, path, component, is_frame, is_cache, menu_type, visible, status, perms, icon, create_by, create_time, update_by, update_time, remark)\\nvalues(\'报名管理删除\', @parentId, \'4\',  \'#\', \'\', 1, 0, \'F\', \'0\', \'0\', \'signup:signup:remove\',       \'#\', \'admin\', sysdate(), \'\', null, \'\');\\n\\ninsert into sys_menu (menu_name, parent_id, order_num, path, co', '{\"msg\":\"操作成功\",\"code\":200}', 0, NULL, '2022-11-24 02:14:35');
INSERT INTO `sys_oper_log` VALUES (345, '菜单管理', 2, 'com.ruoyi.web.controller.system.SysMenuController.edit()', 'PUT', 1, 'admin', NULL, '/system/menu', '127.0.0.1', '内网IP', '{\"children\":[],\"component\":\"signup/signup\",\"createTime\":\"2022-11-24 02:16:18\",\"icon\":\"skill\",\"isCache\":\"0\",\"isFrame\":\"1\",\"menuId\":2046,\"menuName\":\"报名管理\",\"menuType\":\"C\",\"orderNum\":1,\"parentId\":2005,\"path\":\"/signup/signup\",\"perms\":\"signup:signup:list\",\"status\":\"0\",\"updateBy\":\"admin\",\"visible\":\"0\"}', '{\"msg\":\"操作成功\",\"code\":200}', 0, NULL, '2022-11-24 02:17:43');
INSERT INTO `sys_oper_log` VALUES (346, '菜单管理', 2, 'com.ruoyi.web.controller.system.SysMenuController.edit()', 'PUT', 1, 'admin', NULL, '/system/menu', '127.0.0.1', '内网IP', '{\"children\":[],\"component\":\"signup/index\",\"createTime\":\"2022-11-24 02:16:18\",\"icon\":\"skill\",\"isCache\":\"0\",\"isFrame\":\"1\",\"menuId\":2046,\"menuName\":\"报名管理\",\"menuType\":\"C\",\"orderNum\":1,\"parentId\":2005,\"path\":\"/signup/signup\",\"perms\":\"signup:signup:list\",\"status\":\"0\",\"updateBy\":\"admin\",\"visible\":\"0\"}', '{\"msg\":\"操作成功\",\"code\":200}', 0, NULL, '2022-11-24 02:18:31');
INSERT INTO `sys_oper_log` VALUES (347, '报名管理', 1, 'com.ruoyi.signup.controller.BaomingDbController.add()', 'POST', 1, 'admin', NULL, '/signup/signup', '127.0.0.1', '内网IP', '{\"applyid\":\"100001\",\"bz\":\"无\",\"classid\":\"3\",\"createDay\":\"2022-11-23 00:00:00\",\"id\":1,\"nianji\":\"1\",\"state\":\"0\",\"stuId\":10001,\"stuname\":\"王小青\",\"title\":\"核酸检测志愿者报名\",\"typeApply\":\"2\"}', '{\"msg\":\"操作成功\",\"code\":200}', 0, NULL, '2022-11-24 02:20:15');
INSERT INTO `sys_oper_log` VALUES (348, '代码生成', 3, 'com.ruoyi.generator.controller.GenController.remove()', 'DELETE', 1, 'admin', NULL, '/tool/gen/8', '127.0.0.1', '内网IP', '{tableIds=8}', '{\"msg\":\"操作成功\",\"code\":200}', 0, NULL, '2022-11-24 02:24:01');
INSERT INTO `sys_oper_log` VALUES (349, '代码生成', 6, 'com.ruoyi.generator.controller.GenController.importTableSave()', 'POST', 1, 'admin', NULL, '/tool/gen/importTable', '127.0.0.1', '内网IP', '\"from_db\"', '{\"msg\":\"操作成功\",\"code\":200}', 0, NULL, '2022-11-24 02:24:16');
INSERT INTO `sys_oper_log` VALUES (350, '代码生成', 2, 'com.ruoyi.generator.controller.GenController.editSave()', 'PUT', 1, 'admin', NULL, '/tool/gen', '127.0.0.1', '内网IP', '{\"businessName\":\"tianbiao\",\"className\":\"FromDb\",\"columns\":[{\"capJavaField\":\"Id\",\"columnId\":94,\"columnName\":\"id\",\"columnType\":\"int(12)\",\"createBy\":\"admin\",\"createTime\":\"2022-11-24 02:24:16\",\"dictType\":\"\",\"edit\":false,\"htmlType\":\"input\",\"increment\":true,\"insert\":true,\"isIncrement\":\"1\",\"isInsert\":\"1\",\"isPk\":\"1\",\"javaField\":\"id\",\"javaType\":\"Long\",\"list\":false,\"pk\":true,\"query\":false,\"queryType\":\"EQ\",\"required\":false,\"sort\":1,\"superColumn\":false,\"tableId\":9,\"updateBy\":\"\",\"usableColumn\":false},{\"capJavaField\":\"Fromid\",\"columnId\":95,\"columnName\":\"fromID\",\"columnType\":\"varchar(100)\",\"createBy\":\"admin\",\"createTime\":\"2022-11-24 02:24:16\",\"dictType\":\"\",\"edit\":true,\"htmlType\":\"input\",\"increment\":false,\"insert\":true,\"isEdit\":\"1\",\"isIncrement\":\"0\",\"isInsert\":\"1\",\"isList\":\"1\",\"isPk\":\"0\",\"isQuery\":\"1\",\"javaField\":\"fromid\",\"javaType\":\"String\",\"list\":true,\"pk\":false,\"query\":true,\"queryType\":\"EQ\",\"required\":false,\"sort\":2,\"superColumn\":false,\"tableId\":9,\"updateBy\":\"\",\"usableColumn\":false},{\"capJavaField\":\"Title\",\"columnId\":96,\"columnName\":\"title\",\"columnType\":\"varchar(1000)\",\"createBy\":\"admin\",\"createTime\":\"2022-11-24 02:24:16\",\"dictType\":\"\",\"edit\":true,\"htmlType\":\"textarea\",\"increment\":false,\"insert\":true,\"isEdit\":\"1\",\"isIncrement\":\"0\",\"isInsert\":\"1\",\"isList\":\"1\",\"isPk\":\"0\",\"isQuery\":\"1\",\"javaField\":\"title\",\"javaType\":\"String\",\"list\":true,\"pk\":false,\"query\":true,\"queryType\":\"EQ\",\"required\":false,\"sort\":3,\"superColumn\":false,\"tableId\":9,\"updateBy\":\"\",\"usableColumn\":false},{\"capJavaField\":\"Fileurl\",\"columnId\":97,\"columnName\":\"fileurl\",\"columnType\":\"varchar(1000)\",\"createBy\":\"admin\",\"createTime\":\"2022-11-24 02:24:16\",\"dictType\":\"\",\"edit\":true,\"htmlType\":\"textarea\",\"increment\":false,\"insert\":true,\"isEdit\":\"1\",\"isIncrement\":\"0\",\"isInsert\":\"1\",\"isList\":\"1\",\"isPk\":\"0\",\"isQuery\":\"1\",\"javaField\":\"fileurl\",\"javaType\":\"String\",\"list\":true,\"pk\":false,\"query\":true,\"queryType\":\"EQ\",\"required\":false,\"sort\":4,\"superColumn\":false,\"tableId\":9,\"updateBy\":\"\",\"usableColumn\":false},{\"capJavaField\":\"Picurl', '{\"msg\":\"操作成功\",\"code\":200}', 0, NULL, '2022-11-24 02:25:22');
INSERT INTO `sys_oper_log` VALUES (351, '代码生成', 2, 'com.ruoyi.generator.controller.GenController.editSave()', 'PUT', 1, 'admin', NULL, '/tool/gen', '127.0.0.1', '内网IP', '{\"businessName\":\"tianbiao\",\"className\":\"FromDb\",\"columns\":[{\"capJavaField\":\"Id\",\"columnComment\":\"ID\",\"columnId\":94,\"columnName\":\"id\",\"columnType\":\"int(12)\",\"createBy\":\"admin\",\"createTime\":\"2022-11-24 02:24:16\",\"dictType\":\"\",\"edit\":false,\"htmlType\":\"input\",\"increment\":true,\"insert\":true,\"isIncrement\":\"1\",\"isInsert\":\"1\",\"isPk\":\"1\",\"javaField\":\"id\",\"javaType\":\"Long\",\"list\":false,\"pk\":true,\"query\":false,\"queryType\":\"EQ\",\"required\":false,\"sort\":1,\"superColumn\":false,\"tableId\":9,\"updateBy\":\"\",\"updateTime\":\"2022-11-24 02:25:22\",\"usableColumn\":false},{\"capJavaField\":\"Fromid\",\"columnComment\":\"表单ID\",\"columnId\":95,\"columnName\":\"fromID\",\"columnType\":\"varchar(100)\",\"createBy\":\"admin\",\"createTime\":\"2022-11-24 02:24:16\",\"dictType\":\"\",\"edit\":true,\"htmlType\":\"input\",\"increment\":false,\"insert\":true,\"isEdit\":\"1\",\"isIncrement\":\"0\",\"isInsert\":\"1\",\"isList\":\"1\",\"isPk\":\"0\",\"isQuery\":\"1\",\"javaField\":\"fromid\",\"javaType\":\"String\",\"list\":true,\"pk\":false,\"query\":true,\"queryType\":\"EQ\",\"required\":false,\"sort\":2,\"superColumn\":false,\"tableId\":9,\"updateBy\":\"\",\"updateTime\":\"2022-11-24 02:25:22\",\"usableColumn\":false},{\"capJavaField\":\"Title\",\"columnComment\":\"内容\",\"columnId\":96,\"columnName\":\"title\",\"columnType\":\"varchar(1000)\",\"createBy\":\"admin\",\"createTime\":\"2022-11-24 02:24:16\",\"dictType\":\"\",\"edit\":true,\"htmlType\":\"textarea\",\"increment\":false,\"insert\":true,\"isEdit\":\"1\",\"isIncrement\":\"0\",\"isInsert\":\"1\",\"isList\":\"1\",\"isPk\":\"0\",\"isQuery\":\"1\",\"javaField\":\"title\",\"javaType\":\"String\",\"list\":true,\"pk\":false,\"query\":true,\"queryType\":\"LIKE\",\"required\":false,\"sort\":3,\"superColumn\":false,\"tableId\":9,\"updateBy\":\"\",\"updateTime\":\"2022-11-24 02:25:22\",\"usableColumn\":false},{\"capJavaField\":\"Fileurl\",\"columnComment\":\"文件地址\",\"columnId\":97,\"columnName\":\"fileurl\",\"columnType\":\"varchar(1000)\",\"createBy\":\"admin\",\"createTime\":\"2022-11-24 02:24:16\",\"dictType\":\"\",\"edit\":true,\"htmlType\":\"input\",\"increment\":false,\"insert\":true,\"isEdit\":\"1\",\"isIncrement\":\"0\",\"isInsert\":\"1\",\"isList\":\"1\",\"isPk\":\"0\",\"isQuery\":\"0\",\"javaField\":\"fileurl', '{\"msg\":\"操作成功\",\"code\":200}', 0, NULL, '2022-11-24 02:29:42');
INSERT INTO `sys_oper_log` VALUES (352, '用户管理', 2, 'com.ruoyi.web.controller.system.SysUserController.edit()', 'PUT', 1, 'admin', NULL, '/system/user', '127.0.0.1', '内网IP', '{\"admin\":false,\"avatar\":\"\",\"createBy\":\"\",\"createTime\":\"2022-11-14 23:21:33\",\"delFlag\":\"0\",\"email\":\"\",\"loginDate\":\"2022-11-14 23:22:01\",\"loginIp\":\"127.0.0.1\",\"nickName\":\"王小明\",\"phonenumber\":\"\",\"postIds\":[],\"remark\":\"-- 菜单 SQL\\ninsert into sys_menu (menu_name, parent_id, order_num, path, component, is_frame, is_cache, menu_type, visible, status, perms, icon, create_by, create_time, update_by, update_time, remark)\\nvalues(\'填表管理\', \'3\', \'1\', \'tianbiao\', \'tianbiao/tianbiao/index\', 1, 0, \'C\', \'0\', \'0\', \'tianbiao:tianbiao:list\', \'#\', \'admin\', sysdate(), \'\', null, \'填表管理菜单\');\\n\\n-- 按钮父菜单ID\\nSELECT @parentId := LAST_INSERT_ID();\\n\\n-- 按钮 SQL\\ninsert into sys_menu (menu_name, parent_id, order_num, path, component, is_frame, is_cache, menu_type, visible, status, perms, icon, create_by, create_time, update_by, update_time, remark)\\nvalues(\'填表管理查询\', @parentId, \'1\',  \'#\', \'\', 1, 0, \'F\', \'0\', \'0\', \'tianbiao:tianbiao:query\',        \'#\', \'admin\', sysdate(), \'\', null, \'\');\\n\\ninsert into sys_menu (menu_name, parent_id, order_num, path, component, is_frame, is_cache, menu_type, visible, status, perms, icon, create_by, create_time, update_by, update_time, remark)\\nvalues(\'填表管理新增\', @parentId, \'2\',  \'#\', \'\', 1, 0, \'F\', \'0\', \'0\', \'tianbiao:tianbiao:add\',          \'#\', \'admin\', sysdate(), \'\', null, \'\');\\n\\ninsert into sys_menu (menu_name, parent_id, order_num, path, component, is_frame, is_cache, menu_type, visible, status, perms, icon, create_by, create_time, update_by, update_time, remark)\\nvalues(\'填表管理修改\', @parentId, \'3\',  \'#\', \'\', 1, 0, \'F\', \'0\', \'0\', \'tianbiao:tianbiao:edit\',         \'#\', \'admin\', sysdate(), \'\', null, \'\');\\n\\ninsert into sys_menu (menu_name, parent_id, order_num, path, component, is_frame, is_cache, menu_type, visible, status, perms, icon, create_by, create_time, update_by, update_time, remark)\\nvalues(\'填表管理删除\', @parentId, \'4\',  \'#\', \'\', 1, 0, \'F\', \'0\', \'0\', \'tianbiao:tianbiao:remove\',       \'#\', \'admin\', sysdate(), \'\', null, \'\');\\n\\ninsert into sys_menu (menu_name, pare', '{\"msg\":\"操作成功\",\"code\":200}', 0, NULL, '2022-11-24 02:42:25');
INSERT INTO `sys_oper_log` VALUES (353, '菜单管理', 3, 'com.ruoyi.web.controller.system.SysMenuController.remove()', 'DELETE', 1, 'admin', NULL, '/system/menu/2052', '127.0.0.1', '内网IP', '{menuId=2052}', '{\"msg\":\"存在子菜单,不允许删除\",\"code\":601}', 0, NULL, '2022-11-24 02:44:12');
INSERT INTO `sys_oper_log` VALUES (354, '菜单管理', 3, 'com.ruoyi.web.controller.system.SysMenuController.remove()', 'DELETE', 1, 'admin', NULL, '/system/menu/2053', '127.0.0.1', '内网IP', '{menuId=2053}', '{\"msg\":\"操作成功\",\"code\":200}', 0, NULL, '2022-11-24 02:44:31');
INSERT INTO `sys_oper_log` VALUES (355, '菜单管理', 3, 'com.ruoyi.web.controller.system.SysMenuController.remove()', 'DELETE', 1, 'admin', NULL, '/system/menu/2054', '127.0.0.1', '内网IP', '{menuId=2054}', '{\"msg\":\"操作成功\",\"code\":200}', 0, NULL, '2022-11-24 02:44:34');
INSERT INTO `sys_oper_log` VALUES (356, '菜单管理', 3, 'com.ruoyi.web.controller.system.SysMenuController.remove()', 'DELETE', 1, 'admin', NULL, '/system/menu/2055', '127.0.0.1', '内网IP', '{menuId=2055}', '{\"msg\":\"操作成功\",\"code\":200}', 0, NULL, '2022-11-24 02:44:38');
INSERT INTO `sys_oper_log` VALUES (357, '菜单管理', 3, 'com.ruoyi.web.controller.system.SysMenuController.remove()', 'DELETE', 1, 'admin', NULL, '/system/menu/2056', '127.0.0.1', '内网IP', '{menuId=2056}', '{\"msg\":\"操作成功\",\"code\":200}', 0, NULL, '2022-11-24 02:44:40');
INSERT INTO `sys_oper_log` VALUES (358, '菜单管理', 3, 'com.ruoyi.web.controller.system.SysMenuController.remove()', 'DELETE', 1, 'admin', NULL, '/system/menu/2057', '127.0.0.1', '内网IP', '{menuId=2057}', '{\"msg\":\"操作成功\",\"code\":200}', 0, NULL, '2022-11-24 02:44:42');
INSERT INTO `sys_oper_log` VALUES (359, '菜单管理', 3, 'com.ruoyi.web.controller.system.SysMenuController.remove()', 'DELETE', 1, 'admin', NULL, '/system/menu/2052', '127.0.0.1', '内网IP', '{menuId=2052}', '{\"msg\":\"操作成功\",\"code\":200}', 0, NULL, '2022-11-24 02:44:45');
INSERT INTO `sys_oper_log` VALUES (360, '用户管理', 2, 'com.ruoyi.web.controller.system.SysUserController.edit()', 'PUT', 1, 'admin', NULL, '/system/user', '127.0.0.1', '内网IP', '{\"admin\":false,\"avatar\":\"\",\"createBy\":\"\",\"createTime\":\"2022-11-14 23:21:33\",\"delFlag\":\"0\",\"email\":\"\",\"loginDate\":\"2022-11-14 23:22:01\",\"loginIp\":\"127.0.0.1\",\"nickName\":\"王小明\",\"phonenumber\":\"\",\"postIds\":[],\"remark\":\"-- 菜单 SQL\\ninsert into sys_menu (menu_name, parent_id, order_num, path, component, is_frame, is_cache, menu_type, visible, status, perms, icon, create_by, create_time, update_by, update_time, remark)\\nvalues(\'填表管理\', \'3\', \'1\', \'tianbiao\', \'tianbiao/tianbiao/index\', 1, 0, \'C\', \'0\', \'0\', \'tianbiao:tianbiao:list\', \'#\', \'admin\', sysdate(), \'\', null, \'填表管理菜单\');\\n\\n-- 按钮父菜单ID\\nSELECT @parentId := LAST_INSERT_ID();\\n\\n-- 按钮 SQL\\ninsert into sys_menu (menu_name, parent_id, order_num, path, component, is_frame, is_cache, menu_type, visible, status, perms, icon, create_by, create_time, update_by, update_time, remark)\\nvalues(\'填表管理查询\', @parentId, \'1\',  \'#\', \'\', 1, 0, \'F\', \'0\', \'0\', \'tianbiao:tianbiao:query\',        \'#\', \'admin\', sysdate(), \'\', null, \'\');\\n\\ninsert into sys_menu (menu_name, parent_id, order_num, path, component, is_frame, is_cache, menu_type, visible, status, perms, icon, create_by, create_time, update_by, update_time, remark)\\nvalues(\'填表管理新增\', @parentId, \'2\',  \'#\', \'\', 1, 0, \'F\', \'0\', \'0\', \'tianbiao:tianbiao:add\',          \'#\', \'admin\', sysdate(), \'\', null, \'\');\\n\\ninsert into sys_menu (menu_name, parent_id, order_num, path, component, is_frame, is_cache, menu_type, visible, status, perms, icon, create_by, create_time, update_by, update_time, remark)\\nvalues(\'填表管理修改\', @parentId, \'3\',  \'#\', \'\', 1, 0, \'F\', \'0\', \'0\', \'tianbiao:tianbiao:edit\',         \'#\', \'admin\', sysdate(), \'\', null, \'\');\\n\\ninsert into sys_menu (menu_name, parent_id, order_num, path, component, is_frame, is_cache, menu_type, visible, status, perms, icon, create_by, create_time, update_by, update_time, remark)\\nvalues(\'填表管理删除\', @parentId, \'4\',  \'#\', \'\', 1, 0, \'F\', \'0\', \'0\', \'tianbiao:tianbiao:remove\',       \'#\', \'admin\', sysdate(), \'\', null, \'\');\\n\\ninsert into sys_menu (menu_name, pare', '{\"msg\":\"操作成功\",\"code\":200}', 0, NULL, '2022-11-24 02:45:23');
INSERT INTO `sys_oper_log` VALUES (361, '菜单管理', 2, 'com.ruoyi.web.controller.system.SysMenuController.edit()', 'PUT', 1, 'admin', NULL, '/system/menu', '127.0.0.1', '内网IP', '{\"children\":[],\"component\":\"tianbiao/index\",\"createTime\":\"2022-11-24 02:46:17\",\"icon\":\"#\",\"isCache\":\"0\",\"isFrame\":\"1\",\"menuId\":2058,\"menuName\":\"填表管理\",\"menuType\":\"C\",\"orderNum\":1,\"parentId\":3,\"path\":\"tianbiao/tianbiao\",\"perms\":\"tianbiao:tianbiao:list\",\"status\":\"0\",\"updateBy\":\"admin\",\"visible\":\"0\"}', '{\"msg\":\"操作成功\",\"code\":200}', 0, NULL, '2022-11-24 02:46:57');
INSERT INTO `sys_oper_log` VALUES (362, '菜单管理', 2, 'com.ruoyi.web.controller.system.SysMenuController.edit()', 'PUT', 1, 'admin', NULL, '/system/menu', '127.0.0.1', '内网IP', '{\"children\":[],\"component\":\"tianbiao/index\",\"createTime\":\"2022-11-24 02:46:17\",\"icon\":\"#\",\"isCache\":\"0\",\"isFrame\":\"1\",\"menuId\":2058,\"menuName\":\"填表管理\",\"menuType\":\"C\",\"orderNum\":1,\"parentId\":2006,\"path\":\"tianbiao/tianbiao\",\"perms\":\"tianbiao:tianbiao:list\",\"status\":\"0\",\"updateBy\":\"admin\",\"visible\":\"0\"}', '{\"msg\":\"操作成功\",\"code\":200}', 0, NULL, '2022-11-24 02:47:09');
INSERT INTO `sys_oper_log` VALUES (363, '菜单管理', 2, 'com.ruoyi.web.controller.system.SysMenuController.edit()', 'PUT', 1, 'admin', NULL, '/system/menu', '127.0.0.1', '内网IP', '{\"children\":[],\"component\":\"tianbiao/index\",\"createTime\":\"2022-11-24 02:46:17\",\"icon\":\"#\",\"isCache\":\"0\",\"isFrame\":\"1\",\"menuId\":2058,\"menuName\":\"填表数据\",\"menuType\":\"C\",\"orderNum\":1,\"parentId\":2006,\"path\":\"tianbiao/tianbiao\",\"perms\":\"tianbiao:tianbiao:list\",\"status\":\"0\",\"updateBy\":\"admin\",\"visible\":\"0\"}', '{\"msg\":\"操作成功\",\"code\":200}', 0, NULL, '2022-11-24 02:47:47');
INSERT INTO `sys_oper_log` VALUES (364, '菜单管理', 2, 'com.ruoyi.web.controller.system.SysMenuController.edit()', 'PUT', 1, 'admin', NULL, '/system/menu', '127.0.0.1', '内网IP', '{\"children\":[],\"component\":\"tianbiao/index\",\"createTime\":\"2022-11-24 02:46:17\",\"icon\":\"clipboard\",\"isCache\":\"0\",\"isFrame\":\"1\",\"menuId\":2058,\"menuName\":\"填表数据\",\"menuType\":\"C\",\"orderNum\":1,\"parentId\":2006,\"path\":\"tianbiao/tianbiao\",\"perms\":\"tianbiao:tianbiao:list\",\"status\":\"0\",\"updateBy\":\"admin\",\"visible\":\"0\"}', '{\"msg\":\"操作成功\",\"code\":200}', 0, NULL, '2022-11-24 02:48:10');
INSERT INTO `sys_oper_log` VALUES (365, '填表管理', 1, 'com.ruoyi.tianbiao.controller.FromDbController.add()', 'POST', 1, 'admin', NULL, '/tianbiao/tianbiao', '127.0.0.1', '内网IP', '{\"fromType\":\"2\",\"fromid\":\"100001\",\"homeid\":100001,\"homename\":\"王刚\",\"id\":1,\"state\":\"0\",\"stuid\":100001,\"stuname\":\"王明\",\"title\":\"寒假通知\"}', '{\"msg\":\"操作成功\",\"code\":200}', 0, NULL, '2022-11-24 02:49:50');
INSERT INTO `sys_oper_log` VALUES (366, 'student', 5, 'com.ruoyi.people.controller.StudentDbController.export()', 'POST', 1, '邓周明', NULL, '/people/student/export', '127.0.0.1', '内网IP', '{}', NULL, 0, NULL, '2022-11-24 21:02:33');
INSERT INTO `sys_oper_log` VALUES (367, '角色管理', 2, 'com.ruoyi.web.controller.system.SysRoleController.edit()', 'PUT', 1, 'admin', NULL, '/system/role', '127.0.0.1', '内网IP', '{\"admin\":false,\"createTime\":\"2022-11-14 22:35:55\",\"dataScope\":\"1\",\"delFlag\":\"0\",\"deptCheckStrictly\":true,\"flag\":false,\"menuCheckStrictly\":true,\"menuIds\":[1,2000,100,1000,1001,1002,1003,1004,1005,1006,2022,2023,2024,2025,2026,2027,102,1012,1013,1014,1015,103,1016,1017,1018,1019,104,1020,1021,1022,1023,1024,2008,2009,2010,2011,2012,2013,107,1035,1036,1037,1038,2002,2028,2029,2030,2031,2032,2033,2034,2035,2036,2037,2038,2039,2040,2041,2042,2043,2044,2045,2005,2006,4,2003,2004],\"remark\":\"普通管理员\",\"roleId\":100,\"roleKey\":\"root\",\"roleName\":\"系统管理员\",\"roleSort\":\"1\",\"status\":\"0\",\"updateBy\":\"admin\"}', '{\"msg\":\"操作成功\",\"code\":200}', 0, NULL, '2022-11-25 20:56:54');
INSERT INTO `sys_oper_log` VALUES (368, '菜单管理', 2, 'com.ruoyi.web.controller.system.SysMenuController.edit()', 'PUT', 1, 'admin', NULL, '/system/menu', '127.0.0.1', '内网IP', '{\"children\":[],\"createTime\":\"2022-11-13 20:38:53\",\"icon\":\"monitor\",\"isCache\":\"0\",\"isFrame\":\"1\",\"menuId\":2,\"menuName\":\"系统监控\",\"menuType\":\"M\",\"orderNum\":9,\"parentId\":0,\"path\":\"monitor\",\"perms\":\"\",\"query\":\"\",\"status\":\"0\",\"updateBy\":\"admin\",\"visible\":\"0\"}', '{\"msg\":\"操作成功\",\"code\":200}', 0, NULL, '2022-11-25 20:59:41');
INSERT INTO `sys_oper_log` VALUES (369, '报名管理', 1, 'com.ruoyi.signup.controller.BaomingDbController.add()', 'POST', 1, 'admin', NULL, '/signup/signup', '127.0.0.1', '内网IP', '{\"applyid\":\"100001\",\"classid\":\"3\",\"createDay\":\"2022-11-25 00:00:00\",\"id\":2,\"nianji\":\"1\",\"state\":\"0\",\"stuId\":100001,\"stuname\":\"111\",\"title\":\"核算检测\",\"typeApply\":\"2\"}', '{\"msg\":\"操作成功\",\"code\":200}', 0, NULL, '2022-11-25 21:03:19');
INSERT INTO `sys_oper_log` VALUES (370, '字典数据', 1, 'com.ruoyi.web.controller.system.SysDictDataController.add()', 'POST', 1, 'admin', NULL, '/system/dict/data', '127.0.0.1', '内网IP', '{\"createBy\":\"admin\",\"default\":false,\"dictLabel\":\"大一\",\"dictSort\":4,\"dictType\":\"stu_class\",\"dictValue\":\"4\",\"listClass\":\"danger\",\"status\":\"0\"}', '{\"msg\":\"操作成功\",\"code\":200}', 0, NULL, '2022-11-25 21:05:21');
INSERT INTO `sys_oper_log` VALUES (371, '字典数据', 2, 'com.ruoyi.web.controller.system.SysDictDataController.edit()', 'PUT', 1, 'admin', NULL, '/system/dict/data', '127.0.0.1', '内网IP', '{\"createBy\":\"admin\",\"createTime\":\"2022-11-19 15:48:05\",\"default\":false,\"dictCode\":32,\"dictLabel\":\"3班\",\"dictSort\":0,\"dictType\":\"stu_class\",\"dictValue\":\"3\",\"isDefault\":\"N\",\"listClass\":\"primary\",\"status\":\"0\",\"updateBy\":\"admin\"}', '{\"msg\":\"操作成功\",\"code\":200}', 0, NULL, '2022-11-25 21:05:31');
INSERT INTO `sys_oper_log` VALUES (372, '字典类型', 3, 'com.ruoyi.web.controller.system.SysDictDataController.remove()', 'DELETE', 1, 'admin', NULL, '/system/dict/data/47', '127.0.0.1', '内网IP', '{dictCodes=47}', '{\"msg\":\"操作成功\",\"code\":200}', 0, NULL, '2022-11-25 21:06:09');
INSERT INTO `sys_oper_log` VALUES (373, '用户头像', 2, 'com.ruoyi.web.controller.system.SysProfileController.avatar()', 'POST', 1, 'admin', NULL, '/system/user/profile/avatar', '127.0.0.1', '内网IP', '', '{\"msg\":\"操作成功\",\"imgUrl\":\"/profile/avatar/2022/12/02/blob_20221202101834A001.png\",\"code\":200}', 0, NULL, '2022-12-02 10:18:34');
INSERT INTO `sys_oper_log` VALUES (374, '部门管理', 2, 'com.ruoyi.web.controller.system.SysDeptController.edit()', 'PUT', 1, 'admin', NULL, '/system/dept', '127.0.0.1', '内网IP', '{\"ancestors\":\"0\",\"children\":[],\"deptId\":100,\"deptName\":\"辽东学院\",\"email\":\"ry@qq.com\",\"leader\":\"邓周明\",\"orderNum\":0,\"parentId\":0,\"phone\":\"15888888888\",\"status\":\"0\",\"updateBy\":\"admin\"}', '{\"msg\":\"操作成功\",\"code\":200}', 0, NULL, '2022-12-02 10:19:13');
INSERT INTO `sys_oper_log` VALUES (375, '部门管理', 2, 'com.ruoyi.web.controller.system.SysDeptController.edit()', 'PUT', 1, 'admin', NULL, '/system/dept', '127.0.0.1', '内网IP', '{\"ancestors\":\"0,100\",\"children\":[],\"deptId\":101,\"deptName\":\"信息工程学院\",\"email\":\"ry@qq.com\",\"leader\":\"王小二\",\"orderNum\":1,\"parentId\":100,\"parentName\":\"辽东学院\",\"phone\":\"15888888888\",\"status\":\"0\",\"updateBy\":\"admin\"}', '{\"msg\":\"操作成功\",\"code\":200}', 0, NULL, '2022-12-02 10:19:28');
INSERT INTO `sys_oper_log` VALUES (376, '部门管理', 2, 'com.ruoyi.web.controller.system.SysDeptController.edit()', 'PUT', 1, 'admin', NULL, '/system/dept', '127.0.0.1', '内网IP', '{\"ancestors\":\"0,100,101\",\"children\":[],\"deptId\":103,\"deptName\":\"计算机系\",\"email\":\"ry@qq.com\",\"leader\":\"\",\"orderNum\":1,\"parentId\":101,\"parentName\":\"信息工程学院\",\"phone\":\"15888888888\",\"status\":\"0\",\"updateBy\":\"admin\"}', '{\"msg\":\"操作成功\",\"code\":200}', 0, NULL, '2022-12-02 10:19:39');
INSERT INTO `sys_oper_log` VALUES (377, '部门管理', 2, 'com.ruoyi.web.controller.system.SysDeptController.edit()', 'PUT', 1, 'admin', NULL, '/system/dept', '127.0.0.1', '内网IP', '{\"ancestors\":\"0,100,101\",\"children\":[],\"deptId\":105,\"deptName\":\"网络工程系\",\"email\":\"ry@qq.com\",\"leader\":\"\",\"orderNum\":3,\"parentId\":101,\"parentName\":\"信息工程学院\",\"phone\":\"15888888888\",\"status\":\"0\",\"updateBy\":\"admin\"}', '{\"msg\":\"操作成功\",\"code\":200}', 0, NULL, '2022-12-02 10:19:51');
INSERT INTO `sys_oper_log` VALUES (378, '部门管理', 3, 'com.ruoyi.web.controller.system.SysDeptController.remove()', 'DELETE', 1, 'admin', NULL, '/system/dept/104', '127.0.0.1', '内网IP', '{deptId=104}', '{\"msg\":\"操作成功\",\"code\":200}', 0, NULL, '2022-12-02 10:19:54');
INSERT INTO `sys_oper_log` VALUES (379, '部门管理', 3, 'com.ruoyi.web.controller.system.SysDeptController.remove()', 'DELETE', 1, 'admin', NULL, '/system/dept/106', '127.0.0.1', '内网IP', '{deptId=106}', '{\"msg\":\"操作成功\",\"code\":200}', 0, NULL, '2022-12-02 10:19:59');
INSERT INTO `sys_oper_log` VALUES (380, '部门管理', 2, 'com.ruoyi.web.controller.system.SysDeptController.edit()', 'PUT', 1, 'admin', NULL, '/system/dept', '127.0.0.1', '内网IP', '{\"ancestors\":\"0,100\",\"children\":[],\"deptId\":102,\"deptName\":\"城市建设学院\",\"email\":\"ry@qq.com\",\"leader\":\"\",\"orderNum\":2,\"parentId\":100,\"parentName\":\"辽东学院\",\"phone\":\"15888888888\",\"status\":\"0\",\"updateBy\":\"admin\"}', '{\"msg\":\"操作成功\",\"code\":200}', 0, NULL, '2022-12-02 10:20:20');
INSERT INTO `sys_oper_log` VALUES (381, '部门管理', 2, 'com.ruoyi.web.controller.system.SysDeptController.edit()', 'PUT', 1, 'admin', NULL, '/system/dept', '127.0.0.1', '内网IP', '{\"ancestors\":\"0,100,102\",\"children\":[],\"deptId\":108,\"deptName\":\"土木工程系\",\"email\":\"ry@qq.com\",\"leader\":\"\",\"orderNum\":1,\"parentId\":102,\"parentName\":\"城市建设学院\",\"phone\":\"15888888888\",\"status\":\"0\",\"updateBy\":\"admin\"}', '{\"msg\":\"操作成功\",\"code\":200}', 0, NULL, '2022-12-02 10:20:43');
INSERT INTO `sys_oper_log` VALUES (382, '部门管理', 3, 'com.ruoyi.web.controller.system.SysDeptController.remove()', 'DELETE', 1, 'admin', NULL, '/system/dept/109', '127.0.0.1', '内网IP', '{deptId=109}', '{\"msg\":\"操作成功\",\"code\":200}', 0, NULL, '2022-12-02 10:20:46');
INSERT INTO `sys_oper_log` VALUES (383, '部门管理', 2, 'com.ruoyi.web.controller.system.SysDeptController.edit()', 'PUT', 1, 'admin', NULL, '/system/dept', '127.0.0.1', '内网IP', '{\"ancestors\":\"0,100,101\",\"children\":[],\"deptId\":103,\"deptName\":\"计算机科学与技术系\",\"email\":\"ry@qq.com\",\"leader\":\"\",\"orderNum\":1,\"parentId\":101,\"parentName\":\"信息工程学院\",\"phone\":\"15888888888\",\"status\":\"0\",\"updateBy\":\"admin\"}', '{\"msg\":\"操作成功\",\"code\":200}', 0, NULL, '2022-12-02 10:21:00');
INSERT INTO `sys_oper_log` VALUES (384, '部门管理', 1, 'com.ruoyi.web.controller.system.SysDeptController.add()', 'POST', 1, 'admin', NULL, '/system/dept', '127.0.0.1', '内网IP', '{\"ancestors\":\"0,100,101,103\",\"children\":[],\"createBy\":\"admin\",\"deptName\":\"B2005\",\"email\":\"158@qq.com\",\"leader\":\"周艳\",\"orderNum\":2,\"parentId\":103,\"phone\":\"15865325256\",\"status\":\"0\"}', '{\"msg\":\"操作成功\",\"code\":200}', 0, NULL, '2022-12-02 10:21:28');
INSERT INTO `sys_oper_log` VALUES (385, '部门管理', 1, 'com.ruoyi.web.controller.system.SysDeptController.add()', 'POST', 1, 'admin', NULL, '/system/dept', '127.0.0.1', '内网IP', '{\"ancestors\":\"0,100,101,103\",\"children\":[],\"createBy\":\"admin\",\"deptName\":\"B2006\",\"email\":\"158@qq.com\",\"leader\":\"aaa\",\"orderNum\":2,\"parentId\":103,\"phone\":\"16985411235\",\"status\":\"0\"}', '{\"msg\":\"操作成功\",\"code\":200}', 0, NULL, '2022-12-02 10:21:53');
INSERT INTO `sys_oper_log` VALUES (386, '部门管理', 1, 'com.ruoyi.web.controller.system.SysDeptController.add()', 'POST', 1, 'admin', NULL, '/system/dept', '127.0.0.1', '内网IP', '{\"ancestors\":\"0,100,101,103\",\"children\":[],\"createBy\":\"admin\",\"deptName\":\"B2007\",\"email\":\"125@gmail.com\",\"leader\":\"陈老师\",\"orderNum\":4,\"parentId\":103,\"phone\":\"15865325217\",\"status\":\"0\"}', '{\"msg\":\"操作成功\",\"code\":200}', 0, NULL, '2022-12-02 10:22:25');
INSERT INTO `sys_oper_log` VALUES (387, '部门管理', 2, 'com.ruoyi.web.controller.system.SysDeptController.edit()', 'PUT', 1, 'admin', NULL, '/system/dept', '127.0.0.1', '内网IP', '{\"ancestors\":\"0,100,101,103\",\"children\":[],\"deptId\":110,\"deptName\":\"B2005班\",\"email\":\"158@qq.com\",\"leader\":\"周艳\",\"orderNum\":2,\"parentId\":103,\"parentName\":\"计算机科学与技术系\",\"phone\":\"15865325256\",\"status\":\"0\",\"updateBy\":\"admin\"}', '{\"msg\":\"操作成功\",\"code\":200}', 0, NULL, '2022-12-02 10:22:33');
INSERT INTO `sys_oper_log` VALUES (388, '部门管理', 2, 'com.ruoyi.web.controller.system.SysDeptController.edit()', 'PUT', 1, 'admin', NULL, '/system/dept', '127.0.0.1', '内网IP', '{\"ancestors\":\"0,100,101,103\",\"children\":[],\"deptId\":111,\"deptName\":\"B2006班\",\"email\":\"158@qq.com\",\"leader\":\"aaa\",\"orderNum\":2,\"parentId\":103,\"parentName\":\"计算机科学与技术系\",\"phone\":\"16985411235\",\"status\":\"0\",\"updateBy\":\"admin\"}', '{\"msg\":\"操作成功\",\"code\":200}', 0, NULL, '2022-12-02 10:22:38');
INSERT INTO `sys_oper_log` VALUES (389, '部门管理', 2, 'com.ruoyi.web.controller.system.SysDeptController.edit()', 'PUT', 1, 'admin', NULL, '/system/dept', '127.0.0.1', '内网IP', '{\"ancestors\":\"0,100,101,103\",\"children\":[],\"deptId\":112,\"deptName\":\"B2007班\",\"email\":\"125@gmail.com\",\"leader\":\"陈老师\",\"orderNum\":4,\"parentId\":103,\"parentName\":\"计算机科学与技术系\",\"phone\":\"15865325217\",\"status\":\"0\",\"updateBy\":\"admin\"}', '{\"msg\":\"操作成功\",\"code\":200}', 0, NULL, '2022-12-02 10:22:44');
INSERT INTO `sys_oper_log` VALUES (390, '部门管理', 1, 'com.ruoyi.web.controller.system.SysDeptController.add()', 'POST', 1, 'admin', NULL, '/system/dept', '127.0.0.1', '内网IP', '{\"ancestors\":\"0,100,101,105\",\"children\":[],\"createBy\":\"admin\",\"deptName\":\"B2004班\",\"email\":\"158@qq.com\",\"orderNum\":1,\"parentId\":105,\"phone\":\"15852412154\",\"status\":\"0\"}', '{\"msg\":\"操作成功\",\"code\":200}', 0, NULL, '2022-12-02 10:34:17');
INSERT INTO `sys_oper_log` VALUES (391, '菜单管理', 2, 'com.ruoyi.web.controller.system.SysMenuController.edit()', 'PUT', 1, 'admin', NULL, '/system/menu', '127.0.0.1', '内网IP', '{\"children\":[],\"component\":\"system/role/index\",\"createTime\":\"2022-11-13 20:38:53\",\"icon\":\"peoples\",\"isCache\":\"0\",\"isFrame\":\"1\",\"menuId\":101,\"menuName\":\"权限管理\",\"menuType\":\"C\",\"orderNum\":2,\"parentId\":1,\"path\":\"role\",\"perms\":\"system:role:list\",\"query\":\"\",\"status\":\"0\",\"updateBy\":\"admin\",\"visible\":\"0\"}', '{\"msg\":\"操作成功\",\"code\":200}', 0, NULL, '2022-12-02 10:36:00');
INSERT INTO `sys_oper_log` VALUES (392, '菜单管理', 2, 'com.ruoyi.web.controller.system.SysMenuController.edit()', 'PUT', 1, 'admin', NULL, '/system/menu', '127.0.0.1', '内网IP', '{\"children\":[],\"createTime\":\"2022-11-14 02:02:46\",\"icon\":\"message\",\"isCache\":\"0\",\"isFrame\":\"1\",\"menuId\":2004,\"menuName\":\"待启用\",\"menuType\":\"M\",\"orderNum\":15,\"parentId\":0,\"path\":\"/\",\"perms\":\"\",\"status\":\"1\",\"updateBy\":\"admin\",\"visible\":\"1\"}', '{\"msg\":\"操作成功\",\"code\":200}', 0, NULL, '2022-12-02 10:36:19');
INSERT INTO `sys_oper_log` VALUES (393, '菜单管理', 2, 'com.ruoyi.web.controller.system.SysMenuController.edit()', 'PUT', 1, 'admin', NULL, '/system/menu', '127.0.0.1', '内网IP', '{\"children\":[],\"createTime\":\"2022-11-14 02:01:59\",\"icon\":\"search\",\"isCache\":\"0\",\"isFrame\":\"1\",\"menuId\":2003,\"menuName\":\"待启用1\",\"menuType\":\"M\",\"orderNum\":15,\"parentId\":0,\"path\":\"/sreach\",\"perms\":\"\",\"status\":\"1\",\"updateBy\":\"admin\",\"visible\":\"1\"}', '{\"msg\":\"操作成功\",\"code\":200}', 0, NULL, '2022-12-02 10:36:27');
INSERT INTO `sys_oper_log` VALUES (394, '菜单管理', 2, 'com.ruoyi.web.controller.system.SysMenuController.edit()', 'PUT', 1, 'admin', NULL, '/system/menu', '127.0.0.1', '内网IP', '{\"children\":[],\"createTime\":\"2022-11-13 20:38:53\",\"icon\":\"tool\",\"isCache\":\"0\",\"isFrame\":\"1\",\"menuId\":3,\"menuName\":\"系统工具\",\"menuType\":\"M\",\"orderNum\":14,\"parentId\":0,\"path\":\"tool\",\"perms\":\"\",\"query\":\"\",\"status\":\"0\",\"updateBy\":\"admin\",\"visible\":\"0\"}', '{\"msg\":\"操作成功\",\"code\":200}', 0, NULL, '2022-12-02 10:36:34');
INSERT INTO `sys_oper_log` VALUES (395, '菜单管理', 2, 'com.ruoyi.web.controller.system.SysMenuController.edit()', 'PUT', 1, 'admin', NULL, '/system/menu', '127.0.0.1', '内网IP', '{\"children\":[],\"createTime\":\"2022-11-13 20:38:53\",\"icon\":\"monitor\",\"isCache\":\"0\",\"isFrame\":\"1\",\"menuId\":2,\"menuName\":\"系统监控\",\"menuType\":\"M\",\"orderNum\":13,\"parentId\":0,\"path\":\"monitor\",\"perms\":\"\",\"query\":\"\",\"status\":\"0\",\"updateBy\":\"admin\",\"visible\":\"0\"}', '{\"msg\":\"操作成功\",\"code\":200}', 0, NULL, '2022-12-02 10:36:41');
INSERT INTO `sys_oper_log` VALUES (396, '菜单管理', 2, 'com.ruoyi.web.controller.system.SysMenuController.edit()', 'PUT', 1, 'admin', NULL, '/system/menu', '127.0.0.1', '内网IP', '{\"children\":[],\"createTime\":\"2022-11-13 20:38:53\",\"icon\":\"guide\",\"isCache\":\"0\",\"isFrame\":\"0\",\"menuId\":4,\"menuName\":\"学校官网\",\"menuType\":\"M\",\"orderNum\":12,\"parentId\":0,\"path\":\"https://www.pku.edu.cn\",\"perms\":\"\",\"query\":\"\",\"status\":\"0\",\"updateBy\":\"admin\",\"visible\":\"0\"}', '{\"msg\":\"操作成功\",\"code\":200}', 0, NULL, '2022-12-02 10:36:49');
INSERT INTO `sys_oper_log` VALUES (397, '菜单管理', 2, 'com.ruoyi.web.controller.system.SysMenuController.edit()', 'PUT', 1, 'admin', NULL, '/system/menu', '127.0.0.1', '内网IP', '{\"children\":[],\"component\":\"subject/index\",\"createTime\":\"2022-11-16 23:17:01\",\"icon\":\"redis\",\"isCache\":\"0\",\"isFrame\":\"1\",\"menuId\":2008,\"menuName\":\"学科管理\",\"menuType\":\"C\",\"orderNum\":4,\"parentId\":1,\"path\":\"/subject/subject\",\"perms\":\"subject:subject:list\",\"status\":\"0\",\"updateBy\":\"admin\",\"visible\":\"0\"}', '{\"msg\":\"操作成功\",\"code\":200}', 0, NULL, '2022-12-02 10:37:33');
INSERT INTO `sys_oper_log` VALUES (398, '菜单管理', 2, 'com.ruoyi.web.controller.system.SysMenuController.edit()', 'PUT', 1, 'admin', NULL, '/system/menu', '127.0.0.1', '内网IP', '{\"children\":[],\"component\":\"subject/index\",\"createTime\":\"2022-11-16 23:17:01\",\"icon\":\"redis\",\"isCache\":\"0\",\"isFrame\":\"1\",\"menuId\":2008,\"menuName\":\"学科管理\",\"menuType\":\"C\",\"orderNum\":4,\"parentId\":0,\"path\":\"/subject/subject\",\"perms\":\"subject:subject:list\",\"status\":\"0\",\"updateBy\":\"admin\",\"visible\":\"0\"}', '{\"msg\":\"操作成功\",\"code\":200}', 0, NULL, '2022-12-02 10:37:46');
INSERT INTO `sys_oper_log` VALUES (399, '菜单管理', 2, 'com.ruoyi.web.controller.system.SysMenuController.edit()', 'PUT', 1, 'admin', NULL, '/system/menu', '127.0.0.1', '内网IP', '{\"children\":[],\"component\":\"subject/index_grade\",\"createTime\":\"2022-11-19 16:27:15\",\"icon\":\"dict\",\"isCache\":\"0\",\"isFrame\":\"1\",\"menuId\":2022,\"menuName\":\"成绩管理\",\"menuType\":\"C\",\"orderNum\":5,\"parentId\":0,\"path\":\"/subject/grade\",\"perms\":\"system:grade:list\",\"status\":\"0\",\"updateBy\":\"admin\",\"visible\":\"0\"}', '{\"msg\":\"操作成功\",\"code\":200}', 0, NULL, '2022-12-02 10:37:59');
INSERT INTO `sys_oper_log` VALUES (400, '菜单管理', 2, 'com.ruoyi.web.controller.system.SysMenuController.edit()', 'PUT', 1, 'admin', NULL, '/system/menu', '127.0.0.1', '内网IP', '{\"children\":[],\"component\":\"system/notice/index\",\"createTime\":\"2022-11-13 20:38:53\",\"icon\":\"message\",\"isCache\":\"0\",\"isFrame\":\"1\",\"menuId\":107,\"menuName\":\"公告管理\",\"menuType\":\"C\",\"orderNum\":7,\"parentId\":0,\"path\":\"notice\",\"perms\":\"system:notice:list\",\"query\":\"\",\"status\":\"0\",\"updateBy\":\"admin\",\"visible\":\"0\"}', '{\"msg\":\"操作成功\",\"code\":200}', 0, NULL, '2022-12-02 10:38:28');
INSERT INTO `sys_oper_log` VALUES (401, '菜单管理', 2, 'com.ruoyi.web.controller.system.SysMenuController.edit()', 'PUT', 1, '邓周明', NULL, '/system/menu', '127.0.0.1', '内网IP', '{\"children\":[],\"createTime\":\"2022-11-13 20:38:53\",\"icon\":\"guide\",\"isCache\":\"0\",\"isFrame\":\"0\",\"menuId\":4,\"menuName\":\"学校官网\",\"menuType\":\"M\",\"orderNum\":12,\"parentId\":0,\"path\":\"http://www.elnu.edu.cn\",\"perms\":\"\",\"query\":\"\",\"status\":\"0\",\"updateBy\":\"邓周明\",\"visible\":\"0\"}', '{\"msg\":\"操作成功\",\"code\":200}', 0, NULL, '2022-12-02 10:42:57');
INSERT INTO `sys_oper_log` VALUES (402, '角色管理', 2, 'com.ruoyi.web.controller.system.SysRoleController.edit()', 'PUT', 1, 'admin', NULL, '/system/role', '127.0.0.1', '内网IP', '{\"admin\":false,\"createTime\":\"2022-11-14 22:35:55\",\"dataScope\":\"1\",\"delFlag\":\"0\",\"deptCheckStrictly\":true,\"flag\":false,\"menuCheckStrictly\":true,\"menuIds\":[1,2000,100,1000,1001,1002,1003,1004,1005,1006,102,1012,1013,1014,1015,103,1016,1017,1018,1019,104,1020,1021,1022,1023,1024,2002,2028,2029,2030,2031,2032,2033,2034,2035,2036,2037,2038,2039,2040,2041,2042,2043,2044,2045,2008,2009,2010,2011,2012,2013,2022,2023,2024,2025,2026,2027,2005,2046,2047,2048,2049,2050,2051,2006,2058,2059,2060,2061,2062,2063,107,1035,1036,1037,1038,4,2003,2004],\"remark\":\"普通管理员\",\"roleId\":100,\"roleKey\":\"root\",\"roleName\":\"系统管理员\",\"roleSort\":\"1\",\"status\":\"0\",\"updateBy\":\"admin\"}', '{\"msg\":\"操作成功\",\"code\":200}', 0, NULL, '2022-12-02 10:44:09');
INSERT INTO `sys_oper_log` VALUES (403, '用户头像', 2, 'com.ruoyi.web.controller.system.SysProfileController.avatar()', 'POST', 1, '邓周明', NULL, '/system/user/profile/avatar', '127.0.0.1', '内网IP', '', '{\"msg\":\"操作成功\",\"imgUrl\":\"/profile/avatar/2022/12/02/blob_20221202104905A002.png\",\"code\":200}', 0, NULL, '2022-12-02 10:49:05');
INSERT INTO `sys_oper_log` VALUES (404, '菜单管理', 2, 'com.ruoyi.web.controller.system.SysMenuController.edit()', 'PUT', 1, '邓周明', NULL, '/system/menu', '127.0.0.1', '内网IP', '{\"children\":[],\"component\":\"system/notice/index\",\"createTime\":\"2022-11-13 20:38:53\",\"icon\":\"message\",\"isCache\":\"0\",\"isFrame\":\"1\",\"menuId\":107,\"menuName\":\"公告管理\",\"menuType\":\"C\",\"orderNum\":7,\"parentId\":0,\"path\":\"notice\",\"perms\":\"system:notice:list\",\"query\":\"\",\"status\":\"0\",\"updateBy\":\"邓周明\",\"visible\":\"0\"}', '{\"msg\":\"操作成功\",\"code\":200}', 0, NULL, '2022-12-02 15:34:05');
INSERT INTO `sys_oper_log` VALUES (405, '菜单管理', 2, 'com.ruoyi.web.controller.system.SysMenuController.edit()', 'PUT', 1, '邓周明', NULL, '/system/menu', '127.0.0.1', '内网IP', '{\"children\":[],\"component\":\"system/notice/index\",\"createTime\":\"2022-11-13 20:38:53\",\"icon\":\"date\",\"isCache\":\"0\",\"isFrame\":\"1\",\"menuId\":107,\"menuName\":\"公告管理\",\"menuType\":\"C\",\"orderNum\":7,\"parentId\":0,\"path\":\"notice\",\"perms\":\"system:notice:list\",\"query\":\"\",\"status\":\"0\",\"updateBy\":\"邓周明\",\"visible\":\"0\"}', '{\"msg\":\"操作成功\",\"code\":200}', 0, NULL, '2022-12-02 15:34:45');
INSERT INTO `sys_oper_log` VALUES (406, '角色管理', 2, 'com.ruoyi.web.controller.system.SysRoleController.edit()', 'PUT', 1, 'admin', NULL, '/system/role', '127.0.0.1', '内网IP', '{\"admin\":false,\"createTime\":\"2022-11-14 22:35:55\",\"dataScope\":\"1\",\"delFlag\":\"0\",\"deptCheckStrictly\":true,\"flag\":false,\"menuCheckStrictly\":true,\"menuIds\":[1,103,2002,2000,100,1000,1001,1002,1003,1004,1005,1006,1016,104,1020,1021,1022,1023,1024,2034,2035,2036,2037,2038,2039,2040,2041,2042,2043,2044,2045,2008,2009,2010,2011,2012,2013,2022,2023,2024,2025,2026,2027,2005,2046,2047,2048,2049,2050,2051,2006,2058,2059,2060,2061,2062,2063,107,1035,1036,1037,1038,4,2003,2004],\"remark\":\"普通管理员\",\"roleId\":100,\"roleKey\":\"root\",\"roleName\":\"系统管理员\",\"roleSort\":\"1\",\"status\":\"0\",\"updateBy\":\"admin\"}', '{\"msg\":\"操作成功\",\"code\":200}', 0, NULL, '2022-12-02 15:37:00');
INSERT INTO `sys_oper_log` VALUES (407, '角色管理', 2, 'com.ruoyi.web.controller.system.SysRoleController.edit()', 'PUT', 1, 'admin', NULL, '/system/role', '127.0.0.1', '内网IP', '{\"admin\":false,\"createTime\":\"2022-11-13 20:38:53\",\"dataScope\":\"2\",\"delFlag\":\"0\",\"deptCheckStrictly\":true,\"flag\":false,\"menuCheckStrictly\":true,\"menuIds\":[4],\"remark\":\"普通角色\",\"roleId\":2,\"roleKey\":\"common\",\"roleName\":\"普通角色\",\"roleSort\":\"2\",\"status\":\"0\",\"updateBy\":\"admin\"}', '{\"msg\":\"操作成功\",\"code\":200}', 0, NULL, '2022-12-02 15:37:33');
INSERT INTO `sys_oper_log` VALUES (408, '用户管理', 1, 'com.ruoyi.web.controller.system.SysUserController.add()', 'POST', 1, 'admin', NULL, '/system/user', '127.0.0.1', '内网IP', '{\"admin\":false,\"createBy\":\"admin\",\"deptId\":110,\"email\":\"158@qq.com\",\"nickName\":\"周老师\",\"phonenumber\":\"15852412154\",\"postIds\":[3],\"remark\":\"B2005班主任\",\"roleIds\":[100],\"sex\":\"0\",\"status\":\"0\",\"userId\":101,\"userName\":\"zhanglaoshi\"}', '{\"msg\":\"操作成功\",\"code\":200}', 0, NULL, '2022-12-02 15:40:02');
INSERT INTO `sys_oper_log` VALUES (409, '角色管理', 2, 'com.ruoyi.web.controller.system.SysRoleController.edit()', 'PUT', 1, 'admin', NULL, '/system/role', '127.0.0.1', '内网IP', '{\"admin\":false,\"createTime\":\"2022-11-14 22:35:55\",\"dataScope\":\"1\",\"delFlag\":\"0\",\"deptCheckStrictly\":true,\"flag\":false,\"menuCheckStrictly\":true,\"menuIds\":[1,103,2002,2000,100,1000,1001,1002,1003,1004,1005,1006,1016,104,1020,1021,1022,1023,1024,2034,2035,2036,2037,2038,2039,2040,2041,2042,2043,2044,2045,2008,2009,2010,2011,2012,2013,2022,2023,2024,2025,2026,2027,2005,2046,2047,2048,2049,2050,2051,2006,2058,2059,2060,2061,2062,2063,107,1035,1036,1037,1038,4,2003,2004],\"remark\":\"普通管理员\",\"roleId\":100,\"roleKey\":\"root\",\"roleName\":\"系统管理员\",\"roleSort\":\"1\",\"status\":\"0\",\"updateBy\":\"admin\"}', '{\"msg\":\"操作成功\",\"code\":200}', 0, NULL, '2022-12-02 15:42:00');
INSERT INTO `sys_oper_log` VALUES (410, '角色管理', 2, 'com.ruoyi.web.controller.system.SysRoleController.edit()', 'PUT', 1, 'admin', NULL, '/system/role', '127.0.0.1', '内网IP', '{\"admin\":false,\"createTime\":\"2022-11-14 22:35:55\",\"dataScope\":\"1\",\"delFlag\":\"0\",\"deptCheckStrictly\":true,\"flag\":false,\"menuCheckStrictly\":true,\"menuIds\":[1,103,2000,100,1000,1001,1002,1003,1004,1005,1006,101,1007,1008,1009,1010,1011,102,1012,1013,1014,1015,1016,104,1020,1021,1022,1023,1024,2002,2028,2029,2030,2031,2032,2033,2034,2035,2036,2037,2038,2039,2040,2041,2042,2043,2044,2045,2008,2009,2010,2011,2012,2013,2022,2023,2024,2025,2026,2027,2005,2046,2047,2048,2049,2050,2051,2006,2058,2059,2060,2061,2062,2063,107,1035,1036,1037,1038,4,2003,2004],\"remark\":\"普通管理员\",\"roleId\":100,\"roleKey\":\"root\",\"roleName\":\"系统管理员\",\"roleSort\":\"1\",\"status\":\"0\",\"updateBy\":\"admin\"}', '{\"msg\":\"操作成功\",\"code\":200}', 0, NULL, '2022-12-02 15:46:07');
INSERT INTO `sys_oper_log` VALUES (411, '用户管理', 2, 'com.ruoyi.web.controller.system.SysUserController.edit()', 'PUT', 1, 'admin', NULL, '/system/user', '127.0.0.1', '内网IP', '{\"admin\":false,\"avatar\":\"/profile/avatar/2022/12/02/blob_20221202104905A002.png\",\"createBy\":\"admin\",\"createTime\":\"2022-11-13 20:38:52\",\"delFlag\":\"0\",\"dept\":{\"ancestors\":\"0,100,101\",\"children\":[],\"deptId\":105,\"deptName\":\"网络工程系\",\"leader\":\"\",\"orderNum\":3,\"parentId\":101,\"status\":\"0\"},\"deptId\":110,\"email\":\"123@qq.com\",\"loginDate\":\"2022-12-02 15:35:08\",\"loginIp\":\"127.0.0.1\",\"nickName\":\"邓周明的小号\",\"phonenumber\":\"19967561455\",\"postIds\":[4],\"remark\":\"测试号\",\"roleIds\":[100],\"roles\":[{\"admin\":false,\"dataScope\":\"1\",\"deptCheckStrictly\":false,\"flag\":false,\"menuCheckStrictly\":false,\"roleId\":100,\"roleKey\":\"root\",\"roleName\":\"系统管理员\",\"roleSort\":\"1\",\"status\":\"0\"}],\"sex\":\"0\",\"status\":\"0\",\"updateBy\":\"admin\",\"userId\":2,\"userName\":\"邓周明\"}', '{\"msg\":\"操作成功\",\"code\":200}', 0, NULL, '2022-12-02 15:46:53');
INSERT INTO `sys_oper_log` VALUES (412, 'home', 2, 'com.ruoyi.web.controller.people.HomeDbController.edit()', 'PUT', 1, 'admin', NULL, '/people/home', '127.0.0.1', '内网IP', '{\"address\":\"上海\",\"homeId\":\"41651571471\",\"id\":3,\"phone\":\"18891636438\",\"sex\":\"0\",\"sfz\":\"111111\",\"shihui\":\"4\",\"username\":\"张三的家长\"}', '{\"msg\":\"操作成功\",\"code\":200}', 0, NULL, '2022-12-02 15:48:33');
INSERT INTO `sys_oper_log` VALUES (413, '用户管理', 2, 'com.ruoyi.web.controller.system.SysUserController.edit()', 'PUT', 1, 'admin', NULL, '/system/user', '127.0.0.1', '内网IP', '{\"admin\":false,\"avatar\":\"/profile/avatar/2022/12/02/blob_20221202104905A002.png\",\"createBy\":\"admin\",\"createTime\":\"2022-11-13 20:38:52\",\"delFlag\":\"0\",\"dept\":{\"ancestors\":\"0,100,101,103\",\"children\":[],\"deptId\":110,\"deptName\":\"B2005班\",\"leader\":\"周艳\",\"orderNum\":2,\"parentId\":103,\"status\":\"0\"},\"deptId\":110,\"email\":\"123@qq.com\",\"loginDate\":\"2022-12-02 15:35:08\",\"loginIp\":\"127.0.0.1\",\"nickName\":\"邓周明的小号\",\"phonenumber\":\"19967561455\",\"postIds\":[4],\"remark\":\"测试号\",\"roleIds\":[100],\"roles\":[{\"admin\":false,\"dataScope\":\"1\",\"deptCheckStrictly\":false,\"flag\":false,\"menuCheckStrictly\":false,\"roleId\":100,\"roleKey\":\"root\",\"roleName\":\"系统管理员\",\"roleSort\":\"1\",\"status\":\"0\"}],\"sex\":\"0\",\"status\":\"0\",\"updateBy\":\"admin\",\"userId\":2,\"userName\":\"邓周明\"}', '{\"msg\":\"操作成功\",\"code\":200}', 0, NULL, '2022-12-02 15:51:27');
INSERT INTO `sys_oper_log` VALUES (414, '角色管理', 2, 'com.ruoyi.web.controller.system.SysRoleController.edit()', 'PUT', 1, 'admin', NULL, '/system/role', '127.0.0.1', '内网IP', '{\"admin\":false,\"createTime\":\"2022-11-14 22:35:55\",\"dataScope\":\"1\",\"delFlag\":\"0\",\"deptCheckStrictly\":true,\"flag\":false,\"menuCheckStrictly\":true,\"menuIds\":[1,2002,2000,100,1000,1001,1002,1003,1004,1005,1006,101,1007,1008,1009,1010,1011,2034,2035,2036,2037,2038,2039,2040,2041,2042,2043,2044,2045,2008,2009,2010,2011,2012,2013,2022,2023,2024,2025,2026,2027,2005,2046,2047,2048,2049,2050,2051,2006,2058,2059,2060,2061,2062,2063,107,1035,1036,1037,1038,4,2003,2004],\"remark\":\"普通管理员\",\"roleId\":100,\"roleKey\":\"root\",\"roleName\":\"系统管理员\",\"roleSort\":\"1\",\"status\":\"0\",\"updateBy\":\"admin\"}', '{\"msg\":\"操作成功\",\"code\":200}', 0, NULL, '2022-12-02 15:55:10');
INSERT INTO `sys_oper_log` VALUES (415, '角色管理', 2, 'com.ruoyi.web.controller.system.SysRoleController.edit()', 'PUT', 1, 'admin', NULL, '/system/role', '127.0.0.1', '内网IP', '{\"admin\":false,\"createTime\":\"2022-11-14 22:35:55\",\"dataScope\":\"1\",\"delFlag\":\"0\",\"deptCheckStrictly\":true,\"flag\":false,\"menuCheckStrictly\":true,\"menuIds\":[1,2002,2000,100,1000,1001,1002,1003,1004,1005,1006,101,1007,1008,1009,1010,1011,2034,2035,2036,2037,2038,2039,2040,2041,2042,2043,2044,2045,2008,2009,2010,2011,2012,2013,2022,2023,2024,2025,2026,2027,2005,2046,2047,2048,2049,2050,2051,2006,2058,2059,2060,2061,2062,2063,107,1035,1036,1037,1038,4,2003,2004],\"remark\":\"普通管理员\",\"roleId\":100,\"roleKey\":\"root\",\"roleName\":\"系统管理员\",\"roleSort\":\"1\",\"status\":\"0\",\"updateBy\":\"admin\"}', '{\"msg\":\"操作成功\",\"code\":200}', 0, NULL, '2022-12-02 15:55:36');
INSERT INTO `sys_oper_log` VALUES (416, '用户管理', 2, 'com.ruoyi.web.controller.system.SysUserController.edit()', 'PUT', 1, '邓周明', NULL, '/system/user', '127.0.0.1', '内网IP', '{\"admin\":false,\"avatar\":\"/profile/avatar/2022/12/02/blob_20221202104905A002.png\",\"createBy\":\"admin\",\"createTime\":\"2022-11-13 20:38:52\",\"delFlag\":\"0\",\"dept\":{\"ancestors\":\"0,100,101,103\",\"children\":[],\"deptId\":110,\"deptName\":\"B2005班\",\"leader\":\"周艳\",\"orderNum\":2,\"parentId\":103,\"status\":\"0\"},\"deptId\":110,\"email\":\"123@qq.com\",\"loginDate\":\"2022-12-02 15:55:53\",\"loginIp\":\"127.0.0.1\",\"nickName\":\"教师管理员测试\",\"phonenumber\":\"19967561455\",\"postIds\":[4],\"remark\":\"测试号\",\"roleIds\":[100],\"roles\":[{\"admin\":false,\"dataScope\":\"1\",\"deptCheckStrictly\":false,\"flag\":false,\"menuCheckStrictly\":false,\"roleId\":100,\"roleKey\":\"root\",\"roleName\":\"系统管理员\",\"roleSort\":\"1\",\"status\":\"0\"}],\"sex\":\"0\",\"status\":\"0\",\"updateBy\":\"邓周明\",\"userId\":2,\"userName\":\"邓周明\"}', '{\"msg\":\"操作成功\",\"code\":200}', 0, NULL, '2022-12-02 15:58:05');
INSERT INTO `sys_oper_log` VALUES (417, '用户管理', 2, 'com.ruoyi.web.controller.system.SysUserController.edit()', 'PUT', 1, '邓周明', NULL, '/system/user', '127.0.0.1', '内网IP', '{\"admin\":false,\"avatar\":\"/profile/avatar/2022/12/02/blob_20221202104905A002.png\",\"createBy\":\"admin\",\"createTime\":\"2022-11-13 20:38:52\",\"delFlag\":\"0\",\"dept\":{\"ancestors\":\"0,100,101,103\",\"children\":[],\"deptId\":110,\"deptName\":\"B2005班\",\"leader\":\"周艳\",\"orderNum\":2,\"parentId\":103,\"status\":\"0\"},\"deptId\":110,\"email\":\"123@qq.com\",\"loginDate\":\"2022-12-02 15:55:53\",\"loginIp\":\"127.0.0.1\",\"nickName\":\"教师管理员测试\",\"phonenumber\":\"19967561455\",\"postIds\":[4],\"remark\":\"测试号\",\"roleIds\":[100],\"roles\":[{\"admin\":false,\"dataScope\":\"1\",\"deptCheckStrictly\":false,\"flag\":false,\"menuCheckStrictly\":false,\"roleId\":100,\"roleKey\":\"root\",\"roleName\":\"系统管理员\",\"roleSort\":\"1\",\"status\":\"0\"}],\"sex\":\"0\",\"status\":\"0\",\"updateBy\":\"邓周明\",\"userId\":2,\"userName\":\"邓周明\"}', '{\"msg\":\"操作成功\",\"code\":200}', 0, NULL, '2022-12-02 15:58:40');
INSERT INTO `sys_oper_log` VALUES (418, '角色管理', 2, 'com.ruoyi.web.controller.system.SysRoleController.edit()', 'PUT', 1, 'admin', NULL, '/system/role', '127.0.0.1', '内网IP', '{\"admin\":false,\"createTime\":\"2022-11-14 22:35:55\",\"dataScope\":\"1\",\"delFlag\":\"0\",\"deptCheckStrictly\":true,\"flag\":false,\"menuCheckStrictly\":true,\"menuIds\":[1,2002,2000,100,1000,1001,1002,1003,1004,1005,1006,2034,2035,2036,2037,2038,2039,2040,2041,2042,2043,2044,2045,2008,2009,2010,2011,2012,2013,2022,2023,2024,2025,2026,2027,2005,2046,2047,2048,2049,2050,2051,2006,2058,2059,2060,2061,2062,2063,107,1035,1036,1037,1038,4,2003,2004],\"remark\":\"普通管理员\",\"roleId\":100,\"roleKey\":\"root\",\"roleName\":\"系统管理员\",\"roleSort\":\"1\",\"status\":\"0\",\"updateBy\":\"admin\"}', '{\"msg\":\"操作成功\",\"code\":200}', 0, NULL, '2022-12-02 16:00:30');
INSERT INTO `sys_oper_log` VALUES (419, '用户管理', 3, 'com.ruoyi.web.controller.system.SysUserController.remove()', 'DELETE', 1, 'admin', NULL, '/system/user/101', '127.0.0.1', '内网IP', '{userIds=101}', '{\"msg\":\"操作成功\",\"code\":200}', 0, NULL, '2022-12-02 16:02:19');
INSERT INTO `sys_oper_log` VALUES (420, '用户管理', 1, 'com.ruoyi.web.controller.system.SysUserController.add()', 'POST', 1, 'admin', NULL, '/system/user', '127.0.0.1', '内网IP', '{\"admin\":false,\"createBy\":\"admin\",\"deptId\":110,\"email\":\"158@qq.com\",\"nickName\":\"周老师\",\"phonenumber\":\"15854214125\",\"postIds\":[3],\"roleIds\":[100],\"sex\":\"1\",\"status\":\"0\",\"userId\":102,\"userName\":\"zhou\"}', '{\"msg\":\"操作成功\",\"code\":200}', 0, NULL, '2022-12-02 16:03:03');
INSERT INTO `sys_oper_log` VALUES (421, '用户头像', 2, 'com.ruoyi.web.controller.system.SysProfileController.avatar()', 'POST', 1, 'zhou', NULL, '/system/user/profile/avatar', '127.0.0.1', '内网IP', '', '{\"msg\":\"操作成功\",\"imgUrl\":\"/profile/avatar/2022/12/02/blob_20221202160402A001.png\",\"code\":200}', 0, NULL, '2022-12-02 16:04:02');
INSERT INTO `sys_oper_log` VALUES (422, '用户管理', 2, 'com.ruoyi.web.controller.system.SysUserController.edit()', 'PUT', 1, 'admin', NULL, '/system/user', '127.0.0.1', '内网IP', '{\"admin\":false,\"avatar\":\"/profile/avatar/2022/12/02/blob_20221202160402A001.png\",\"createBy\":\"admin\",\"createTime\":\"2022-12-02 16:03:03\",\"delFlag\":\"0\",\"dept\":{\"ancestors\":\"0,100,101,103\",\"children\":[],\"deptId\":110,\"deptName\":\"B2005班\",\"leader\":\"周艳\",\"orderNum\":2,\"parentId\":103,\"status\":\"0\"},\"deptId\":110,\"email\":\"158@qq.com\",\"loginDate\":\"2022-12-02 16:03:40\",\"loginIp\":\"127.0.0.1\",\"nickName\":\"周老师\",\"phonenumber\":\"15854214125\",\"postIds\":[3],\"roleIds\":[100,2],\"roles\":[{\"admin\":false,\"dataScope\":\"1\",\"deptCheckStrictly\":false,\"flag\":false,\"menuCheckStrictly\":false,\"roleId\":100,\"roleKey\":\"root\",\"roleName\":\"系统管理员\",\"roleSort\":\"1\",\"status\":\"0\"}],\"sex\":\"1\",\"status\":\"0\",\"updateBy\":\"admin\",\"userId\":102,\"userName\":\"zhou\"}', '{\"msg\":\"操作成功\",\"code\":200}', 0, NULL, '2022-12-02 16:05:13');
INSERT INTO `sys_oper_log` VALUES (423, '用户管理', 2, 'com.ruoyi.web.controller.system.SysUserController.edit()', 'PUT', 1, 'admin', NULL, '/system/user', '127.0.0.1', '内网IP', '{\"admin\":false,\"avatar\":\"/profile/avatar/2022/12/02/blob_20221202160402A001.png\",\"createBy\":\"admin\",\"createTime\":\"2022-12-02 16:03:03\",\"delFlag\":\"0\",\"dept\":{\"ancestors\":\"0,100,101,103\",\"children\":[],\"deptId\":110,\"deptName\":\"B2005班\",\"leader\":\"周艳\",\"orderNum\":2,\"parentId\":103,\"status\":\"0\"},\"deptId\":110,\"email\":\"158@qq.com\",\"loginDate\":\"2022-12-02 16:03:40\",\"loginIp\":\"127.0.0.1\",\"nickName\":\"周老师\",\"phonenumber\":\"15854214125\",\"postIds\":[3],\"roleIds\":[2],\"roles\":[{\"admin\":false,\"dataScope\":\"2\",\"deptCheckStrictly\":false,\"flag\":false,\"menuCheckStrictly\":false,\"roleId\":2,\"roleKey\":\"common\",\"roleName\":\"普通角色\",\"roleSort\":\"2\",\"status\":\"0\"},{\"admin\":false,\"dataScope\":\"1\",\"deptCheckStrictly\":false,\"flag\":false,\"menuCheckStrictly\":false,\"roleId\":100,\"roleKey\":\"root\",\"roleName\":\"系统管理员\",\"roleSort\":\"1\",\"status\":\"0\"}],\"sex\":\"1\",\"status\":\"0\",\"updateBy\":\"admin\",\"userId\":102,\"userName\":\"zhou\"}', '{\"msg\":\"操作成功\",\"code\":200}', 0, NULL, '2022-12-02 16:05:24');
INSERT INTO `sys_oper_log` VALUES (424, '角色管理', 2, 'com.ruoyi.web.controller.system.SysRoleController.edit()', 'PUT', 1, 'admin', NULL, '/system/role', '127.0.0.1', '内网IP', '{\"admin\":false,\"createTime\":\"2022-11-14 22:35:55\",\"dataScope\":\"1\",\"delFlag\":\"0\",\"deptCheckStrictly\":true,\"flag\":false,\"menuCheckStrictly\":true,\"menuIds\":[1,2002,2000,100,1000,1001,1002,1003,1004,1005,1006,2034,2035,2036,2037,2038,2039,2040,2041,2042,2043,2044,2045,2008,2009,2010,2011,2012,2013,2022,2023,2024,2025,2026,2027,2005,2046,2047,2048,2049,2050,2051,2006,2058,2059,2060,2061,2062,2063,107,1035,1036,1037,1038,4,2003,2004],\"remark\":\"普通管理员\",\"roleId\":100,\"roleKey\":\"root\",\"roleName\":\"教师管理员\",\"roleSort\":\"1\",\"status\":\"0\",\"updateBy\":\"admin\"}', '{\"msg\":\"操作成功\",\"code\":200}', 0, NULL, '2022-12-02 16:06:05');
INSERT INTO `sys_oper_log` VALUES (425, '字典类型', 3, 'com.ruoyi.web.controller.system.SysDictDataController.remove()', 'DELETE', 1, 'admin', NULL, '/system/dict/data/3', '127.0.0.1', '内网IP', '{dictCodes=3}', '{\"msg\":\"操作成功\",\"code\":200}', 0, NULL, '2022-12-02 17:07:02');
INSERT INTO `sys_oper_log` VALUES (426, '字典数据', 2, 'com.ruoyi.web.controller.system.SysDictDataController.edit()', 'PUT', 1, 'admin', NULL, '/system/dict/data', '127.0.0.1', '内网IP', '{\"createBy\":\"admin\",\"createTime\":\"2022-11-19 15:45:47\",\"cssClass\":\"color=yellow\",\"default\":false,\"dictCode\":30,\"dictLabel\":\"B2004班\",\"dictSort\":0,\"dictType\":\"stu_class\",\"dictValue\":\"1\",\"isDefault\":\"N\",\"listClass\":\"default\",\"status\":\"0\",\"updateBy\":\"admin\"}', '{\"msg\":\"操作成功\",\"code\":200}', 0, NULL, '2022-12-02 17:11:54');
INSERT INTO `sys_oper_log` VALUES (427, '字典数据', 2, 'com.ruoyi.web.controller.system.SysDictDataController.edit()', 'PUT', 1, 'admin', NULL, '/system/dict/data', '127.0.0.1', '内网IP', '{\"createBy\":\"admin\",\"createTime\":\"2022-11-19 15:47:35\",\"default\":false,\"dictCode\":31,\"dictLabel\":\"B2005班\",\"dictSort\":0,\"dictType\":\"stu_class\",\"dictValue\":\"2\",\"isDefault\":\"N\",\"listClass\":\"default\",\"status\":\"0\",\"updateBy\":\"admin\"}', '{\"msg\":\"操作成功\",\"code\":200}', 0, NULL, '2022-12-02 17:12:06');
INSERT INTO `sys_oper_log` VALUES (428, '字典数据', 2, 'com.ruoyi.web.controller.system.SysDictDataController.edit()', 'PUT', 1, 'admin', NULL, '/system/dict/data', '127.0.0.1', '内网IP', '{\"createBy\":\"admin\",\"createTime\":\"2022-11-19 15:48:05\",\"default\":false,\"dictCode\":32,\"dictLabel\":\"B2006班\",\"dictSort\":0,\"dictType\":\"stu_class\",\"dictValue\":\"3\",\"isDefault\":\"N\",\"listClass\":\"primary\",\"status\":\"0\",\"updateBy\":\"admin\"}', '{\"msg\":\"操作成功\",\"code\":200}', 0, NULL, '2022-12-02 17:12:16');
INSERT INTO `sys_oper_log` VALUES (429, '字典数据', 2, 'com.ruoyi.web.controller.system.SysDictDataController.edit()', 'PUT', 1, 'admin', NULL, '/system/dict/data', '127.0.0.1', '内网IP', '{\"createBy\":\"admin\",\"createTime\":\"2022-11-19 15:47:35\",\"default\":false,\"dictCode\":31,\"dictLabel\":\"B2005班\",\"dictSort\":0,\"dictType\":\"stu_class\",\"dictValue\":\"2\",\"isDefault\":\"N\",\"listClass\":\"primary\",\"status\":\"0\",\"updateBy\":\"admin\"}', '{\"msg\":\"操作成功\",\"code\":200}', 0, NULL, '2022-12-02 17:12:43');
INSERT INTO `sys_oper_log` VALUES (430, '字典数据', 2, 'com.ruoyi.web.controller.system.SysDictDataController.edit()', 'PUT', 1, 'admin', NULL, '/system/dict/data', '127.0.0.1', '内网IP', '{\"createBy\":\"admin\",\"createTime\":\"2022-11-19 15:45:47\",\"cssClass\":\"color=yellow\",\"default\":false,\"dictCode\":30,\"dictLabel\":\"B2004班\",\"dictSort\":0,\"dictType\":\"stu_class\",\"dictValue\":\"1\",\"isDefault\":\"N\",\"listClass\":\"primary\",\"status\":\"0\",\"updateBy\":\"admin\"}', '{\"msg\":\"操作成功\",\"code\":200}', 0, NULL, '2022-12-02 17:12:50');
INSERT INTO `sys_oper_log` VALUES (431, '字典数据', 1, 'com.ruoyi.web.controller.system.SysDictDataController.add()', 'POST', 1, 'admin', NULL, '/system/dict/data', '127.0.0.1', '内网IP', '{\"createBy\":\"admin\",\"default\":false,\"dictLabel\":\"B2007班\",\"dictSort\":0,\"dictType\":\"stu_class\",\"dictValue\":\"4\",\"listClass\":\"primary\",\"status\":\"0\"}', '{\"msg\":\"操作成功\",\"code\":200}', 0, NULL, '2022-12-02 17:14:10');
INSERT INTO `sys_oper_log` VALUES (432, 'student', 2, 'com.ruoyi.people.controller.StudentDbController.edit()', 'PUT', 1, 'admin', NULL, '/people/student', '127.0.0.1', '内网IP', '{\"address\":\"北京\",\"age\":\"20\",\"id\":1,\"mz\":\"汉\",\"phone\":\"18293232243\",\"sex\":\"0\",\"sfzId\":\"2683478349839549\",\"stuBzr\":\"周艳\",\"stuClass\":\"2\",\"stuId\":\"4200931010\",\"stuName\":\"邓周明\",\"stuNianji\":\"3\",\"zhuzi\":\"4\"}', '{\"msg\":\"操作成功\",\"code\":200}', 0, NULL, '2022-12-02 17:16:11');
INSERT INTO `sys_oper_log` VALUES (433, 'student', 2, 'com.ruoyi.people.controller.StudentDbController.edit()', 'PUT', 1, 'admin', NULL, '/people/student', '127.0.0.1', '内网IP', '{\"address\":\"四川\",\"age\":\"20\",\"id\":1,\"mz\":\"汉\",\"phone\":\"19967561455\",\"sex\":\"0\",\"sfzId\":\"2683478349839549\",\"stuBzr\":\"周艳\",\"stuClass\":\"2\",\"stuId\":\"4200931010\",\"stuName\":\"邓周明\",\"stuNianji\":\"3\",\"zhuzi\":\"4\"}', '{\"msg\":\"操作成功\",\"code\":200}', 0, NULL, '2022-12-02 17:16:31');
INSERT INTO `sys_oper_log` VALUES (434, '字典数据', 1, 'com.ruoyi.web.controller.system.SysDictDataController.add()', 'POST', 1, 'admin', NULL, '/system/dict/data', '127.0.0.1', '内网IP', '{\"createBy\":\"admin\",\"default\":false,\"dictLabel\":\"大一\",\"dictSort\":0,\"dictType\":\"stu_nianji\",\"dictValue\":\"4\",\"listClass\":\"primary\",\"status\":\"0\"}', '{\"msg\":\"操作成功\",\"code\":200}', 0, NULL, '2022-12-02 17:17:36');
INSERT INTO `sys_oper_log` VALUES (435, '字典数据', 1, 'com.ruoyi.web.controller.system.SysDictDataController.add()', 'POST', 1, 'admin', NULL, '/system/dict/data', '127.0.0.1', '内网IP', '{\"createBy\":\"admin\",\"default\":false,\"dictLabel\":\"大二\",\"dictSort\":0,\"dictType\":\"stu_nianji\",\"dictValue\":\"5\",\"listClass\":\"primary\",\"status\":\"0\"}', '{\"msg\":\"操作成功\",\"code\":200}', 0, NULL, '2022-12-02 17:17:51');
INSERT INTO `sys_oper_log` VALUES (436, '字典数据', 1, 'com.ruoyi.web.controller.system.SysDictDataController.add()', 'POST', 1, 'admin', NULL, '/system/dict/data', '127.0.0.1', '内网IP', '{\"createBy\":\"admin\",\"default\":false,\"dictLabel\":\"大三\",\"dictSort\":0,\"dictType\":\"stu_nianji\",\"dictValue\":\"6\",\"listClass\":\"primary\",\"status\":\"0\"}', '{\"msg\":\"操作成功\",\"code\":200}', 0, NULL, '2022-12-02 17:18:00');
INSERT INTO `sys_oper_log` VALUES (437, '字典数据', 1, 'com.ruoyi.web.controller.system.SysDictDataController.add()', 'POST', 1, 'admin', NULL, '/system/dict/data', '127.0.0.1', '内网IP', '{\"createBy\":\"admin\",\"default\":false,\"dictLabel\":\"大四\",\"dictSort\":0,\"dictType\":\"stu_nianji\",\"dictValue\":\"7\",\"listClass\":\"primary\",\"status\":\"0\"}', '{\"msg\":\"操作成功\",\"code\":200}', 0, NULL, '2022-12-02 17:18:20');
INSERT INTO `sys_oper_log` VALUES (438, 'student', 2, 'com.ruoyi.people.controller.StudentDbController.edit()', 'PUT', 1, 'admin', NULL, '/people/student', '127.0.0.1', '内网IP', '{\"address\":\"四川\",\"age\":\"20\",\"id\":1,\"mz\":\"汉\",\"phone\":\"19967561455\",\"sex\":\"0\",\"sfzId\":\"2683478349839549\",\"stuBzr\":\"周艳\",\"stuClass\":\"2\",\"stuId\":\"4200931010\",\"stuName\":\"邓周明\",\"stuNianji\":\"6\",\"zhuzi\":\"4\"}', '{\"msg\":\"操作成功\",\"code\":200}', 0, NULL, '2022-12-02 17:23:05');
INSERT INTO `sys_oper_log` VALUES (439, '字典数据', 2, 'com.ruoyi.web.controller.system.SysDictDataController.edit()', 'PUT', 1, 'admin', NULL, '/system/dict/data', '127.0.0.1', '内网IP', '{\"createBy\":\"admin\",\"createTime\":\"2022-11-13 20:38:54\",\"cssClass\":\"\",\"default\":false,\"dictCode\":20,\"dictLabel\":\"修改\",\"dictSort\":2,\"dictType\":\"sys_oper_type\",\"dictValue\":\"2\",\"isDefault\":\"N\",\"listClass\":\"success\",\"remark\":\"修改操作\",\"status\":\"0\",\"updateBy\":\"admin\"}', '{\"msg\":\"操作成功\",\"code\":200}', 0, NULL, '2022-12-02 17:26:29');
INSERT INTO `sys_oper_log` VALUES (440, '字典数据', 2, 'com.ruoyi.web.controller.system.SysDictDataController.edit()', 'PUT', 1, 'admin', NULL, '/system/dict/data', '127.0.0.1', '内网IP', '{\"createBy\":\"admin\",\"createTime\":\"2022-11-13 20:38:54\",\"cssClass\":\"\",\"default\":false,\"dictCode\":20,\"dictLabel\":\"修改\",\"dictSort\":2,\"dictType\":\"sys_oper_type\",\"dictValue\":\"2\",\"isDefault\":\"N\",\"listClass\":\"primary\",\"remark\":\"修改操作\",\"status\":\"0\",\"updateBy\":\"admin\"}', '{\"msg\":\"操作成功\",\"code\":200}', 0, NULL, '2022-12-02 17:26:36');
INSERT INTO `sys_oper_log` VALUES (441, '字典数据', 2, 'com.ruoyi.web.controller.system.SysDictDataController.edit()', 'PUT', 1, 'admin', NULL, '/system/dict/data', '127.0.0.1', '内网IP', '{\"createBy\":\"admin\",\"createTime\":\"2022-11-13 20:38:54\",\"cssClass\":\"\",\"default\":false,\"dictCode\":20,\"dictLabel\":\"修改\",\"dictSort\":2,\"dictType\":\"sys_oper_type\",\"dictValue\":\"2\",\"isDefault\":\"N\",\"listClass\":\"danger\",\"remark\":\"修改操作\",\"status\":\"0\",\"updateBy\":\"admin\"}', '{\"msg\":\"操作成功\",\"code\":200}', 0, NULL, '2022-12-02 17:26:45');
INSERT INTO `sys_oper_log` VALUES (442, '字典数据', 2, 'com.ruoyi.web.controller.system.SysDictDataController.edit()', 'PUT', 1, 'admin', NULL, '/system/dict/data', '127.0.0.1', '内网IP', '{\"createBy\":\"admin\",\"createTime\":\"2022-11-13 20:38:54\",\"cssClass\":\"\",\"default\":false,\"dictCode\":20,\"dictLabel\":\"修改\",\"dictSort\":2,\"dictType\":\"sys_oper_type\",\"dictValue\":\"2\",\"isDefault\":\"N\",\"listClass\":\"danger\",\"remark\":\"修改操作\",\"status\":\"0\",\"updateBy\":\"admin\"}', '{\"msg\":\"操作成功\",\"code\":200}', 0, NULL, '2022-12-02 17:26:52');
INSERT INTO `sys_oper_log` VALUES (443, '字典数据', 2, 'com.ruoyi.web.controller.system.SysDictDataController.edit()', 'PUT', 1, 'admin', NULL, '/system/dict/data', '127.0.0.1', '内网IP', '{\"createBy\":\"admin\",\"createTime\":\"2022-11-13 20:38:54\",\"cssClass\":\"\",\"default\":false,\"dictCode\":20,\"dictLabel\":\"修改\",\"dictSort\":2,\"dictType\":\"sys_oper_type\",\"dictValue\":\"2\",\"isDefault\":\"N\",\"listClass\":\"primary\",\"remark\":\"修改操作\",\"status\":\"0\",\"updateBy\":\"admin\"}', '{\"msg\":\"操作成功\",\"code\":200}', 0, NULL, '2022-12-02 17:27:02');
INSERT INTO `sys_oper_log` VALUES (444, '字典数据', 2, 'com.ruoyi.web.controller.system.SysDictDataController.edit()', 'PUT', 1, 'admin', NULL, '/system/dict/data', '127.0.0.1', '内网IP', '{\"createBy\":\"admin\",\"createTime\":\"2022-11-13 20:38:54\",\"cssClass\":\"\",\"default\":true,\"dictCode\":1,\"dictLabel\":\"男\",\"dictSort\":1,\"dictType\":\"sys_user_sex\",\"dictValue\":\"0\",\"isDefault\":\"Y\",\"listClass\":\"danger\",\"remark\":\"性别男\",\"status\":\"0\",\"updateBy\":\"admin\"}', '{\"msg\":\"操作成功\",\"code\":200}', 0, NULL, '2022-12-02 17:28:47');
INSERT INTO `sys_oper_log` VALUES (445, '字典数据', 2, 'com.ruoyi.web.controller.system.SysDictDataController.edit()', 'PUT', 1, 'admin', NULL, '/system/dict/data', '127.0.0.1', '内网IP', '{\"createBy\":\"admin\",\"createTime\":\"2022-11-13 20:38:54\",\"cssClass\":\"\",\"default\":true,\"dictCode\":1,\"dictLabel\":\"男\",\"dictSort\":1,\"dictType\":\"sys_user_sex\",\"dictValue\":\"0\",\"isDefault\":\"Y\",\"listClass\":\"primary\",\"remark\":\"性别男\",\"status\":\"0\",\"updateBy\":\"admin\"}', '{\"msg\":\"操作成功\",\"code\":200}', 0, NULL, '2022-12-02 17:28:56');
INSERT INTO `sys_oper_log` VALUES (446, '字典数据', 2, 'com.ruoyi.web.controller.system.SysDictDataController.edit()', 'PUT', 1, 'admin', NULL, '/system/dict/data', '127.0.0.1', '内网IP', '{\"createBy\":\"admin\",\"createTime\":\"2022-11-13 20:38:54\",\"cssClass\":\"\",\"default\":false,\"dictCode\":2,\"dictLabel\":\"女\",\"dictSort\":2,\"dictType\":\"sys_user_sex\",\"dictValue\":\"1\",\"isDefault\":\"N\",\"listClass\":\"success\",\"remark\":\"性别女\",\"status\":\"0\",\"updateBy\":\"admin\"}', '{\"msg\":\"操作成功\",\"code\":200}', 0, NULL, '2022-12-02 17:29:01');
INSERT INTO `sys_oper_log` VALUES (447, 'student', 2, 'com.ruoyi.people.controller.StudentDbController.edit()', 'PUT', 1, 'admin', NULL, '/people/student', '127.0.0.1', '内网IP', '{\"address\":\"四川\",\"age\":\"21\",\"id\":1,\"mz\":\"汉\",\"phone\":\"19967561455\",\"sex\":\"0\",\"sfzId\":\"2683478349839549\",\"stuBzr\":\"周艳\",\"stuClass\":\"2\",\"stuId\":\"4200931010\",\"stuName\":\"邓周明\",\"stuNianji\":\"6\",\"zhuzi\":\"4\"}', '{\"msg\":\"操作成功\",\"code\":200}', 0, NULL, '2022-12-03 09:13:33');
INSERT INTO `sys_oper_log` VALUES (448, 'teacher', 2, 'com.ruoyi.web.controller.people.TeacherDbController.edit()', 'PUT', 1, 'admin', NULL, '/people/teacher', '127.0.0.1', '内网IP', '{\"age\":\"1\",\"hobby\":\"1\",\"id\":2,\"mingzhu\":\"1\",\"phone\":\"1\",\"sex\":\"0\",\"teaGh\":\"1\",\"teacherId\":\"22\",\"type\":\"1\",\"username\":\"2\"}', '{\"msg\":\"操作成功\",\"code\":200}', 0, NULL, '2022-12-03 09:15:42');
INSERT INTO `sys_oper_log` VALUES (449, '菜单管理', 2, 'com.ruoyi.web.controller.system.SysMenuController.edit()', 'PUT', 1, 'admin', NULL, '/system/menu', '127.0.0.1', '内网IP', '{\"children\":[],\"component\":\"system/dept/index\",\"createTime\":\"2022-11-13 20:38:53\",\"icon\":\"tree\",\"isCache\":\"0\",\"isFrame\":\"1\",\"menuId\":103,\"menuName\":\"部门管理\",\"menuType\":\"C\",\"orderNum\":4,\"parentId\":1,\"path\":\"dept\",\"perms\":\"system:dept:list\",\"query\":\"\",\"status\":\"0\",\"updateBy\":\"admin\",\"visible\":\"1\"}', '{\"msg\":\"操作成功\",\"code\":200}', 0, NULL, '2022-12-03 09:21:01');
INSERT INTO `sys_oper_log` VALUES (450, '菜单管理', 2, 'com.ruoyi.web.controller.system.SysMenuController.edit()', 'PUT', 1, 'admin', NULL, '/system/menu', '127.0.0.1', '内网IP', '{\"children\":[],\"component\":\"system/config/index\",\"createTime\":\"2022-11-13 20:38:53\",\"icon\":\"edit\",\"isCache\":\"0\",\"isFrame\":\"1\",\"menuId\":106,\"menuName\":\"参数设置\",\"menuType\":\"C\",\"orderNum\":7,\"parentId\":1,\"path\":\"config\",\"perms\":\"system:config:list\",\"query\":\"\",\"status\":\"0\",\"updateBy\":\"admin\",\"visible\":\"1\"}', '{\"msg\":\"操作成功\",\"code\":200}', 0, NULL, '2022-12-03 09:21:31');
INSERT INTO `sys_oper_log` VALUES (451, '菜单管理', 2, 'com.ruoyi.web.controller.system.SysMenuController.edit()', 'PUT', 1, 'admin', NULL, '/system/menu', '127.0.0.1', '内网IP', '{\"children\":[],\"component\":\"\",\"createTime\":\"2022-11-13 20:38:53\",\"icon\":\"log\",\"isCache\":\"0\",\"isFrame\":\"1\",\"menuId\":108,\"menuName\":\"日志管理\",\"menuType\":\"M\",\"orderNum\":9,\"parentId\":1,\"path\":\"log\",\"perms\":\"\",\"query\":\"\",\"status\":\"0\",\"updateBy\":\"admin\",\"visible\":\"1\"}', '{\"msg\":\"操作成功\",\"code\":200}', 0, NULL, '2022-12-03 09:21:38');
INSERT INTO `sys_oper_log` VALUES (452, '菜单管理', 2, 'com.ruoyi.web.controller.system.SysMenuController.edit()', 'PUT', 1, 'admin', NULL, '/system/menu', '127.0.0.1', '内网IP', '{\"children\":[],\"component\":\"system/dept/index\",\"createTime\":\"2022-11-13 20:38:53\",\"icon\":\"tree\",\"isCache\":\"0\",\"isFrame\":\"1\",\"menuId\":103,\"menuName\":\"部门管理\",\"menuType\":\"C\",\"orderNum\":4,\"parentId\":1,\"path\":\"dept\",\"perms\":\"system:dept:list\",\"query\":\"\",\"status\":\"0\",\"updateBy\":\"admin\",\"visible\":\"0\"}', '{\"msg\":\"操作成功\",\"code\":200}', 0, NULL, '2022-12-03 09:21:53');
INSERT INTO `sys_oper_log` VALUES (453, '菜单管理', 2, 'com.ruoyi.web.controller.system.SysMenuController.edit()', 'PUT', 1, 'admin', NULL, '/system/menu', '127.0.0.1', '内网IP', '{\"children\":[],\"component\":\"system/post/index\",\"createTime\":\"2022-11-13 20:38:53\",\"icon\":\"post\",\"isCache\":\"0\",\"isFrame\":\"1\",\"menuId\":104,\"menuName\":\"岗位管理\",\"menuType\":\"C\",\"orderNum\":5,\"parentId\":1,\"path\":\"post\",\"perms\":\"system:post:list\",\"query\":\"\",\"status\":\"0\",\"updateBy\":\"admin\",\"visible\":\"1\"}', '{\"msg\":\"操作成功\",\"code\":200}', 0, NULL, '2022-12-03 09:22:09');
INSERT INTO `sys_oper_log` VALUES (454, 'home', 2, 'com.ruoyi.web.controller.people.HomeDbController.edit()', 'PUT', 1, 'admin', NULL, '/people/home', '127.0.0.1', '内网IP', '{\"address\":\"上海\",\"age\":\"15\",\"homeId\":\"41651571471\",\"id\":3,\"phone\":\"18891636438\",\"sex\":\"0\",\"sfz\":\"111111\",\"shihui\":\"4\",\"username\":\"张三的家长\"}', '{\"msg\":\"操作成功\",\"code\":200}', 0, NULL, '2022-12-03 09:28:39');
INSERT INTO `sys_oper_log` VALUES (455, '角色管理', 2, 'com.ruoyi.web.controller.system.SysRoleController.edit()', 'PUT', 1, 'admin', NULL, '/system/role', '127.0.0.1', '内网IP', '{\"admin\":false,\"createTime\":\"2022-11-14 22:35:55\",\"dataScope\":\"1\",\"delFlag\":\"0\",\"deptCheckStrictly\":true,\"flag\":false,\"menuCheckStrictly\":true,\"menuIds\":[],\"remark\":\"普通管理员\",\"roleId\":100,\"roleKey\":\"root\",\"roleName\":\"教师管理员\",\"roleSort\":\"1\",\"status\":\"0\",\"updateBy\":\"admin\"}', '{\"msg\":\"操作成功\",\"code\":200}', 0, NULL, '2022-12-03 09:56:50');
INSERT INTO `sys_oper_log` VALUES (456, '角色管理', 2, 'com.ruoyi.web.controller.system.SysRoleController.edit()', 'PUT', 1, 'admin', NULL, '/system/role', '127.0.0.1', '内网IP', '{\"admin\":false,\"createTime\":\"2022-11-13 20:38:53\",\"dataScope\":\"2\",\"delFlag\":\"0\",\"deptCheckStrictly\":true,\"flag\":false,\"menuCheckStrictly\":true,\"menuIds\":[],\"remark\":\"普通角色\",\"roleId\":2,\"roleKey\":\"common\",\"roleName\":\"普通角色\",\"roleSort\":\"2\",\"status\":\"0\",\"updateBy\":\"admin\"}', '{\"msg\":\"操作成功\",\"code\":200}', 0, NULL, '2022-12-03 09:56:57');
INSERT INTO `sys_oper_log` VALUES (457, '字典类型', 1, 'com.ruoyi.web.controller.system.SysDictTypeController.add()', 'POST', 1, 'admin', NULL, '/system/dict/type', '127.0.0.1', '内网IP', '{\"createBy\":\"admin\",\"dictName\":\"学院\",\"dictType\":\"college\",\"status\":\"0\"}', '{\"msg\":\"操作成功\",\"code\":200}', 0, NULL, '2022-12-03 10:18:54');
INSERT INTO `sys_oper_log` VALUES (458, '字典数据', 1, 'com.ruoyi.web.controller.system.SysDictDataController.add()', 'POST', 1, 'admin', NULL, '/system/dict/data', '127.0.0.1', '内网IP', '{\"createBy\":\"admin\",\"default\":false,\"dictLabel\":\"信息工程学院\",\"dictSort\":0,\"dictType\":\"college\",\"dictValue\":\"1\",\"listClass\":\"success\",\"status\":\"0\"}', '{\"msg\":\"操作成功\",\"code\":200}', 0, NULL, '2022-12-03 10:20:05');
INSERT INTO `sys_oper_log` VALUES (459, '字典数据', 1, 'com.ruoyi.web.controller.system.SysDictDataController.add()', 'POST', 1, 'admin', NULL, '/system/dict/data', '127.0.0.1', '内网IP', '{\"createBy\":\"admin\",\"default\":false,\"dictLabel\":\"城市建设学院\",\"dictSort\":1,\"dictType\":\"college\",\"dictValue\":\"2\",\"listClass\":\"success\",\"status\":\"0\"}', '{\"msg\":\"操作成功\",\"code\":200}', 0, NULL, '2022-12-03 10:20:28');
INSERT INTO `sys_oper_log` VALUES (460, '字典类型', 1, 'com.ruoyi.web.controller.system.SysDictTypeController.add()', 'POST', 1, 'admin', NULL, '/system/dict/type', '127.0.0.1', '内网IP', '{\"createBy\":\"admin\",\"dictName\":\"大学系\",\"dictType\":\"dep\",\"status\":\"0\"}', '{\"msg\":\"操作成功\",\"code\":200}', 0, NULL, '2022-12-03 10:22:39');
INSERT INTO `sys_oper_log` VALUES (461, '字典数据', 1, 'com.ruoyi.web.controller.system.SysDictDataController.add()', 'POST', 1, 'admin', NULL, '/system/dict/data', '127.0.0.1', '内网IP', '{\"createBy\":\"admin\",\"default\":false,\"dictLabel\":\"计算机科学与技术系\",\"dictSort\":0,\"dictType\":\"dep\",\"dictValue\":\"1\",\"listClass\":\"danger\",\"status\":\"0\"}', '{\"msg\":\"操作成功\",\"code\":200}', 0, NULL, '2022-12-03 10:23:22');
INSERT INTO `sys_oper_log` VALUES (462, '字典数据', 1, 'com.ruoyi.web.controller.system.SysDictDataController.add()', 'POST', 1, 'admin', NULL, '/system/dict/data', '127.0.0.1', '内网IP', '{\"createBy\":\"admin\",\"default\":false,\"dictLabel\":\"网络工程系\",\"dictSort\":0,\"dictType\":\"dep\",\"dictValue\":\"2\",\"listClass\":\"danger\",\"status\":\"0\"}', '{\"msg\":\"操作成功\",\"code\":200}', 0, NULL, '2022-12-03 10:23:44');
INSERT INTO `sys_oper_log` VALUES (463, '字典数据', 2, 'com.ruoyi.web.controller.system.SysDictDataController.edit()', 'PUT', 1, 'admin', NULL, '/system/dict/data', '127.0.0.1', '内网IP', '{\"createBy\":\"admin\",\"createTime\":\"2022-12-03 10:23:44\",\"default\":false,\"dictCode\":56,\"dictLabel\":\"网络工程系\",\"dictSort\":2,\"dictType\":\"dep\",\"dictValue\":\"2\",\"isDefault\":\"N\",\"listClass\":\"danger\",\"status\":\"0\",\"updateBy\":\"admin\"}', '{\"msg\":\"操作成功\",\"code\":200}', 0, NULL, '2022-12-03 10:23:53');
INSERT INTO `sys_oper_log` VALUES (464, '字典数据', 2, 'com.ruoyi.web.controller.system.SysDictDataController.edit()', 'PUT', 1, 'admin', NULL, '/system/dict/data', '127.0.0.1', '内网IP', '{\"createBy\":\"admin\",\"createTime\":\"2022-12-03 10:23:22\",\"default\":false,\"dictCode\":55,\"dictLabel\":\"计算机科学与技术系\",\"dictSort\":1,\"dictType\":\"dep\",\"dictValue\":\"1\",\"isDefault\":\"N\",\"listClass\":\"danger\",\"status\":\"0\",\"updateBy\":\"admin\"}', '{\"msg\":\"操作成功\",\"code\":200}', 0, NULL, '2022-12-03 10:23:59');
INSERT INTO `sys_oper_log` VALUES (465, '代码生成', 6, 'com.ruoyi.generator.controller.GenController.importTableSave()', 'POST', 1, 'admin', NULL, '/tool/gen/importTable', '127.0.0.1', '内网IP', '\"teacher\"', '{\"msg\":\"操作成功\",\"code\":200}', 0, NULL, '2022-12-03 10:24:34');
INSERT INTO `sys_oper_log` VALUES (466, '代码生成', 2, 'com.ruoyi.generator.controller.GenController.synchDb()', 'GET', 1, 'admin', NULL, '/tool/gen/synchDb/teacher', '127.0.0.1', '内网IP', '{tableName=teacher}', '{\"msg\":\"操作成功\",\"code\":200}', 0, NULL, '2022-12-03 10:24:37');
INSERT INTO `sys_oper_log` VALUES (467, '代码生成', 2, 'com.ruoyi.generator.controller.GenController.synchDb()', 'GET', 1, 'admin', NULL, '/tool/gen/synchDb/teacher', '127.0.0.1', '内网IP', '{tableName=teacher}', '{\"msg\":\"操作成功\",\"code\":200}', 0, NULL, '2022-12-03 10:30:40');
INSERT INTO `sys_oper_log` VALUES (468, '字典类型', 1, 'com.ruoyi.web.controller.system.SysDictTypeController.add()', 'POST', 1, 'admin', NULL, '/system/dict/type', '127.0.0.1', '内网IP', '{\"createBy\":\"admin\",\"dictName\":\"疫苗接种\",\"dictType\":\"yimiao\",\"status\":\"0\"}', '{\"msg\":\"操作成功\",\"code\":200}', 0, NULL, '2022-12-03 10:32:00');
INSERT INTO `sys_oper_log` VALUES (469, '字典数据', 1, 'com.ruoyi.web.controller.system.SysDictDataController.add()', 'POST', 1, 'admin', NULL, '/system/dict/data', '127.0.0.1', '内网IP', '{\"createBy\":\"admin\",\"default\":false,\"dictLabel\":\"一针已接种\",\"dictSort\":0,\"dictType\":\"yimiao\",\"dictValue\":\"1\",\"listClass\":\"default\",\"status\":\"0\"}', '{\"msg\":\"操作成功\",\"code\":200}', 0, NULL, '2022-12-03 10:32:41');
INSERT INTO `sys_oper_log` VALUES (470, '字典数据', 2, 'com.ruoyi.web.controller.system.SysDictDataController.edit()', 'PUT', 1, 'admin', NULL, '/system/dict/data', '127.0.0.1', '内网IP', '{\"createBy\":\"admin\",\"createTime\":\"2022-12-03 10:32:41\",\"default\":false,\"dictCode\":57,\"dictLabel\":\"已接种一针\",\"dictSort\":0,\"dictType\":\"yimiao\",\"dictValue\":\"2\",\"isDefault\":\"N\",\"listClass\":\"default\",\"status\":\"0\",\"updateBy\":\"admin\"}', '{\"msg\":\"操作成功\",\"code\":200}', 0, NULL, '2022-12-03 10:33:31');
INSERT INTO `sys_oper_log` VALUES (471, '字典数据', 1, 'com.ruoyi.web.controller.system.SysDictDataController.add()', 'POST', 1, 'admin', NULL, '/system/dict/data', '127.0.0.1', '内网IP', '{\"createBy\":\"admin\",\"default\":false,\"dictLabel\":\"未接种\",\"dictSort\":1,\"dictType\":\"yimiao\",\"dictValue\":\"1\",\"listClass\":\"default\",\"status\":\"0\"}', '{\"msg\":\"操作成功\",\"code\":200}', 0, NULL, '2022-12-03 10:33:49');
INSERT INTO `sys_oper_log` VALUES (472, '字典数据', 2, 'com.ruoyi.web.controller.system.SysDictDataController.edit()', 'PUT', 1, 'admin', NULL, '/system/dict/data', '127.0.0.1', '内网IP', '{\"createBy\":\"admin\",\"createTime\":\"2022-12-03 10:33:49\",\"default\":false,\"dictCode\":58,\"dictLabel\":\"未接种\",\"dictSort\":1,\"dictType\":\"yimiao\",\"dictValue\":\"3\",\"isDefault\":\"N\",\"listClass\":\"default\",\"status\":\"0\",\"updateBy\":\"admin\"}', '{\"msg\":\"操作成功\",\"code\":200}', 0, NULL, '2022-12-03 10:33:58');
INSERT INTO `sys_oper_log` VALUES (473, '字典数据', 2, 'com.ruoyi.web.controller.system.SysDictDataController.edit()', 'PUT', 1, 'admin', NULL, '/system/dict/data', '127.0.0.1', '内网IP', '{\"createBy\":\"admin\",\"createTime\":\"2022-12-03 10:32:41\",\"default\":false,\"dictCode\":57,\"dictLabel\":\"已接种一针\",\"dictSort\":2,\"dictType\":\"yimiao\",\"dictValue\":\"2\",\"isDefault\":\"N\",\"listClass\":\"default\",\"status\":\"0\",\"updateBy\":\"admin\"}', '{\"msg\":\"操作成功\",\"code\":200}', 0, NULL, '2022-12-03 10:34:08');
INSERT INTO `sys_oper_log` VALUES (474, '字典数据', 2, 'com.ruoyi.web.controller.system.SysDictDataController.edit()', 'PUT', 1, 'admin', NULL, '/system/dict/data', '127.0.0.1', '内网IP', '{\"createBy\":\"admin\",\"createTime\":\"2022-12-03 10:33:49\",\"default\":false,\"dictCode\":58,\"dictLabel\":\"未接种\",\"dictSort\":1,\"dictType\":\"yimiao\",\"dictValue\":\"1\",\"isDefault\":\"N\",\"listClass\":\"default\",\"status\":\"0\",\"updateBy\":\"admin\"}', '{\"msg\":\"操作成功\",\"code\":200}', 0, NULL, '2022-12-03 10:34:14');
INSERT INTO `sys_oper_log` VALUES (475, '字典数据', 1, 'com.ruoyi.web.controller.system.SysDictDataController.add()', 'POST', 1, 'admin', NULL, '/system/dict/data', '127.0.0.1', '内网IP', '{\"createBy\":\"admin\",\"default\":false,\"dictLabel\":\"已接种两针\",\"dictSort\":0,\"dictType\":\"yimiao\",\"dictValue\":\"3\",\"listClass\":\"default\",\"status\":\"0\"}', '{\"msg\":\"操作成功\",\"code\":200}', 0, NULL, '2022-12-03 10:34:29');
INSERT INTO `sys_oper_log` VALUES (476, '字典数据', 2, 'com.ruoyi.web.controller.system.SysDictDataController.edit()', 'PUT', 1, 'admin', NULL, '/system/dict/data', '127.0.0.1', '内网IP', '{\"createBy\":\"admin\",\"createTime\":\"2022-12-03 10:34:29\",\"default\":false,\"dictCode\":59,\"dictLabel\":\"已接种两针\",\"dictSort\":3,\"dictType\":\"yimiao\",\"dictValue\":\"3\",\"isDefault\":\"N\",\"listClass\":\"default\",\"status\":\"0\",\"updateBy\":\"admin\"}', '{\"msg\":\"操作成功\",\"code\":200}', 0, NULL, '2022-12-03 10:34:36');
INSERT INTO `sys_oper_log` VALUES (477, '字典数据', 1, 'com.ruoyi.web.controller.system.SysDictDataController.add()', 'POST', 1, 'admin', NULL, '/system/dict/data', '127.0.0.1', '内网IP', '{\"createBy\":\"admin\",\"default\":false,\"dictLabel\":\"已接种三针\",\"dictSort\":4,\"dictType\":\"yimiao\",\"dictValue\":\"4\",\"listClass\":\"default\",\"status\":\"0\"}', '{\"msg\":\"操作成功\",\"code\":200}', 0, NULL, '2022-12-03 10:34:50');
INSERT INTO `sys_oper_log` VALUES (478, '代码生成', 2, 'com.ruoyi.generator.controller.GenController.synchDb()', 'GET', 1, 'admin', NULL, '/tool/gen/synchDb/teacher', '127.0.0.1', '内网IP', '{tableName=teacher}', '{\"msg\":\"操作成功\",\"code\":200}', 0, NULL, '2022-12-03 10:35:10');
INSERT INTO `sys_oper_log` VALUES (479, '代码生成', 2, 'com.ruoyi.generator.controller.GenController.synchDb()', 'GET', 1, 'admin', NULL, '/tool/gen/synchDb/teacher', '127.0.0.1', '内网IP', '{tableName=teacher}', '{\"msg\":\"操作成功\",\"code\":200}', 0, NULL, '2022-12-03 10:42:23');
INSERT INTO `sys_oper_log` VALUES (480, '代码生成', 2, 'com.ruoyi.generator.controller.GenController.synchDb()', 'GET', 1, 'admin', NULL, '/tool/gen/synchDb/teacher', '127.0.0.1', '内网IP', '{tableName=teacher}', '{\"msg\":\"操作成功\",\"code\":200}', 0, NULL, '2022-12-03 10:44:20');
INSERT INTO `sys_oper_log` VALUES (481, '代码生成', 2, 'com.ruoyi.generator.controller.GenController.synchDb()', 'GET', 1, 'admin', NULL, '/tool/gen/synchDb/teacher', '127.0.0.1', '内网IP', '{tableName=teacher}', '{\"msg\":\"操作成功\",\"code\":200}', 0, NULL, '2022-12-03 10:44:25');
INSERT INTO `sys_oper_log` VALUES (482, '代码生成', 2, 'com.ruoyi.generator.controller.GenController.editSave()', 'PUT', 1, 'admin', NULL, '/tool/gen', '127.0.0.1', '内网IP', '{\"businessName\":\"teacher\",\"className\":\"Teacher\",\"columns\":[{\"capJavaField\":\"TId\",\"columnComment\":\"教师ID\",\"columnId\":106,\"columnName\":\"t_id\",\"columnType\":\"int\",\"createBy\":\"admin\",\"createTime\":\"2022-12-03 10:24:34\",\"dictType\":\"\",\"edit\":false,\"htmlType\":\"input\",\"increment\":false,\"insert\":false,\"isIncrement\":\"0\",\"isInsert\":\"0\",\"isPk\":\"1\",\"javaField\":\"tId\",\"javaType\":\"Long\",\"list\":false,\"pk\":true,\"query\":false,\"queryType\":\"EQ\",\"required\":false,\"sort\":1,\"superColumn\":false,\"tableId\":10,\"updateBy\":\"\",\"updateTime\":\"2022-12-03 10:44:25\",\"usableColumn\":false},{\"capJavaField\":\"TName\",\"columnComment\":\"姓名\",\"columnId\":107,\"columnName\":\"t_name\",\"columnType\":\"varchar(20)\",\"createBy\":\"admin\",\"createTime\":\"2022-12-03 10:24:34\",\"dictType\":\"\",\"edit\":true,\"htmlType\":\"input\",\"increment\":false,\"insert\":true,\"isEdit\":\"1\",\"isIncrement\":\"0\",\"isInsert\":\"1\",\"isList\":\"1\",\"isPk\":\"0\",\"isQuery\":\"1\",\"isRequired\":\"1\",\"javaField\":\"tName\",\"javaType\":\"String\",\"list\":true,\"pk\":false,\"query\":true,\"queryType\":\"LIKE\",\"required\":true,\"sort\":2,\"superColumn\":false,\"tableId\":10,\"updateBy\":\"\",\"updateTime\":\"2022-12-03 10:44:25\",\"usableColumn\":false},{\"capJavaField\":\"TGonghao\",\"columnComment\":\"工号\",\"columnId\":108,\"columnName\":\"t_gonghao\",\"columnType\":\"varchar(30)\",\"createBy\":\"admin\",\"createTime\":\"2022-12-03 10:24:34\",\"dictType\":\"\",\"edit\":true,\"htmlType\":\"input\",\"increment\":false,\"insert\":true,\"isEdit\":\"1\",\"isIncrement\":\"0\",\"isInsert\":\"1\",\"isList\":\"1\",\"isPk\":\"0\",\"isQuery\":\"1\",\"javaField\":\"tGonghao\",\"javaType\":\"String\",\"list\":true,\"pk\":false,\"query\":true,\"queryType\":\"LIKE\",\"required\":false,\"sort\":3,\"superColumn\":false,\"tableId\":10,\"updateBy\":\"\",\"updateTime\":\"2022-12-03 10:44:25\",\"usableColumn\":false},{\"capJavaField\":\"TSex\",\"columnComment\":\"性别\",\"columnId\":109,\"columnName\":\"t_sex\",\"columnType\":\"char(2)\",\"createBy\":\"admin\",\"createTime\":\"2022-12-03 10:24:34\",\"dictType\":\"sys_user_sex\",\"edit\":true,\"htmlType\":\"radio\",\"increment\":false,\"insert\":true,\"isEdit\":\"1\",\"isIncrement\":\"0\",\"isInsert\":\"1\",\"isList\":\"1\",\"isPk\":\"0\",\"isQue', '{\"msg\":\"操作成功\",\"code\":200}', 0, NULL, '2022-12-03 10:53:40');
INSERT INTO `sys_oper_log` VALUES (483, '代码生成', 8, 'com.ruoyi.generator.controller.GenController.batchGenCode()', 'GET', 1, 'admin', NULL, '/tool/gen/batchGenCode', '127.0.0.1', '内网IP', '{}', NULL, 0, NULL, '2022-12-03 10:53:44');
INSERT INTO `sys_oper_log` VALUES (484, 'Teacher', 2, 'com.ruoyi.web.controller.people.TeacherController.edit()', 'PUT', 1, 'admin', NULL, '/people/teacher', '127.0.0.1', '内网IP', '{\"classType\":\"1,2\",\"collegeType\":\"1,2,3,4\",\"gradeType\":\"5,1\",\"tAddress\":\"四川\",\"tAge\":\"25\",\"tDep\":\"1,2\",\"tEmail\":\"123@qq.com\",\"tGonghao\":\"524125\",\"tId\":123456,\"tName\":\"张老师\",\"tNation\":\"汉\",\"tPhone\":\"15865325214\",\"tPolitic\":\"1\",\"tSex\":\"1\",\"tSfz\":\"511721200102140235\",\"yimiao\":\"1\"}', '{\"msg\":\"操作成功\",\"code\":200}', 0, NULL, '2022-12-03 13:16:32');
INSERT INTO `sys_oper_log` VALUES (485, 'Teacher', 2, 'com.ruoyi.web.controller.people.TeacherController.edit()', 'PUT', 1, 'admin', NULL, '/people/teacher', '127.0.0.1', '内网IP', '{\"classType\":\"1,2\",\"collegeType\":\"1,2,3,4\",\"gradeType\":\"5,1,4\",\"tAddress\":\"四川\",\"tAge\":\"25\",\"tDep\":\"1,2\",\"tEmail\":\"123@qq.com\",\"tGonghao\":\"524125\",\"tId\":123456,\"tName\":\"张老师\",\"tNation\":\"汉\",\"tPhone\":\"15865325214\",\"tPolitic\":\"1\",\"tSex\":\"1\",\"tSfz\":\"511721200102140235\",\"yimiao\":\"1\"}', '{\"msg\":\"操作成功\",\"code\":200}', 0, NULL, '2022-12-03 13:16:50');
INSERT INTO `sys_oper_log` VALUES (486, 'Teacher', 2, 'com.ruoyi.web.controller.people.TeacherController.edit()', 'PUT', 1, 'admin', NULL, '/people/teacher', '127.0.0.1', '内网IP', '{\"classType\":\"1,2\",\"collegeType\":\"1,3,4\",\"gradeType\":\"5,1,4,3\",\"tAddress\":\"四川\",\"tAge\":\"25\",\"tDep\":\"1\",\"tEmail\":\"123@qq.com\",\"tGonghao\":\"524125\",\"tId\":123456,\"tName\":\"张老师\",\"tNation\":\"汉\",\"tPhone\":\"15865325214\",\"tPolitic\":\"1\",\"tSex\":\"1\",\"tSfz\":\"511721200102140235\",\"yimiao\":\"1\"}', '{\"msg\":\"操作成功\",\"code\":200}', 0, NULL, '2022-12-03 13:17:32');
INSERT INTO `sys_oper_log` VALUES (487, 'Teacher', 2, 'com.ruoyi.web.controller.people.TeacherController.edit()', 'PUT', 1, 'admin', NULL, '/people/teacher', '127.0.0.1', '内网IP', '{\"classType\":\"1,2\",\"collegeType\":\"1,3,4\",\"gradeType\":\"5,1,4,3\",\"tAddress\":\"四川1\",\"tAge\":\"25\",\"tDep\":\"1\",\"tEmail\":\"123@qq.com\",\"tGonghao\":\"524125\",\"tId\":123456,\"tName\":\"张老师\",\"tNation\":\"汉\",\"tPhone\":\"15865325214\",\"tPolitic\":\"1\",\"tSex\":\"1\",\"tSfz\":\"511721200102140235\",\"yimiao\":\"1\"}', '{\"msg\":\"操作成功\",\"code\":200}', 0, NULL, '2022-12-03 13:18:01');
INSERT INTO `sys_oper_log` VALUES (488, 'Teacher', 2, 'com.ruoyi.web.controller.people.TeacherController.edit()', 'PUT', 1, 'admin', NULL, '/people/teacher', '127.0.0.1', '内网IP', '{\"classType\":\"1,2\",\"collegeType\":\"1,3,4\",\"gradeType\":\"5,1,4\",\"tAddress\":\"四川1\",\"tAge\":\"25\",\"tDep\":\"1\",\"tEmail\":\"123@qq.com\",\"tGonghao\":\"524125\",\"tId\":123456,\"tName\":\"张老师\",\"tNation\":\"汉\",\"tPhone\":\"15865325214\",\"tPolitic\":\"1\",\"tSex\":\"1\",\"tSfz\":\"511721200102140235\",\"yimiao\":\"1\"}', '{\"msg\":\"操作成功\",\"code\":200}', 0, NULL, '2022-12-03 13:18:44');
INSERT INTO `sys_oper_log` VALUES (489, 'Teacher', 2, 'com.ruoyi.web.controller.people.TeacherController.edit()', 'PUT', 1, 'admin', NULL, '/people/teacher', '127.0.0.1', '内网IP', '{\"classType\":\"1,2\",\"collegeType\":\"1,3,4\",\"gradeType\":\"5,4\",\"tAddress\":\"四川1\",\"tAge\":\"25\",\"tDep\":\"1\",\"tEmail\":\"123@qq.com\",\"tGonghao\":\"524125\",\"tId\":123456,\"tName\":\"张老师\",\"tNation\":\"汉\",\"tPhone\":\"15865325214\",\"tPolitic\":\"1\",\"tSex\":\"1\",\"tSfz\":\"511721200102140235\",\"yimiao\":\"1\"}', '{\"msg\":\"操作成功\",\"code\":200}', 0, NULL, '2022-12-03 13:18:52');
INSERT INTO `sys_oper_log` VALUES (490, 'Teacher', 2, 'com.ruoyi.web.controller.people.TeacherController.edit()', 'PUT', 1, 'admin', NULL, '/people/teacher', '127.0.0.1', '内网IP', '{\"classType\":\"1,2\",\"collegeType\":\"1,3,4\",\"gradeType\":\"4,5\",\"tAddress\":\"四川UI对方是咖喱康师傅的受让方范迪克\",\"tAge\":\"25\",\"tDep\":\"1\",\"tEmail\":\"123@qq.com\",\"tGonghao\":\"524125\",\"tId\":123456,\"tName\":\"张老师\",\"tNation\":\"汉\",\"tPhone\":\"15865325214\",\"tPolitic\":\"1\",\"tSex\":\"1\",\"tSfz\":\"511721200102140235\",\"yimiao\":\"1\"}', '{\"msg\":\"操作成功\",\"code\":200}', 0, NULL, '2022-12-03 13:29:31');
INSERT INTO `sys_oper_log` VALUES (491, 'Teacher', 2, 'com.ruoyi.web.controller.people.TeacherController.edit()', 'PUT', 1, 'admin', NULL, '/people/teacher', '127.0.0.1', '内网IP', '{\"classType\":\"1,2\",\"collegeType\":\"1,3,4\",\"gradeType\":\"4,5\",\"tAddress\":\"四川\",\"tAge\":\"25\",\"tDep\":\"1\",\"tEmail\":\"123@qq.com\",\"tGonghao\":\"524125\",\"tId\":123456,\"tName\":\"张老师\",\"tNation\":\"汉\",\"tPhone\":\"15865325214\",\"tPolitic\":\"1\",\"tSex\":\"1\",\"tSfz\":\"511721200102140235\",\"yimiao\":\"1\"}', '{\"msg\":\"操作成功\",\"code\":200}', 0, NULL, '2022-12-03 13:35:14');
INSERT INTO `sys_oper_log` VALUES (492, 'Teacher', 2, 'com.ruoyi.web.controller.people.TeacherController.edit()', 'PUT', 1, 'admin', NULL, '/people/teacher', '127.0.0.1', '内网IP', '{\"classType\":\"1,2\",\"collegeType\":\"1,3,4\",\"gradeType\":\"4,5\",\"tAddress\":\"四川\",\"tAge\":\"25\",\"tDep\":\"1\",\"tEmail\":\"3376542195@qq.com\",\"tGonghao\":\"524125\",\"tId\":123456,\"tName\":\"张老师\",\"tNation\":\"汉\",\"tPhone\":\"15865325214\",\"tPolitic\":\"1\",\"tSex\":\"1\",\"tSfz\":\"511721200102140235\",\"yimiao\":\"1\"}', '{\"msg\":\"操作成功\",\"code\":200}', 0, NULL, '2022-12-03 14:19:23');
INSERT INTO `sys_oper_log` VALUES (493, 'Teacher', 2, 'com.ruoyi.web.controller.people.TeacherController.edit()', 'PUT', 1, 'admin', NULL, '/people/teacher', '127.0.0.1', '内网IP', '{\"classType\":\"1,2\",\"collegeType\":\"1,3,4\",\"gradeType\":\"4,5\",\"tAddress\":\"辽宁省丹东市元宝区金山镇辽东学院北校区\",\"tAge\":\"25\",\"tDep\":\"1\",\"tEmail\":\"3376542195@qq.com\",\"tGonghao\":\"524125\",\"tId\":123456,\"tName\":\"张老师\",\"tNation\":\"汉\",\"tPhone\":\"15865325214\",\"tPolitic\":\"1\",\"tSex\":\"1\",\"tSfz\":\"511721200102140235\",\"yimiao\":\"4\"}', '{\"msg\":\"操作成功\",\"code\":200}', 0, NULL, '2022-12-03 14:24:50');
INSERT INTO `sys_oper_log` VALUES (494, '字典类型', 2, 'com.ruoyi.web.controller.system.SysDictTypeController.edit()', 'PUT', 1, 'admin', NULL, '/system/dict/type', '127.0.0.1', '内网IP', '{\"createBy\":\"admin\",\"createTime\":\"2022-11-19 15:42:58\",\"dictId\":11,\"dictName\":\"班级\",\"dictType\":\"stu_class\",\"status\":\"0\",\"updateBy\":\"admin\"}', '{\"msg\":\"操作成功\",\"code\":200}', 0, NULL, '2022-12-03 14:25:30');
INSERT INTO `sys_oper_log` VALUES (495, '字典类型', 2, 'com.ruoyi.web.controller.system.SysDictTypeController.edit()', 'PUT', 1, 'admin', NULL, '/system/dict/type', '127.0.0.1', '内网IP', '{\"createBy\":\"admin\",\"createTime\":\"2022-11-19 15:48:51\",\"dictId\":12,\"dictName\":\"年级\",\"dictType\":\"stu_nianji\",\"status\":\"0\",\"updateBy\":\"admin\"}', '{\"msg\":\"操作成功\",\"code\":200}', 0, NULL, '2022-12-03 14:25:35');
INSERT INTO `sys_oper_log` VALUES (496, '字典类型', 2, 'com.ruoyi.web.controller.system.SysDictTypeController.edit()', 'PUT', 1, 'admin', NULL, '/system/dict/type', '127.0.0.1', '内网IP', '{\"createBy\":\"admin\",\"createTime\":\"2022-11-19 17:55:28\",\"dictId\":13,\"dictName\":\"政治面貌\",\"dictType\":\"society\",\"status\":\"0\",\"updateBy\":\"admin\"}', '{\"msg\":\"操作成功\",\"code\":200}', 0, NULL, '2022-12-03 14:25:45');
INSERT INTO `sys_oper_log` VALUES (497, '字典类型', 2, 'com.ruoyi.web.controller.system.SysDictTypeController.edit()', 'PUT', 1, 'admin', NULL, '/system/dict/type', '127.0.0.1', '内网IP', '{\"createBy\":\"admin\",\"createTime\":\"2022-11-24 01:47:55\",\"dictId\":14,\"dictName\":\"报名类型\",\"dictType\":\"baomin\",\"status\":\"0\",\"updateBy\":\"admin\"}', '{\"msg\":\"操作成功\",\"code\":200}', 0, NULL, '2022-12-03 14:26:01');
INSERT INTO `sys_oper_log` VALUES (498, '字典类型', 2, 'com.ruoyi.web.controller.system.SysDictTypeController.edit()', 'PUT', 1, 'admin', NULL, '/system/dict/type', '127.0.0.1', '内网IP', '{\"createBy\":\"admin\",\"createTime\":\"2022-12-03 10:22:39\",\"dictId\":17,\"dictName\":\"系别\",\"dictType\":\"dep\",\"status\":\"0\",\"updateBy\":\"admin\"}', '{\"msg\":\"操作成功\",\"code\":200}', 0, NULL, '2022-12-03 14:26:15');
INSERT INTO `sys_oper_log` VALUES (499, '代码生成', 6, 'com.ruoyi.generator.controller.GenController.importTableSave()', 'POST', 1, 'admin', NULL, '/tool/gen/importTable', '127.0.0.1', '内网IP', '\"student\"', '{\"msg\":\"操作成功\",\"code\":200}', 0, NULL, '2022-12-03 16:32:15');
INSERT INTO `sys_oper_log` VALUES (500, '代码生成', 2, 'com.ruoyi.generator.controller.GenController.synchDb()', 'GET', 1, 'admin', NULL, '/tool/gen/synchDb/student', '127.0.0.1', '内网IP', '{tableName=student}', '{\"msg\":\"操作成功\",\"code\":200}', 0, NULL, '2022-12-03 16:32:18');
INSERT INTO `sys_oper_log` VALUES (501, '代码生成', 2, 'com.ruoyi.generator.controller.GenController.editSave()', 'PUT', 1, 'admin', NULL, '/tool/gen', '127.0.0.1', '内网IP', '{\"businessName\":\"student\",\"className\":\"Student\",\"columns\":[{\"capJavaField\":\"SId\",\"columnComment\":\"ID\",\"columnId\":122,\"columnName\":\"s_id\",\"columnType\":\"int\",\"createBy\":\"admin\",\"createTime\":\"2022-12-03 16:32:15\",\"dictType\":\"\",\"edit\":false,\"htmlType\":\"input\",\"increment\":false,\"insert\":false,\"isIncrement\":\"0\",\"isInsert\":\"0\",\"isPk\":\"1\",\"javaField\":\"sId\",\"javaType\":\"Long\",\"list\":false,\"pk\":true,\"query\":false,\"queryType\":\"EQ\",\"required\":false,\"sort\":1,\"superColumn\":false,\"tableId\":11,\"updateBy\":\"\",\"updateTime\":\"2022-12-03 16:32:18\",\"usableColumn\":false},{\"capJavaField\":\"SXh\",\"columnComment\":\"学号\",\"columnId\":123,\"columnName\":\"s_xh\",\"columnType\":\"varchar(20)\",\"createBy\":\"admin\",\"createTime\":\"2022-12-03 16:32:15\",\"dictType\":\"\",\"edit\":true,\"htmlType\":\"input\",\"increment\":false,\"insert\":true,\"isEdit\":\"1\",\"isIncrement\":\"0\",\"isInsert\":\"1\",\"isList\":\"1\",\"isPk\":\"0\",\"isQuery\":\"1\",\"isRequired\":\"1\",\"javaField\":\"sXh\",\"javaType\":\"String\",\"list\":true,\"pk\":false,\"query\":true,\"queryType\":\"LIKE\",\"required\":true,\"sort\":2,\"superColumn\":false,\"tableId\":11,\"updateBy\":\"\",\"updateTime\":\"2022-12-03 16:32:18\",\"usableColumn\":false},{\"capJavaField\":\"SSfz\",\"columnComment\":\"身份证号\",\"columnId\":124,\"columnName\":\"s_sfz\",\"columnType\":\"varchar(20)\",\"createBy\":\"admin\",\"createTime\":\"2022-12-03 16:32:15\",\"dictType\":\"\",\"edit\":true,\"htmlType\":\"input\",\"increment\":false,\"insert\":true,\"isEdit\":\"1\",\"isIncrement\":\"0\",\"isInsert\":\"1\",\"isList\":\"1\",\"isPk\":\"0\",\"isQuery\":\"0\",\"javaField\":\"sSfz\",\"javaType\":\"String\",\"list\":true,\"pk\":false,\"query\":false,\"queryType\":\"EQ\",\"required\":false,\"sort\":3,\"superColumn\":false,\"tableId\":11,\"updateBy\":\"\",\"updateTime\":\"2022-12-03 16:32:18\",\"usableColumn\":false},{\"capJavaField\":\"SSex\",\"columnComment\":\"性别\",\"columnId\":125,\"columnName\":\"s_sex\",\"columnType\":\"char(2)\",\"createBy\":\"admin\",\"createTime\":\"2022-12-03 16:32:15\",\"dictType\":\"sys_user_sex\",\"edit\":true,\"htmlType\":\"radio\",\"increment\":false,\"insert\":true,\"isEdit\":\"1\",\"isIncrement\":\"0\",\"isInsert\":\"1\",\"isList\":\"1\",\"isPk\":\"0\",\"isQuery\":\"1\",\"isRequired', '{\"msg\":\"操作成功\",\"code\":200}', 0, NULL, '2022-12-03 16:40:12');
INSERT INTO `sys_oper_log` VALUES (502, '代码生成', 8, 'com.ruoyi.generator.controller.GenController.batchGenCode()', 'GET', 1, 'admin', NULL, '/tool/gen/batchGenCode', '127.0.0.1', '内网IP', '{}', NULL, 0, NULL, '2022-12-03 16:40:18');
INSERT INTO `sys_oper_log` VALUES (503, 'student', 2, 'com.ruoyi.web.controller.people.StudentController.edit()', 'PUT', 1, 'admin', NULL, '/people/student', '127.0.0.1', '内网IP', '{\"sAddress\":\"四川\",\"sAge\":\"21\",\"sClass\":\"1\",\"sCollege\":\"1\",\"sDept\":\"1\",\"sEmail\":\"1356@qq.com\",\"sGrade\":\"1\",\"sId\":1,\"sMaster\":\"周艳\",\"sNation\":\"汉\",\"sParent\":\"邓周明的家长\",\"sPhone\":\"19967561455\",\"sPolitic\":\"1\",\"sSchool\":\"辽东学院\",\"sSex\":\"男\",\"sSfz\":\"511721200102140235\",\"sXh\":\"0914420027\"}', '{\"msg\":\"操作成功\",\"code\":200}', 0, NULL, '2022-12-03 17:31:52');
INSERT INTO `sys_oper_log` VALUES (504, 'student', 2, 'com.ruoyi.web.controller.people.StudentController.edit()', 'PUT', 1, 'admin', NULL, '/people/student', '127.0.0.1', '内网IP', '{\"sAddress\":\"四川\",\"sAge\":\"21\",\"sClass\":\"1\",\"sCollege\":\"1\",\"sDept\":\"1\",\"sEmail\":\"1356@qq.com\",\"sGrade\":\"1\",\"sId\":1,\"sMaster\":\"周艳\",\"sNation\":\"汉\",\"sParent\":\"邓周明的家长\",\"sPhone\":\"19967561455\",\"sPolitic\":\"1\",\"sSchool\":\"辽东学院\",\"sSex\":\"0\",\"sSfz\":\"511721200102140235\",\"sXh\":\"0914420027\"}', '{\"msg\":\"操作成功\",\"code\":200}', 0, NULL, '2022-12-03 17:32:05');
INSERT INTO `sys_oper_log` VALUES (505, '代码生成', 2, 'com.ruoyi.generator.controller.GenController.editSave()', 'PUT', 1, 'admin', NULL, '/tool/gen', '127.0.0.1', '内网IP', '{\"businessName\":\"student\",\"className\":\"Student\",\"columns\":[{\"capJavaField\":\"SId\",\"columnComment\":\"ID\",\"columnId\":122,\"columnName\":\"s_id\",\"columnType\":\"int\",\"createBy\":\"admin\",\"createTime\":\"2022-12-03 16:32:15\",\"dictType\":\"\",\"edit\":false,\"htmlType\":\"input\",\"increment\":false,\"insert\":false,\"isIncrement\":\"0\",\"isInsert\":\"0\",\"isPk\":\"1\",\"javaField\":\"sId\",\"javaType\":\"Long\",\"list\":false,\"pk\":true,\"query\":false,\"queryType\":\"EQ\",\"required\":false,\"sort\":1,\"superColumn\":false,\"tableId\":11,\"updateBy\":\"\",\"updateTime\":\"2022-12-03 16:40:12\",\"usableColumn\":false},{\"capJavaField\":\"SXh\",\"columnComment\":\"学号\",\"columnId\":123,\"columnName\":\"s_xh\",\"columnType\":\"varchar(20)\",\"createBy\":\"admin\",\"createTime\":\"2022-12-03 16:32:15\",\"dictType\":\"\",\"edit\":true,\"htmlType\":\"input\",\"increment\":false,\"insert\":true,\"isEdit\":\"1\",\"isIncrement\":\"0\",\"isInsert\":\"1\",\"isList\":\"1\",\"isPk\":\"0\",\"isQuery\":\"1\",\"isRequired\":\"1\",\"javaField\":\"sXh\",\"javaType\":\"String\",\"list\":true,\"pk\":false,\"query\":true,\"queryType\":\"LIKE\",\"required\":true,\"sort\":2,\"superColumn\":false,\"tableId\":11,\"updateBy\":\"\",\"updateTime\":\"2022-12-03 16:40:12\",\"usableColumn\":false},{\"capJavaField\":\"SSfz\",\"columnComment\":\"身份证号\",\"columnId\":124,\"columnName\":\"s_sfz\",\"columnType\":\"varchar(20)\",\"createBy\":\"admin\",\"createTime\":\"2022-12-03 16:32:15\",\"dictType\":\"\",\"edit\":true,\"htmlType\":\"input\",\"increment\":false,\"insert\":true,\"isEdit\":\"1\",\"isIncrement\":\"0\",\"isInsert\":\"1\",\"isList\":\"1\",\"isPk\":\"0\",\"isQuery\":\"0\",\"javaField\":\"sSfz\",\"javaType\":\"String\",\"list\":true,\"pk\":false,\"query\":false,\"queryType\":\"EQ\",\"required\":false,\"sort\":3,\"superColumn\":false,\"tableId\":11,\"updateBy\":\"\",\"updateTime\":\"2022-12-03 16:40:12\",\"usableColumn\":false},{\"capJavaField\":\"SSex\",\"columnComment\":\"性别\",\"columnId\":125,\"columnName\":\"s_sex\",\"columnType\":\"char(2)\",\"createBy\":\"admin\",\"createTime\":\"2022-12-03 16:32:15\",\"dictType\":\"sys_user_sex\",\"edit\":true,\"htmlType\":\"radio\",\"increment\":false,\"insert\":true,\"isEdit\":\"1\",\"isIncrement\":\"0\",\"isInsert\":\"1\",\"isList\":\"1\",\"isPk\":\"0\",\"isQuery\":\"1\",\"isRequired', '{\"msg\":\"操作成功\",\"code\":200}', 0, NULL, '2022-12-03 17:35:20');
INSERT INTO `sys_oper_log` VALUES (506, 'student', 2, 'com.ruoyi.web.controller.people.StudentController.edit()', 'PUT', 1, 'admin', NULL, '/people/student', '127.0.0.1', '内网IP', '{\"sAddress\":\"四川负担哈德斯拉夫第三方蝴蝶结翻\",\"sAge\":\"21\",\"sClass\":\"1\",\"sCollege\":\"1\",\"sDept\":\"1\",\"sEmail\":\"1356@qq.com\",\"sGrade\":\"1\",\"sId\":1,\"sMaster\":\"周艳\",\"sName\":\"邓周明\",\"sNation\":\"汉\",\"sParent\":\"邓周明的家长\",\"sPhone\":\"19967561455\",\"sPolitic\":\"1\",\"sSchool\":\"辽东学院\",\"sSex\":\"0\",\"sSfz\":\"511721200102140235\",\"sXh\":\"0914420027\"}', '{\"msg\":\"操作成功\",\"code\":200}', 0, NULL, '2022-12-03 18:18:24');
INSERT INTO `sys_oper_log` VALUES (507, 'student', 2, 'com.ruoyi.web.controller.people.StudentController.edit()', 'PUT', 1, 'admin', NULL, '/people/student', '127.0.0.1', '内网IP', '{\"sAddress\":\"四川负担哈德斯拉夫第三方蝴蝶结翻\",\"sAge\":\"21\",\"sClass\":\"1\",\"sCollege\":\"1\",\"sDept\":\"1\",\"sEmail\":\"3376542195@qq.com\",\"sGrade\":\"1\",\"sId\":1,\"sMaster\":\"周艳\",\"sName\":\"邓周明\",\"sNation\":\"汉\",\"sParent\":\"邓周明的家长\",\"sPhone\":\"19967561455\",\"sPolitic\":\"1\",\"sSchool\":\"辽东学院\",\"sSex\":\"0\",\"sSfz\":\"511721200102140235\",\"sXh\":\"0914420027\"}', '{\"msg\":\"操作成功\",\"code\":200}', 0, NULL, '2022-12-03 18:18:39');
INSERT INTO `sys_oper_log` VALUES (508, 'student', 5, 'com.ruoyi.web.controller.people.StudentController.export()', 'POST', 1, 'admin', NULL, '/people/student/export', '127.0.0.1', '内网IP', '{}', NULL, 0, NULL, '2022-12-03 18:24:51');
INSERT INTO `sys_oper_log` VALUES (509, 'syudent_grade', 2, 'com.ruoyi.web.controller.subject.StudentGradeController.edit()', 'PUT', 1, 'admin', NULL, '/system/grade', '127.0.0.1', '内网IP', '{\"countNum\":800,\"dili\":90,\"huaxue\":90,\"id\":1,\"lishi\":90,\"nianji\":\"6\",\"shengwu\":90,\"shuxue\":100,\"stuClass\":\"2\",\"stuId\":\"420111\",\"stuName\":\"邓周明\",\"tiyu\":90,\"wuli\":90,\"yingyu\":100,\"yingyue\":90,\"yuwen\":100,\"zhenzi\":90}', '{\"msg\":\"操作成功\",\"code\":200}', 0, NULL, '2022-12-04 09:03:20');
INSERT INTO `sys_oper_log` VALUES (510, 'syudent_grade', 2, 'com.ruoyi.web.controller.subject.StudentGradeController.edit()', 'PUT', 1, 'admin', NULL, '/system/grade', '127.0.0.1', '内网IP', '{\"countNum\":1,\"dili\":1,\"huaxue\":1,\"id\":2,\"lishi\":1,\"nianji\":\"5\",\"shengwu\":1,\"shuxue\":1,\"stuClass\":\"2\",\"stuId\":\"1\",\"stuName\":\"1\",\"tiyu\":1,\"wuli\":1,\"yingyu\":1,\"yingyue\":1,\"yuwen\":1,\"zhenzi\":1}', '{\"msg\":\"操作成功\",\"code\":200}', 0, NULL, '2022-12-04 09:03:26');
INSERT INTO `sys_oper_log` VALUES (511, '菜单管理', 2, 'com.ruoyi.web.controller.system.SysMenuController.edit()', 'PUT', 1, 'admin', NULL, '/system/menu', '127.0.0.1', '内网IP', '{\"children\":[],\"component\":\"\",\"createTime\":\"2022-11-19 19:17:03\",\"icon\":\"#\",\"isCache\":\"0\",\"isFrame\":\"1\",\"menuId\":2045,\"menuName\":\"home导出\",\"menuType\":\"F\",\"orderNum\":5,\"parentId\":2040,\"path\":\"#\",\"perms\":\"people:parent:export\",\"status\":\"0\",\"updateBy\":\"admin\",\"visible\":\"0\"}', '{\"msg\":\"操作成功\",\"code\":200}', 0, NULL, '2022-12-04 11:32:56');
INSERT INTO `sys_oper_log` VALUES (512, '菜单管理', 2, 'com.ruoyi.web.controller.system.SysMenuController.edit()', 'PUT', 1, 'admin', NULL, '/system/menu', '127.0.0.1', '内网IP', '{\"children\":[],\"component\":\"\",\"createTime\":\"2022-11-19 19:17:03\",\"icon\":\"#\",\"isCache\":\"0\",\"isFrame\":\"1\",\"menuId\":2044,\"menuName\":\"home删除\",\"menuType\":\"F\",\"orderNum\":4,\"parentId\":2040,\"path\":\"#\",\"perms\":\"people:parent:remove\",\"status\":\"0\",\"updateBy\":\"admin\",\"visible\":\"0\"}', '{\"msg\":\"操作成功\",\"code\":200}', 0, NULL, '2022-12-04 11:33:08');
INSERT INTO `sys_oper_log` VALUES (513, '菜单管理', 2, 'com.ruoyi.web.controller.system.SysMenuController.edit()', 'PUT', 1, 'admin', NULL, '/system/menu', '127.0.0.1', '内网IP', '{\"children\":[],\"component\":\"\",\"createTime\":\"2022-11-19 19:17:03\",\"icon\":\"#\",\"isCache\":\"0\",\"isFrame\":\"1\",\"menuId\":2043,\"menuName\":\"home修改\",\"menuType\":\"F\",\"orderNum\":3,\"parentId\":2040,\"path\":\"#\",\"perms\":\"people:parent:edit\",\"status\":\"0\",\"updateBy\":\"admin\",\"visible\":\"0\"}', '{\"msg\":\"操作成功\",\"code\":200}', 0, NULL, '2022-12-04 11:33:25');
INSERT INTO `sys_oper_log` VALUES (514, '菜单管理', 2, 'com.ruoyi.web.controller.system.SysMenuController.edit()', 'PUT', 1, 'admin', NULL, '/system/menu', '127.0.0.1', '内网IP', '{\"children\":[],\"component\":\"\",\"createTime\":\"2022-11-19 19:17:03\",\"icon\":\"#\",\"isCache\":\"0\",\"isFrame\":\"1\",\"menuId\":2042,\"menuName\":\"home新增\",\"menuType\":\"F\",\"orderNum\":2,\"parentId\":2040,\"path\":\"#\",\"perms\":\"people:parent:add\",\"status\":\"0\",\"updateBy\":\"admin\",\"visible\":\"0\"}', '{\"msg\":\"操作成功\",\"code\":200}', 0, NULL, '2022-12-04 11:33:35');
INSERT INTO `sys_oper_log` VALUES (515, '菜单管理', 2, 'com.ruoyi.web.controller.system.SysMenuController.edit()', 'PUT', 1, 'admin', NULL, '/system/menu', '127.0.0.1', '内网IP', '{\"children\":[],\"component\":\"\",\"createTime\":\"2022-11-19 19:17:03\",\"icon\":\"#\",\"isCache\":\"0\",\"isFrame\":\"1\",\"menuId\":2041,\"menuName\":\"home查询\",\"menuType\":\"F\",\"orderNum\":1,\"parentId\":2040,\"path\":\"#\",\"perms\":\"people:parent:query\",\"status\":\"0\",\"updateBy\":\"admin\",\"visible\":\"0\"}', '{\"msg\":\"操作成功\",\"code\":200}', 0, NULL, '2022-12-04 11:33:46');
INSERT INTO `sys_oper_log` VALUES (516, '菜单管理', 2, 'com.ruoyi.web.controller.system.SysMenuController.edit()', 'PUT', 1, 'admin', NULL, '/system/menu', '127.0.0.1', '内网IP', '{\"children\":[],\"component\":\"people/parent\",\"createTime\":\"2022-11-19 19:17:02\",\"icon\":\"user\",\"isCache\":\"0\",\"isFrame\":\"1\",\"menuId\":2040,\"menuName\":\"家长管理\",\"menuType\":\"C\",\"orderNum\":1,\"parentId\":2002,\"path\":\"/people/parent\",\"perms\":\"people:parent:list\",\"status\":\"0\",\"updateBy\":\"admin\",\"visible\":\"0\"}', '{\"msg\":\"操作成功\",\"code\":200}', 0, NULL, '2022-12-04 11:34:05');
INSERT INTO `sys_oper_log` VALUES (517, '菜单管理', 2, 'com.ruoyi.web.controller.system.SysMenuController.edit()', 'PUT', 1, 'admin', NULL, '/system/menu', '127.0.0.1', '内网IP', '{\"children\":[],\"component\":\"\",\"createTime\":\"2022-11-19 19:17:03\",\"icon\":\"#\",\"isCache\":\"0\",\"isFrame\":\"1\",\"menuId\":2041,\"menuName\":\"parent查询\",\"menuType\":\"F\",\"orderNum\":1,\"parentId\":2040,\"path\":\"#\",\"perms\":\"people:parent:query\",\"status\":\"0\",\"updateBy\":\"admin\",\"visible\":\"0\"}', '{\"msg\":\"操作成功\",\"code\":200}', 0, NULL, '2022-12-04 11:34:12');
INSERT INTO `sys_oper_log` VALUES (518, '菜单管理', 2, 'com.ruoyi.web.controller.system.SysMenuController.edit()', 'PUT', 1, 'admin', NULL, '/system/menu', '127.0.0.1', '内网IP', '{\"children\":[],\"component\":\"\",\"createTime\":\"2022-11-19 19:17:03\",\"icon\":\"#\",\"isCache\":\"0\",\"isFrame\":\"1\",\"menuId\":2042,\"menuName\":\"parent新增\",\"menuType\":\"F\",\"orderNum\":2,\"parentId\":2040,\"path\":\"#\",\"perms\":\"people:parent:add\",\"status\":\"0\",\"updateBy\":\"admin\",\"visible\":\"0\"}', '{\"msg\":\"操作成功\",\"code\":200}', 0, NULL, '2022-12-04 11:34:18');
INSERT INTO `sys_oper_log` VALUES (519, '菜单管理', 2, 'com.ruoyi.web.controller.system.SysMenuController.edit()', 'PUT', 1, 'admin', NULL, '/system/menu', '127.0.0.1', '内网IP', '{\"children\":[],\"component\":\"\",\"createTime\":\"2022-11-19 19:17:03\",\"icon\":\"#\",\"isCache\":\"0\",\"isFrame\":\"1\",\"menuId\":2043,\"menuName\":\"parent修改\",\"menuType\":\"F\",\"orderNum\":3,\"parentId\":2040,\"path\":\"#\",\"perms\":\"people:parent:edit\",\"status\":\"0\",\"updateBy\":\"admin\",\"visible\":\"0\"}', '{\"msg\":\"操作成功\",\"code\":200}', 0, NULL, '2022-12-04 11:34:25');
INSERT INTO `sys_oper_log` VALUES (520, '菜单管理', 2, 'com.ruoyi.web.controller.system.SysMenuController.edit()', 'PUT', 1, 'admin', NULL, '/system/menu', '127.0.0.1', '内网IP', '{\"children\":[],\"component\":\"\",\"createTime\":\"2022-11-19 19:17:03\",\"icon\":\"#\",\"isCache\":\"0\",\"isFrame\":\"1\",\"menuId\":2044,\"menuName\":\"parent删除\",\"menuType\":\"F\",\"orderNum\":4,\"parentId\":2040,\"path\":\"#\",\"perms\":\"people:parent:remove\",\"status\":\"0\",\"updateBy\":\"admin\",\"visible\":\"0\"}', '{\"msg\":\"操作成功\",\"code\":200}', 0, NULL, '2022-12-04 11:34:31');
INSERT INTO `sys_oper_log` VALUES (521, '菜单管理', 2, 'com.ruoyi.web.controller.system.SysMenuController.edit()', 'PUT', 1, 'admin', NULL, '/system/menu', '127.0.0.1', '内网IP', '{\"children\":[],\"component\":\"\",\"createTime\":\"2022-11-19 19:17:03\",\"icon\":\"#\",\"isCache\":\"0\",\"isFrame\":\"1\",\"menuId\":2045,\"menuName\":\"parent导出\",\"menuType\":\"F\",\"orderNum\":5,\"parentId\":2040,\"path\":\"#\",\"perms\":\"people:parent:export\",\"status\":\"0\",\"updateBy\":\"admin\",\"visible\":\"0\"}', '{\"msg\":\"操作成功\",\"code\":200}', 0, NULL, '2022-12-04 11:34:37');
INSERT INTO `sys_oper_log` VALUES (522, '代码生成', 6, 'com.ruoyi.generator.controller.GenController.importTableSave()', 'POST', 1, 'admin', NULL, '/tool/gen/importTable', '127.0.0.1', '内网IP', '\"parent\"', '{\"msg\":\"操作成功\",\"code\":200}', 0, NULL, '2022-12-04 11:35:54');
INSERT INTO `sys_oper_log` VALUES (523, '代码生成', 2, 'com.ruoyi.generator.controller.GenController.synchDb()', 'GET', 1, 'admin', NULL, '/tool/gen/synchDb/parent', '127.0.0.1', '内网IP', '{tableName=parent}', '{\"msg\":\"操作成功\",\"code\":200}', 0, NULL, '2022-12-04 11:36:04');
INSERT INTO `sys_oper_log` VALUES (524, '代码生成', 2, 'com.ruoyi.generator.controller.GenController.editSave()', 'PUT', 1, 'admin', NULL, '/tool/gen', '127.0.0.1', '内网IP', '{\"businessName\":\"parent\",\"className\":\"Parent\",\"columns\":[{\"capJavaField\":\"PId\",\"columnComment\":\"家长编号\",\"columnId\":139,\"columnName\":\"p_id\",\"columnType\":\"int\",\"createBy\":\"admin\",\"createTime\":\"2022-12-04 11:35:54\",\"dictType\":\"\",\"edit\":false,\"htmlType\":\"input\",\"increment\":false,\"insert\":false,\"isIncrement\":\"0\",\"isInsert\":\"0\",\"isPk\":\"1\",\"javaField\":\"pId\",\"javaType\":\"Long\",\"list\":false,\"pk\":true,\"query\":false,\"queryType\":\"EQ\",\"required\":false,\"sort\":1,\"superColumn\":false,\"tableId\":12,\"updateBy\":\"\",\"updateTime\":\"2022-12-04 11:36:04\",\"usableColumn\":false},{\"capJavaField\":\"PName\",\"columnComment\":\"姓名\",\"columnId\":140,\"columnName\":\"p_name\",\"columnType\":\"varchar(30)\",\"createBy\":\"admin\",\"createTime\":\"2022-12-04 11:35:54\",\"dictType\":\"\",\"edit\":true,\"htmlType\":\"input\",\"increment\":false,\"insert\":true,\"isEdit\":\"1\",\"isIncrement\":\"0\",\"isInsert\":\"1\",\"isList\":\"1\",\"isPk\":\"0\",\"isQuery\":\"1\",\"isRequired\":\"1\",\"javaField\":\"pName\",\"javaType\":\"String\",\"list\":true,\"pk\":false,\"query\":true,\"queryType\":\"LIKE\",\"required\":true,\"sort\":2,\"superColumn\":false,\"tableId\":12,\"updateBy\":\"\",\"updateTime\":\"2022-12-04 11:36:04\",\"usableColumn\":false},{\"capJavaField\":\"PSex\",\"columnComment\":\"性别\",\"columnId\":141,\"columnName\":\"p_sex\",\"columnType\":\"char(2)\",\"createBy\":\"admin\",\"createTime\":\"2022-12-04 11:35:54\",\"dictType\":\"sys_user_sex\",\"edit\":true,\"htmlType\":\"radio\",\"increment\":false,\"insert\":true,\"isEdit\":\"1\",\"isIncrement\":\"0\",\"isInsert\":\"1\",\"isList\":\"1\",\"isPk\":\"0\",\"isQuery\":\"1\",\"isRequired\":\"1\",\"javaField\":\"pSex\",\"javaType\":\"String\",\"list\":true,\"pk\":false,\"query\":true,\"queryType\":\"EQ\",\"required\":true,\"sort\":3,\"superColumn\":false,\"tableId\":12,\"updateBy\":\"\",\"updateTime\":\"2022-12-04 11:36:04\",\"usableColumn\":false},{\"capJavaField\":\"PSfz\",\"columnComment\":\"身份证\",\"columnId\":142,\"columnName\":\"p_sfz\",\"columnType\":\"varchar(25)\",\"createBy\":\"admin\",\"createTime\":\"2022-12-04 11:35:54\",\"dictType\":\"\",\"edit\":true,\"htmlType\":\"input\",\"increment\":false,\"insert\":true,\"isEdit\":\"1\",\"isIncrement\":\"0\",\"isInsert\":\"1\",\"isList\":\"1\",\"isPk\":\"0\",\"isQu', '{\"msg\":\"操作成功\",\"code\":200}', 0, NULL, '2022-12-04 11:40:08');
INSERT INTO `sys_oper_log` VALUES (525, '代码生成', 8, 'com.ruoyi.generator.controller.GenController.batchGenCode()', 'GET', 1, 'admin', NULL, '/tool/gen/batchGenCode', '127.0.0.1', '内网IP', '{}', NULL, 0, NULL, '2022-12-04 11:40:11');
INSERT INTO `sys_oper_log` VALUES (526, 'Parent', 1, 'com.ruoyi.web.controller.people.ParentController.add()', 'POST', 1, 'admin', NULL, '/people/parent', '127.0.0.1', '内网IP', '{\"pAddress\":\"四川\",\"pAge\":\"25\",\"pChildId\":1,\"pCreateTime\":\"2022-12-08 00:00:00\",\"pName\":\"邓周明的家长\",\"pPhone\":\"199565447854\",\"pSex\":\"0\",\"pSfz\":\"55164561546516\",\"pZzmm\":\"4\"}', NULL, 1, '\r\n### Error updating database.  Cause: java.sql.SQLException: Field \'p_id\' doesn\'t have a default value\r\n### The error may exist in file [F:\\School-work-main\\ruoyi-system\\target\\classes\\mapper\\system\\ParentMapper.xml]\r\n### The error may involve com.ruoyi.people.mapper.ParentMapper.insertParent-Inline\r\n### The error occurred while setting parameters\r\n### SQL: insert into parent          ( p_name,             p_sex,             p_sfz,             p_age,             p_zzmm,             p_address,             p_phone,             p_create_time,             P_child_id )           values ( ?,             ?,             ?,             ?,             ?,             ?,             ?,             ?,             ? )\r\n### Cause: java.sql.SQLException: Field \'p_id\' doesn\'t have a default value\n; Field \'p_id\' doesn\'t have a default value; nested exception is java.sql.SQLException: Field \'p_id\' doesn\'t have a default value', '2022-12-04 12:16:04');
INSERT INTO `sys_oper_log` VALUES (527, 'Parent', 1, 'com.ruoyi.web.controller.people.ParentController.add()', 'POST', 1, 'admin', NULL, '/people/parent', '127.0.0.1', '内网IP', '{\"pAddress\":\"四川\",\"pAge\":\"25\",\"pChildId\":1,\"pCreateTime\":\"2022-12-08 00:00:00\",\"pName\":\"邓周明的家长\",\"pPhone\":\"199565447854\",\"pSex\":\"0\",\"pSfz\":\"55164561546516\",\"pZzmm\":\"4\"}', NULL, 1, '\r\n### Error updating database.  Cause: java.sql.SQLException: Field \'p_id\' doesn\'t have a default value\r\n### The error may exist in file [F:\\School-work-main\\ruoyi-system\\target\\classes\\mapper\\system\\ParentMapper.xml]\r\n### The error may involve com.ruoyi.people.mapper.ParentMapper.insertParent-Inline\r\n### The error occurred while setting parameters\r\n### SQL: insert into parent          ( p_name,             p_sex,             p_sfz,             p_age,             p_zzmm,             p_address,             p_phone,             p_create_time,             P_child_id )           values ( ?,             ?,             ?,             ?,             ?,             ?,             ?,             ?,             ? )\r\n### Cause: java.sql.SQLException: Field \'p_id\' doesn\'t have a default value\n; Field \'p_id\' doesn\'t have a default value; nested exception is java.sql.SQLException: Field \'p_id\' doesn\'t have a default value', '2022-12-04 12:16:06');
INSERT INTO `sys_oper_log` VALUES (528, 'Parent', 1, 'com.ruoyi.web.controller.people.ParentController.add()', 'POST', 1, 'admin', NULL, '/people/parent', '127.0.0.1', '内网IP', '{\"pAddress\":\"四川\",\"pAge\":\"25\",\"pChildId\":1,\"pCreateTime\":\"2022-12-08 00:00:00\",\"pName\":\"邓周明的家长\",\"pPhone\":\"199565447854\",\"pSex\":\"0\",\"pSfz\":\"55164561546516\",\"pZzmm\":\"4\"}', NULL, 1, '\r\n### Error updating database.  Cause: java.sql.SQLException: Field \'p_id\' doesn\'t have a default value\r\n### The error may exist in file [F:\\School-work-main\\ruoyi-system\\target\\classes\\mapper\\system\\ParentMapper.xml]\r\n### The error may involve com.ruoyi.people.mapper.ParentMapper.insertParent-Inline\r\n### The error occurred while setting parameters\r\n### SQL: insert into parent          ( p_name,             p_sex,             p_sfz,             p_age,             p_zzmm,             p_address,             p_phone,             p_create_time,             P_child_id )           values ( ?,             ?,             ?,             ?,             ?,             ?,             ?,             ?,             ? )\r\n### Cause: java.sql.SQLException: Field \'p_id\' doesn\'t have a default value\n; Field \'p_id\' doesn\'t have a default value; nested exception is java.sql.SQLException: Field \'p_id\' doesn\'t have a default value', '2022-12-04 12:16:07');
INSERT INTO `sys_oper_log` VALUES (529, 'Parent', 1, 'com.ruoyi.web.controller.people.ParentController.add()', 'POST', 1, 'admin', NULL, '/people/parent', '127.0.0.1', '内网IP', '{\"pAddress\":\"四川\",\"pAge\":\"25\",\"pChildId\":1,\"pCreateTime\":\"2022-12-08 00:00:00\",\"pName\":\"邓周明的家长\",\"pPhone\":\"199565447854\",\"pSex\":\"0\",\"pSfz\":\"55164561546516\",\"pZzmm\":\"4\"}', NULL, 1, '\r\n### Error updating database.  Cause: java.sql.SQLException: Field \'p_id\' doesn\'t have a default value\r\n### The error may exist in file [F:\\School-work-main\\ruoyi-system\\target\\classes\\mapper\\system\\ParentMapper.xml]\r\n### The error may involve com.ruoyi.people.mapper.ParentMapper.insertParent-Inline\r\n### The error occurred while setting parameters\r\n### SQL: insert into parent          ( p_name,             p_sex,             p_sfz,             p_age,             p_zzmm,             p_address,             p_phone,             p_create_time,             P_child_id )           values ( ?,             ?,             ?,             ?,             ?,             ?,             ?,             ?,             ? )\r\n### Cause: java.sql.SQLException: Field \'p_id\' doesn\'t have a default value\n; Field \'p_id\' doesn\'t have a default value; nested exception is java.sql.SQLException: Field \'p_id\' doesn\'t have a default value', '2022-12-04 12:16:14');
INSERT INTO `sys_oper_log` VALUES (530, 'Parent', 1, 'com.ruoyi.web.controller.people.ParentController.add()', 'POST', 1, 'admin', NULL, '/people/parent', '127.0.0.1', '内网IP', '{\"pAddress\":\"四川\",\"pAge\":\"25\",\"pChildId\":1,\"pCreateTime\":\"2022-12-08 00:00:00\",\"pName\":\"邓周明的家长\",\"pPhone\":\"199565447854\",\"pSex\":\"0\",\"pSfz\":\"55164561546516\",\"pZzmm\":\"4\"}', NULL, 1, '\r\n### Error updating database.  Cause: java.sql.SQLException: Field \'p_id\' doesn\'t have a default value\r\n### The error may exist in file [F:\\School-work-main\\ruoyi-system\\target\\classes\\mapper\\system\\ParentMapper.xml]\r\n### The error may involve com.ruoyi.people.mapper.ParentMapper.insertParent-Inline\r\n### The error occurred while setting parameters\r\n### SQL: insert into parent          ( p_name,             p_sex,             p_sfz,             p_age,             p_zzmm,             p_address,             p_phone,             p_create_time,             P_child_id )           values ( ?,             ?,             ?,             ?,             ?,             ?,             ?,             ?,             ? )\r\n### Cause: java.sql.SQLException: Field \'p_id\' doesn\'t have a default value\n; Field \'p_id\' doesn\'t have a default value; nested exception is java.sql.SQLException: Field \'p_id\' doesn\'t have a default value', '2022-12-04 12:16:15');
INSERT INTO `sys_oper_log` VALUES (531, 'Parent', 1, 'com.ruoyi.web.controller.people.ParentController.add()', 'POST', 1, 'admin', NULL, '/people/parent', '127.0.0.1', '内网IP', '{\"pAddress\":\"四川\",\"pAge\":\"25\",\"pChildId\":1,\"pCreateTime\":\"2022-12-08 00:00:00\",\"pName\":\"邓周明的家长\",\"pPhone\":\"199565447854\",\"pSex\":\"0\",\"pSfz\":\"55164561546516\",\"pZzmm\":\"4\"}', NULL, 1, '\r\n### Error updating database.  Cause: java.sql.SQLException: Field \'p_id\' doesn\'t have a default value\r\n### The error may exist in file [F:\\School-work-main\\ruoyi-system\\target\\classes\\mapper\\system\\ParentMapper.xml]\r\n### The error may involve com.ruoyi.people.mapper.ParentMapper.insertParent-Inline\r\n### The error occurred while setting parameters\r\n### SQL: insert into parent          ( p_name,             p_sex,             p_sfz,             p_age,             p_zzmm,             p_address,             p_phone,             p_create_time,             P_child_id )           values ( ?,             ?,             ?,             ?,             ?,             ?,             ?,             ?,             ? )\r\n### Cause: java.sql.SQLException: Field \'p_id\' doesn\'t have a default value\n; Field \'p_id\' doesn\'t have a default value; nested exception is java.sql.SQLException: Field \'p_id\' doesn\'t have a default value', '2022-12-04 12:16:28');
INSERT INTO `sys_oper_log` VALUES (532, 'Parent', 1, 'com.ruoyi.web.controller.people.ParentController.add()', 'POST', 1, 'admin', NULL, '/people/parent', '127.0.0.1', '内网IP', '{\"pAddress\":\"四川\",\"pAge\":\"25\",\"pChildId\":1,\"pCreateTime\":\"2022-12-26 00:00:00\",\"pName\":\"家长1\",\"pPhone\":\"199565447854\",\"pSex\":\"0\",\"pSfz\":\"5254254254\",\"pZzmm\":\"4\"}', NULL, 1, '\r\n### Error updating database.  Cause: java.sql.SQLException: Field \'p_id\' doesn\'t have a default value\r\n### The error may exist in file [F:\\School-work-main\\ruoyi-system\\target\\classes\\mapper\\system\\ParentMapper.xml]\r\n### The error may involve com.ruoyi.people.mapper.ParentMapper.insertParent-Inline\r\n### The error occurred while setting parameters\r\n### SQL: insert into parent          ( p_name,             p_sex,             p_sfz,             p_age,             p_zzmm,             p_address,             p_phone,             p_create_time,             P_child_id )           values ( ?,             ?,             ?,             ?,             ?,             ?,             ?,             ?,             ? )\r\n### Cause: java.sql.SQLException: Field \'p_id\' doesn\'t have a default value\n; Field \'p_id\' doesn\'t have a default value; nested exception is java.sql.SQLException: Field \'p_id\' doesn\'t have a default value', '2022-12-04 12:16:41');
INSERT INTO `sys_oper_log` VALUES (533, 'Parent', 1, 'com.ruoyi.web.controller.people.ParentController.add()', 'POST', 1, 'admin', NULL, '/people/parent', '127.0.0.1', '内网IP', '{\"pAddress\":\"四川省达州市达川区\",\"pAge\":\"55\",\"pChildId\":1,\"pCreateTime\":\"2022-12-04 00:00:00\",\"pName\":\"邓周明的家长\",\"pPhone\":\"19967561452\",\"pSex\":\"0\",\"pSfz\":\"15585652365\",\"pZzmm\":\"4\"}', '{\"msg\":\"操作成功\",\"code\":200}', 0, NULL, '2022-12-04 12:18:25');
INSERT INTO `sys_oper_log` VALUES (534, 'Parent', 2, 'com.ruoyi.web.controller.people.ParentController.edit()', 'PUT', 1, 'admin', NULL, '/people/parent', '127.0.0.1', '内网IP', '{\"pAddress\":\"四川省达州市达川区\",\"pAge\":\"55\",\"pChildId\":1,\"pCreateTime\":\"2022-12-04 00:00:00\",\"pId\":1,\"pName\":\"邓周明的家长\",\"pPhone\":\"19967561452\",\"pSex\":\"0\",\"pSfz\":\"5225455555325658565\",\"pZzmm\":\"4\"}', '{\"msg\":\"操作成功\",\"code\":200}', 0, NULL, '2022-12-04 12:21:56');
INSERT INTO `sys_oper_log` VALUES (535, 'Parent', 2, 'com.ruoyi.web.controller.people.ParentController.edit()', 'PUT', 1, 'admin', NULL, '/people/parent', '127.0.0.1', '内网IP', '{\"pAddress\":\"四川省达州市达川区\",\"pAge\":\"55\",\"pChildId\":1,\"pCreateTime\":\"2022-12-04 00:00:00\",\"pId\":1,\"pName\":\"邓周明的家长\",\"pPhone\":\"19967561452\",\"pSex\":\"0\",\"pSfz\":\"511754544545454544\",\"pZzmm\":\"4\"}', '{\"msg\":\"操作成功\",\"code\":200}', 0, NULL, '2022-12-04 12:22:18');
INSERT INTO `sys_oper_log` VALUES (536, '菜单管理', 2, 'com.ruoyi.web.controller.system.SysMenuController.edit()', 'PUT', 1, 'admin', NULL, '/system/menu', '127.0.0.1', '内网IP', '{\"children\":[],\"createTime\":\"2022-11-14 01:54:49\",\"icon\":\"list\",\"isCache\":\"0\",\"isFrame\":\"1\",\"menuId\":2000,\"menuName\":\"数据统计\",\"menuType\":\"M\",\"orderNum\":1,\"parentId\":0,\"path\":\"/data\",\"perms\":\"\",\"status\":\"0\",\"updateBy\":\"admin\",\"visible\":\"1\"}', '{\"msg\":\"操作成功\",\"code\":200}', 0, NULL, '2022-12-04 18:07:57');
INSERT INTO `sys_oper_log` VALUES (537, '角色管理', 2, 'com.ruoyi.web.controller.system.SysRoleController.dataScope()', 'PUT', 1, 'admin', NULL, '/system/role/dataScope', '127.0.0.1', '内网IP', '{\"admin\":false,\"createTime\":\"2022-11-14 22:35:55\",\"dataScope\":\"1\",\"delFlag\":\"0\",\"deptCheckStrictly\":true,\"deptIds\":[],\"flag\":false,\"menuCheckStrictly\":true,\"remark\":\"普通管理员\",\"roleId\":100,\"roleKey\":\"root\",\"roleName\":\"教师管理员\",\"roleSort\":\"1\",\"status\":\"0\"}', '{\"msg\":\"操作成功\",\"code\":200}', 0, NULL, '2022-12-04 18:25:28');
INSERT INTO `sys_oper_log` VALUES (538, '填表管理', 1, 'com.ruoyi.tianbiao.controller.FromDbController.add()', 'POST', 1, 'admin', NULL, '/tianbiao/tianbiao', '127.0.0.1', '内网IP', '{\"fileurl\":\"1\",\"fromType\":\"3\",\"homeid\":1,\"homename\":\"1\",\"id\":2,\"picurl\":\"1\",\"state\":\"0\",\"stuid\":1,\"stuname\":\"1\",\"title\":\"1\"}', '{\"msg\":\"操作成功\",\"code\":200}', 0, NULL, '2022-12-04 18:33:35');
INSERT INTO `sys_oper_log` VALUES (539, '填表管理', 3, 'com.ruoyi.tianbiao.controller.FromDbController.remove()', 'DELETE', 1, 'admin', NULL, '/tianbiao/tianbiao/2', '127.0.0.1', '内网IP', '{ids=2}', '{\"msg\":\"操作成功\",\"code\":200}', 0, NULL, '2022-12-04 18:33:39');
INSERT INTO `sys_oper_log` VALUES (540, '报名管理', 2, 'com.ruoyi.signup.controller.BaomingDbController.edit()', 'PUT', 1, 'admin', NULL, '/signup/signup', '127.0.0.1', '内网IP', '{\"applyid\":\"100001\",\"classid\":\"3\",\"createDay\":\"2022-11-25 00:00:00\",\"id\":2,\"nianji\":\"1\",\"state\":\"0\",\"stuId\":100001,\"stuname\":\"111\",\"title\":\"核酸检测\",\"typeApply\":\"2\"}', '{\"msg\":\"操作成功\",\"code\":200}', 0, NULL, '2022-12-04 18:40:47');
INSERT INTO `sys_oper_log` VALUES (541, '报名管理', 2, 'com.ruoyi.signup.controller.BaomingDbController.edit()', 'PUT', 1, 'admin', NULL, '/signup/signup', '127.0.0.1', '内网IP', '{\"applyid\":\"100001\",\"bz\":\"无\",\"classid\":\"3\",\"createDay\":\"2022-11-25 00:00:00\",\"id\":2,\"nianji\":\"1\",\"state\":\"0\",\"stuId\":100001,\"stuname\":\"张三\",\"title\":\"核酸检测\",\"typeApply\":\"2\"}', '{\"msg\":\"操作成功\",\"code\":200}', 0, NULL, '2022-12-04 18:41:05');
INSERT INTO `sys_oper_log` VALUES (542, '报名管理', 2, 'com.ruoyi.signup.controller.BaomingDbController.edit()', 'PUT', 1, 'admin', NULL, '/signup/signup', '127.0.0.1', '内网IP', '{\"applyid\":\"100001\",\"bz\":\"无\",\"classid\":\"3\",\"createDay\":\"2022-11-23 00:00:00\",\"id\":1,\"nianji\":\"1\",\"state\":\"0\",\"stuId\":914420027,\"stuname\":\"王小青\",\"title\":\"核酸检测志愿者报名\",\"typeApply\":\"2\"}', '{\"msg\":\"操作成功\",\"code\":200}', 0, NULL, '2022-12-04 18:41:13');
INSERT INTO `sys_oper_log` VALUES (543, '报名管理', 2, 'com.ruoyi.signup.controller.BaomingDbController.edit()', 'PUT', 1, 'admin', NULL, '/signup/signup', '127.0.0.1', '内网IP', '{\"applyid\":\"100001\",\"bz\":\"无\",\"classid\":\"3\",\"createDay\":\"2022-11-25 00:00:00\",\"id\":2,\"nianji\":\"1\",\"state\":\"0\",\"stuId\":914420025,\"stuname\":\"张三\",\"title\":\"核酸检测\",\"typeApply\":\"2\"}', '{\"msg\":\"操作成功\",\"code\":200}', 0, NULL, '2022-12-04 18:45:58');
INSERT INTO `sys_oper_log` VALUES (544, '报名管理', 2, 'com.ruoyi.signup.controller.BaomingDbController.edit()', 'PUT', 1, 'admin', NULL, '/signup/signup', '127.0.0.1', '内网IP', '{\"applyid\":\"100001\",\"bz\":\"无\",\"classid\":\"3\",\"createDay\":\"2022-11-23 00:00:00\",\"id\":1,\"nianji\":\"1\",\"state\":\"0\",\"stuId\":914420027,\"stuname\":\"王小青\",\"title\":\"核酸检测志愿者报名\",\"typeApply\":\"2\"}', '{\"msg\":\"操作成功\",\"code\":200}', 0, NULL, '2022-12-04 18:46:52');
INSERT INTO `sys_oper_log` VALUES (545, '报名管理', 2, 'com.ruoyi.signup.controller.BaomingDbController.edit()', 'PUT', 1, 'admin', NULL, '/signup/signup', '127.0.0.1', '内网IP', '{\"applyid\":\"100001\",\"bz\":\"无\",\"classid\":\"3\",\"createDay\":\"2022-11-23 00:00:00\",\"id\":1,\"nianji\":\"1\",\"state\":\"0\",\"stuId\":123456,\"stuname\":\"王小青\",\"title\":\"核酸检测志愿者报名\",\"typeApply\":\"2\"}', '{\"msg\":\"操作成功\",\"code\":200}', 0, NULL, '2022-12-04 18:48:54');
INSERT INTO `sys_oper_log` VALUES (546, '报名管理', 2, 'com.ruoyi.signup.controller.BaomingDbController.edit()', 'PUT', 1, 'admin', NULL, '/signup/signup', '127.0.0.1', '内网IP', '{\"applyid\":\"100001\",\"bz\":\"无\",\"classid\":\"3\",\"createDay\":\"2022-11-25 00:00:00\",\"id\":2,\"nianji\":\"1\",\"state\":\"0\",\"stuId\":654321,\"stuname\":\"张三\",\"title\":\"核酸检测\",\"typeApply\":\"2\"}', '{\"msg\":\"操作成功\",\"code\":200}', 0, NULL, '2022-12-04 18:49:01');
INSERT INTO `sys_oper_log` VALUES (547, '通知公告', 1, 'com.ruoyi.web.controller.system.SysNoticeController.add()', 'POST', 1, 'admin', NULL, '/system/notice', '127.0.0.1', '内网IP', '{\"createBy\":\"admin\",\"noticeContent\":\"<p><img src=\\\"/dev-api/profile/upload/2022/12/04/WeChat Image_20221127152600_20221204184940A001.jpg\\\"></p>\",\"noticeTitle\":\"1\",\"noticeType\":\"1\",\"status\":\"0\"}', '{\"msg\":\"操作成功\",\"code\":200}', 0, NULL, '2022-12-04 18:49:48');
INSERT INTO `sys_oper_log` VALUES (548, '通知公告', 3, 'com.ruoyi.web.controller.system.SysNoticeController.remove()', 'DELETE', 1, 'admin', NULL, '/system/notice/3', '127.0.0.1', '内网IP', '{noticeIds=3}', '{\"msg\":\"操作成功\",\"code\":200}', 0, NULL, '2022-12-04 18:50:03');
INSERT INTO `sys_oper_log` VALUES (549, '通知公告', 2, 'com.ruoyi.web.controller.system.SysNoticeController.edit()', 'PUT', 1, 'admin', NULL, '/system/notice', '127.0.0.1', '内网IP', '{\"createBy\":\"admin\",\"createTime\":\"2022-11-13 20:38:54\",\"noticeContent\":\"<p>新版本内容</p>\",\"noticeId\":1,\"noticeTitle\":\"温馨提醒：2022-10-01 学校考试放假通知\",\"noticeType\":\"2\",\"remark\":\"管理员\",\"status\":\"0\",\"updateBy\":\"admin\",\"updateTime\":\"2022-11-14 22:24:02\"}', '{\"msg\":\"操作成功\",\"code\":200}', 0, NULL, '2022-12-04 18:50:19');
INSERT INTO `sys_oper_log` VALUES (550, '通知公告', 2, 'com.ruoyi.web.controller.system.SysNoticeController.edit()', 'PUT', 1, 'admin', NULL, '/system/notice', '127.0.0.1', '内网IP', '{\"createBy\":\"admin\",\"createTime\":\"2022-11-13 20:38:54\",\"noticeContent\":\"<p>维护内容</p>\",\"noticeId\":2,\"noticeTitle\":\"通知：2022-12-10日 大学英语四级考试通知\",\"noticeType\":\"1\",\"remark\":\"管理员\",\"status\":\"0\",\"updateBy\":\"admin\",\"updateTime\":\"2022-11-14 22:24:28\"}', '{\"msg\":\"操作成功\",\"code\":200}', 0, NULL, '2022-12-04 18:50:59');
INSERT INTO `sys_oper_log` VALUES (551, '角色管理', 2, 'com.ruoyi.web.controller.system.SysRoleController.edit()', 'PUT', 1, 'admin', NULL, '/system/role', '127.0.0.1', '内网IP', '{\"admin\":false,\"createTime\":\"2022-11-14 22:35:55\",\"dataScope\":\"1\",\"delFlag\":\"0\",\"deptCheckStrictly\":true,\"flag\":false,\"menuCheckStrictly\":true,\"menuIds\":[1,2000,100,1000,1001,1002,1003,1004,1005,1006,101,1007,1008,1009,1010,1011,102,1012,1013,1014,1015,103,1016,1017,1018,1019,2002,2028,2029,2030,2031,2032,2033,2034,2035,2036,2037,2038,2039,2040,2041,2042,2043,2044,2045,2008,2009,2010,2011,2012,2013,2022,2023,2024,2025,2026,2027,2005,2046,2047,2048,2049,2050,2051,2006,2058,2059,2060,2061,2062,2063,107,1035,1036,1037,1038,4,2,109,1046,1047,1048,110,1049,1050,1051,1052,1053,1054,111,112,113,114],\"remark\":\"普通管理员\",\"roleId\":100,\"roleKey\":\"root\",\"roleName\":\"教师管理员\",\"roleSort\":\"1\",\"status\":\"0\",\"updateBy\":\"admin\"}', '{\"msg\":\"操作成功\",\"code\":200}', 0, NULL, '2022-12-04 18:54:54');
INSERT INTO `sys_oper_log` VALUES (552, '角色管理', 2, 'com.ruoyi.web.controller.system.SysRoleController.edit()', 'PUT', 1, 'admin', NULL, '/system/role', '127.0.0.1', '内网IP', '{\"admin\":false,\"createTime\":\"2022-11-14 22:35:55\",\"dataScope\":\"1\",\"delFlag\":\"0\",\"deptCheckStrictly\":true,\"flag\":false,\"menuCheckStrictly\":true,\"menuIds\":[1,2000,100,1000,1001,1002,1003,1004,1005,1006,103,1016,1017,1018,1019,2002,2028,2029,2030,2031,2032,2033,2034,2035,2036,2037,2038,2039,2040,2041,2042,2043,2044,2045,2008,2009,2010,2011,2012,2013,2022,2023,2024,2025,2026,2027,2005,2046,2047,2048,2049,2050,2051,2006,2058,2059,2060,2061,2062,2063,107,1035,1036,1037,1038,4,2,109,1046,1047,1048,110,1049,1050,1051,1052,1053,1054,111,112,113,114],\"remark\":\"普通管理员\",\"roleId\":100,\"roleKey\":\"root\",\"roleName\":\"教师管理员\",\"roleSort\":\"1\",\"status\":\"0\",\"updateBy\":\"admin\"}', '{\"msg\":\"操作成功\",\"code\":200}', 0, NULL, '2022-12-04 18:56:24');
INSERT INTO `sys_oper_log` VALUES (553, '角色管理', 2, 'com.ruoyi.web.controller.system.SysRoleController.edit()', 'PUT', 1, 'admin', NULL, '/system/role', '127.0.0.1', '内网IP', '{\"admin\":false,\"createTime\":\"2022-11-14 22:35:55\",\"dataScope\":\"1\",\"delFlag\":\"0\",\"deptCheckStrictly\":true,\"flag\":false,\"menuCheckStrictly\":true,\"menuIds\":[1,2000,100,1000,1001,1002,1003,1004,1005,1006,102,1012,1013,1014,1015,103,1016,1017,1018,1019,2002,2028,2029,2030,2031,2032,2033,2034,2035,2036,2037,2038,2039,2040,2041,2042,2043,2044,2045,2008,2009,2010,2011,2012,2013,2022,2023,2024,2025,2026,2027,2005,2046,2047,2048,2049,2050,2051,2006,2058,2059,2060,2061,2062,2063,107,1035,1036,1037,1038,4,2,109,1046,1047,1048,110,1049,1050,1051,1052,1053,1054,111,112,113,114],\"remark\":\"普通管理员\",\"roleId\":100,\"roleKey\":\"root\",\"roleName\":\"教师管理员\",\"roleSort\":\"1\",\"status\":\"0\",\"updateBy\":\"admin\"}', '{\"msg\":\"操作成功\",\"code\":200}', 0, NULL, '2022-12-04 18:58:10');
INSERT INTO `sys_oper_log` VALUES (554, '角色管理', 2, 'com.ruoyi.web.controller.system.SysRoleController.edit()', 'PUT', 1, 'admin', NULL, '/system/role', '127.0.0.1', '内网IP', '{\"admin\":false,\"createTime\":\"2022-11-14 22:35:55\",\"dataScope\":\"1\",\"delFlag\":\"0\",\"deptCheckStrictly\":true,\"flag\":false,\"menuCheckStrictly\":true,\"menuIds\":[1,2000,100,1000,1001,1002,1003,1004,1005,1006,102,1012,1013,1014,1015,103,1016,1017,1018,1019,2002,2028,2029,2030,2031,2032,2033,2034,2035,2036,2037,2038,2039,2040,2041,2042,2043,2044,2045,2008,2009,2010,2011,2012,2013,2022,2023,2024,2025,2026,2027,2005,2046,2047,2048,2049,2050,2051,2006,2058,2059,2060,2061,2062,2063,107,1035,1036,1037,1038,4],\"remark\":\"普通管理员\",\"roleId\":100,\"roleKey\":\"root\",\"roleName\":\"教师管理员\",\"roleSort\":\"1\",\"status\":\"0\",\"updateBy\":\"admin\"}', '{\"msg\":\"操作成功\",\"code\":200}', 0, NULL, '2022-12-04 19:21:39');
INSERT INTO `sys_oper_log` VALUES (555, '部门管理', 1, 'com.ruoyi.web.controller.system.SysDeptController.add()', 'POST', 1, '邓周明', NULL, '/system/dept', '127.0.0.1', '内网IP', '{\"ancestors\":\"0,100\",\"children\":[],\"createBy\":\"邓周明\",\"deptName\":\"医学院\",\"email\":\"1587@qq.com\",\"leader\":\"1\",\"orderNum\":1,\"parentId\":100,\"phone\":\"15865325214\",\"status\":\"0\"}', '{\"msg\":\"操作成功\",\"code\":200}', 0, NULL, '2022-12-04 19:34:36');
INSERT INTO `sys_oper_log` VALUES (556, '部门管理', 3, 'com.ruoyi.web.controller.system.SysDeptController.remove()', 'DELETE', 1, '邓周明', NULL, '/system/dept/105', '127.0.0.1', '内网IP', '{deptId=105}', '{\"msg\":\"存在下级部门,不允许删除\",\"code\":601}', 0, NULL, '2022-12-04 19:36:30');
INSERT INTO `sys_oper_log` VALUES (557, '部门管理', 3, 'com.ruoyi.web.controller.system.SysDeptController.remove()', 'DELETE', 1, '邓周明', NULL, '/system/dept/113', '127.0.0.1', '内网IP', '{deptId=113}', '{\"msg\":\"操作成功\",\"code\":200}', 0, NULL, '2022-12-04 19:36:36');
INSERT INTO `sys_oper_log` VALUES (558, '部门管理', 3, 'com.ruoyi.web.controller.system.SysDeptController.remove()', 'DELETE', 1, '邓周明', NULL, '/system/dept/105', '127.0.0.1', '内网IP', '{deptId=105}', '{\"msg\":\"操作成功\",\"code\":200}', 0, NULL, '2022-12-04 19:36:42');
INSERT INTO `sys_oper_log` VALUES (559, 'Teacher', 2, 'com.ruoyi.web.controller.people.TeacherController.edit()', 'PUT', 1, '邓周明', NULL, '/people/teacher', '127.0.0.1', '内网IP', '{\"classType\":\"1,4\",\"collegeType\":\"1,3,4\",\"gradeType\":\"4,5\",\"tAddress\":\"辽宁省丹东市元宝区金山镇辽东学院北校区\",\"tAge\":\"25\",\"tDep\":\"1\",\"tEmail\":\"3376542195@qq.com\",\"tGonghao\":\"524125\",\"tId\":123456,\"tName\":\"张老师\",\"tNation\":\"汉\",\"tPhone\":\"15865325214\",\"tPolitic\":\"1\",\"tSex\":\"1\",\"tSfz\":\"511721200102140235\",\"yimiao\":\"4\"}', '{\"msg\":\"操作成功\",\"code\":200}', 0, NULL, '2022-12-04 19:47:39');
INSERT INTO `sys_oper_log` VALUES (560, 'Teacher', 2, 'com.ruoyi.web.controller.people.TeacherController.edit()', 'PUT', 1, '邓周明', NULL, '/people/teacher', '127.0.0.1', '内网IP', '{\"classType\":\"1,4,2,3\",\"collegeType\":\"1,3,4\",\"gradeType\":\"4,5\",\"tAddress\":\"辽宁省丹东市元宝区金山镇辽东学院北校区\",\"tAge\":\"25\",\"tDep\":\"1\",\"tEmail\":\"3376542195@qq.com\",\"tGonghao\":\"524125\",\"tId\":123456,\"tName\":\"张老师\",\"tNation\":\"汉\",\"tPhone\":\"15865325214\",\"tPolitic\":\"1\",\"tSex\":\"1\",\"tSfz\":\"511721200102140235\",\"yimiao\":\"4\"}', '{\"msg\":\"操作成功\",\"code\":200}', 0, NULL, '2022-12-04 20:02:35');
INSERT INTO `sys_oper_log` VALUES (561, 'Teacher', 2, 'com.ruoyi.web.controller.people.TeacherController.edit()', 'PUT', 1, '邓周明', NULL, '/people/teacher', '127.0.0.1', '内网IP', '{\"classType\":\"2,3\",\"collegeType\":\"1,3,4\",\"gradeType\":\"4,5\",\"tAddress\":\"辽宁省丹东市元宝区金山镇辽东学院北校区\",\"tAge\":\"25\",\"tDep\":\"1\",\"tEmail\":\"3376542195@qq.com\",\"tGonghao\":\"524125\",\"tId\":123456,\"tName\":\"张老师\",\"tNation\":\"汉\",\"tPhone\":\"15865325214\",\"tPolitic\":\"1\",\"tSex\":\"1\",\"tSfz\":\"511721200102140235\",\"yimiao\":\"4\"}', '{\"msg\":\"操作成功\",\"code\":200}', 0, NULL, '2022-12-04 20:02:43');

-- ----------------------------
-- Table structure for sys_post
-- ----------------------------
DROP TABLE IF EXISTS `sys_post`;
CREATE TABLE `sys_post`  (
  `post_id` bigint NOT NULL AUTO_INCREMENT COMMENT '岗位ID',
  `post_code` varchar(64) CHARACTER SET utf8 COLLATE utf8_general_ci NOT NULL COMMENT '岗位编码',
  `post_name` varchar(50) CHARACTER SET utf8 COLLATE utf8_general_ci NOT NULL COMMENT '岗位名称',
  `post_sort` int NOT NULL COMMENT '显示顺序',
  `status` char(1) CHARACTER SET utf8 COLLATE utf8_general_ci NOT NULL COMMENT '状态（0正常 1停用）',
  `create_by` varchar(64) CHARACTER SET utf8 COLLATE utf8_general_ci NULL DEFAULT '' COMMENT '创建者',
  `create_time` datetime NULL DEFAULT NULL COMMENT '创建时间',
  `update_by` varchar(64) CHARACTER SET utf8 COLLATE utf8_general_ci NULL DEFAULT '' COMMENT '更新者',
  `update_time` datetime NULL DEFAULT NULL COMMENT '更新时间',
  `remark` varchar(500) CHARACTER SET utf8 COLLATE utf8_general_ci NULL DEFAULT NULL COMMENT '备注',
  PRIMARY KEY (`post_id`) USING BTREE
) ENGINE = InnoDB AUTO_INCREMENT = 6 CHARACTER SET = utf8 COLLATE = utf8_general_ci COMMENT = '岗位信息表' ROW_FORMAT = Dynamic;

-- ----------------------------
-- Records of sys_post
-- ----------------------------
INSERT INTO `sys_post` VALUES (1, 'ceo', '校长', 1, '0', 'admin', '2022-11-13 20:38:52', 'admin', '2022-11-14 22:21:27', '');
INSERT INTO `sys_post` VALUES (2, 'yz', '院长', 2, '0', 'admin', '2022-11-13 20:38:52', 'admin', '2022-11-14 22:22:22', '');
INSERT INTO `sys_post` VALUES (3, 'teacher', '教师', 3, '0', 'admin', '2022-11-13 20:38:52', 'admin', '2022-11-14 22:22:16', '');
INSERT INTO `sys_post` VALUES (4, 'student', '学生', 4, '0', 'admin', '2022-11-13 20:38:52', 'admin', '2022-11-14 22:22:08', '');
INSERT INTO `sys_post` VALUES (5, 'home', '学生家长', 5, '0', 'admin', '2022-11-14 22:40:58', 'admin', '2022-11-14 22:41:08', NULL);

-- ----------------------------
-- Table structure for sys_role
-- ----------------------------
DROP TABLE IF EXISTS `sys_role`;
CREATE TABLE `sys_role`  (
  `role_id` bigint NOT NULL AUTO_INCREMENT COMMENT '角色ID',
  `role_name` varchar(30) CHARACTER SET utf8 COLLATE utf8_general_ci NOT NULL COMMENT '角色名称',
  `role_key` varchar(100) CHARACTER SET utf8 COLLATE utf8_general_ci NOT NULL COMMENT '角色权限字符串',
  `role_sort` int NOT NULL COMMENT '显示顺序',
  `data_scope` char(1) CHARACTER SET utf8 COLLATE utf8_general_ci NULL DEFAULT '1' COMMENT '数据范围（1：全部数据权限 2：自定数据权限 3：本部门数据权限 4：本部门及以下数据权限）',
  `menu_check_strictly` tinyint(1) NULL DEFAULT 1 COMMENT '菜单树选择项是否关联显示',
  `dept_check_strictly` tinyint(1) NULL DEFAULT 1 COMMENT '部门树选择项是否关联显示',
  `status` char(1) CHARACTER SET utf8 COLLATE utf8_general_ci NOT NULL COMMENT '角色状态（0正常 1停用）',
  `del_flag` char(1) CHARACTER SET utf8 COLLATE utf8_general_ci NULL DEFAULT '0' COMMENT '删除标志（0代表存在 2代表删除）',
  `create_by` varchar(64) CHARACTER SET utf8 COLLATE utf8_general_ci NULL DEFAULT '' COMMENT '创建者',
  `create_time` datetime NULL DEFAULT NULL COMMENT '创建时间',
  `update_by` varchar(64) CHARACTER SET utf8 COLLATE utf8_general_ci NULL DEFAULT '' COMMENT '更新者',
  `update_time` datetime NULL DEFAULT NULL COMMENT '更新时间',
  `remark` varchar(500) CHARACTER SET utf8 COLLATE utf8_general_ci NULL DEFAULT NULL COMMENT '备注',
  PRIMARY KEY (`role_id`) USING BTREE
) ENGINE = InnoDB AUTO_INCREMENT = 101 CHARACTER SET = utf8 COLLATE = utf8_general_ci COMMENT = '角色信息表' ROW_FORMAT = Dynamic;

-- ----------------------------
-- Records of sys_role
-- ----------------------------
INSERT INTO `sys_role` VALUES (1, '超级管理员', 'admin', 1, '1', 1, 1, '0', '0', 'admin', '2022-11-13 20:38:53', '', NULL, '超级管理员');
INSERT INTO `sys_role` VALUES (2, '普通角色', 'common', 2, '2', 1, 1, '0', '0', 'admin', '2022-11-13 20:38:53', 'admin', '2022-12-03 09:56:57', '普通角色');
INSERT INTO `sys_role` VALUES (100, '教师管理员', 'root', 1, '1', 1, 1, '0', '0', 'admin', '2022-11-14 22:35:55', 'admin', '2022-12-04 19:21:39', '普通管理员');

-- ----------------------------
-- Table structure for sys_role_dept
-- ----------------------------
DROP TABLE IF EXISTS `sys_role_dept`;
CREATE TABLE `sys_role_dept`  (
  `role_id` bigint NOT NULL COMMENT '角色ID',
  `dept_id` bigint NOT NULL COMMENT '部门ID',
  PRIMARY KEY (`role_id`, `dept_id`) USING BTREE
) ENGINE = InnoDB CHARACTER SET = utf8 COLLATE = utf8_general_ci COMMENT = '角色和部门关联表' ROW_FORMAT = Dynamic;

-- ----------------------------
-- Records of sys_role_dept
-- ----------------------------
INSERT INTO `sys_role_dept` VALUES (2, 100);
INSERT INTO `sys_role_dept` VALUES (2, 101);
INSERT INTO `sys_role_dept` VALUES (2, 105);

-- ----------------------------
-- Table structure for sys_role_menu
-- ----------------------------
DROP TABLE IF EXISTS `sys_role_menu`;
CREATE TABLE `sys_role_menu`  (
  `role_id` bigint NOT NULL COMMENT '角色ID',
  `menu_id` bigint NOT NULL COMMENT '菜单ID',
  PRIMARY KEY (`role_id`, `menu_id`) USING BTREE
) ENGINE = InnoDB CHARACTER SET = utf8 COLLATE = utf8_general_ci COMMENT = '角色和菜单关联表' ROW_FORMAT = Dynamic;

-- ----------------------------
-- Records of sys_role_menu
-- ----------------------------
INSERT INTO `sys_role_menu` VALUES (100, 1);
INSERT INTO `sys_role_menu` VALUES (100, 4);
INSERT INTO `sys_role_menu` VALUES (100, 100);
INSERT INTO `sys_role_menu` VALUES (100, 102);
INSERT INTO `sys_role_menu` VALUES (100, 103);
INSERT INTO `sys_role_menu` VALUES (100, 107);
INSERT INTO `sys_role_menu` VALUES (100, 1000);
INSERT INTO `sys_role_menu` VALUES (100, 1001);
INSERT INTO `sys_role_menu` VALUES (100, 1002);
INSERT INTO `sys_role_menu` VALUES (100, 1003);
INSERT INTO `sys_role_menu` VALUES (100, 1004);
INSERT INTO `sys_role_menu` VALUES (100, 1005);
INSERT INTO `sys_role_menu` VALUES (100, 1006);
INSERT INTO `sys_role_menu` VALUES (100, 1012);
INSERT INTO `sys_role_menu` VALUES (100, 1013);
INSERT INTO `sys_role_menu` VALUES (100, 1014);
INSERT INTO `sys_role_menu` VALUES (100, 1015);
INSERT INTO `sys_role_menu` VALUES (100, 1016);
INSERT INTO `sys_role_menu` VALUES (100, 1017);
INSERT INTO `sys_role_menu` VALUES (100, 1018);
INSERT INTO `sys_role_menu` VALUES (100, 1019);
INSERT INTO `sys_role_menu` VALUES (100, 1035);
INSERT INTO `sys_role_menu` VALUES (100, 1036);
INSERT INTO `sys_role_menu` VALUES (100, 1037);
INSERT INTO `sys_role_menu` VALUES (100, 1038);
INSERT INTO `sys_role_menu` VALUES (100, 2000);
INSERT INTO `sys_role_menu` VALUES (100, 2002);
INSERT INTO `sys_role_menu` VALUES (100, 2005);
INSERT INTO `sys_role_menu` VALUES (100, 2006);
INSERT INTO `sys_role_menu` VALUES (100, 2008);
INSERT INTO `sys_role_menu` VALUES (100, 2009);
INSERT INTO `sys_role_menu` VALUES (100, 2010);
INSERT INTO `sys_role_menu` VALUES (100, 2011);
INSERT INTO `sys_role_menu` VALUES (100, 2012);
INSERT INTO `sys_role_menu` VALUES (100, 2013);
INSERT INTO `sys_role_menu` VALUES (100, 2022);
INSERT INTO `sys_role_menu` VALUES (100, 2023);
INSERT INTO `sys_role_menu` VALUES (100, 2024);
INSERT INTO `sys_role_menu` VALUES (100, 2025);
INSERT INTO `sys_role_menu` VALUES (100, 2026);
INSERT INTO `sys_role_menu` VALUES (100, 2027);
INSERT INTO `sys_role_menu` VALUES (100, 2028);
INSERT INTO `sys_role_menu` VALUES (100, 2029);
INSERT INTO `sys_role_menu` VALUES (100, 2030);
INSERT INTO `sys_role_menu` VALUES (100, 2031);
INSERT INTO `sys_role_menu` VALUES (100, 2032);
INSERT INTO `sys_role_menu` VALUES (100, 2033);
INSERT INTO `sys_role_menu` VALUES (100, 2034);
INSERT INTO `sys_role_menu` VALUES (100, 2035);
INSERT INTO `sys_role_menu` VALUES (100, 2036);
INSERT INTO `sys_role_menu` VALUES (100, 2037);
INSERT INTO `sys_role_menu` VALUES (100, 2038);
INSERT INTO `sys_role_menu` VALUES (100, 2039);
INSERT INTO `sys_role_menu` VALUES (100, 2040);
INSERT INTO `sys_role_menu` VALUES (100, 2041);
INSERT INTO `sys_role_menu` VALUES (100, 2042);
INSERT INTO `sys_role_menu` VALUES (100, 2043);
INSERT INTO `sys_role_menu` VALUES (100, 2044);
INSERT INTO `sys_role_menu` VALUES (100, 2045);
INSERT INTO `sys_role_menu` VALUES (100, 2046);
INSERT INTO `sys_role_menu` VALUES (100, 2047);
INSERT INTO `sys_role_menu` VALUES (100, 2048);
INSERT INTO `sys_role_menu` VALUES (100, 2049);
INSERT INTO `sys_role_menu` VALUES (100, 2050);
INSERT INTO `sys_role_menu` VALUES (100, 2051);
INSERT INTO `sys_role_menu` VALUES (100, 2058);
INSERT INTO `sys_role_menu` VALUES (100, 2059);
INSERT INTO `sys_role_menu` VALUES (100, 2060);
INSERT INTO `sys_role_menu` VALUES (100, 2061);
INSERT INTO `sys_role_menu` VALUES (100, 2062);
INSERT INTO `sys_role_menu` VALUES (100, 2063);

-- ----------------------------
-- Table structure for sys_user
-- ----------------------------
DROP TABLE IF EXISTS `sys_user`;
CREATE TABLE `sys_user`  (
  `user_id` bigint NOT NULL AUTO_INCREMENT COMMENT '用户ID',
  `dept_id` bigint NULL DEFAULT NULL COMMENT '部门ID',
  `user_name` varchar(30) CHARACTER SET utf8 COLLATE utf8_general_ci NOT NULL COMMENT '用户账号',
  `nick_name` varchar(30) CHARACTER SET utf8 COLLATE utf8_general_ci NOT NULL COMMENT '用户昵称',
  `user_type` varchar(2) CHARACTER SET utf8 COLLATE utf8_general_ci NULL DEFAULT '00' COMMENT '用户类型（00系统用户）',
  `email` varchar(50) CHARACTER SET utf8 COLLATE utf8_general_ci NULL DEFAULT '' COMMENT '用户邮箱',
  `phonenumber` varchar(11) CHARACTER SET utf8 COLLATE utf8_general_ci NULL DEFAULT '' COMMENT '手机号码',
  `sex` char(1) CHARACTER SET utf8 COLLATE utf8_general_ci NULL DEFAULT '0' COMMENT '用户性别（0男 1女 2未知）',
  `avatar` varchar(100) CHARACTER SET utf8 COLLATE utf8_general_ci NULL DEFAULT '' COMMENT '头像地址',
  `password` varchar(100) CHARACTER SET utf8 COLLATE utf8_general_ci NULL DEFAULT '' COMMENT '密码',
  `status` char(1) CHARACTER SET utf8 COLLATE utf8_general_ci NULL DEFAULT '0' COMMENT '帐号状态（0正常 1停用）',
  `del_flag` char(1) CHARACTER SET utf8 COLLATE utf8_general_ci NULL DEFAULT '0' COMMENT '删除标志（0代表存在 2代表删除）',
  `login_ip` varchar(128) CHARACTER SET utf8 COLLATE utf8_general_ci NULL DEFAULT '' COMMENT '最后登录IP',
  `login_date` datetime NULL DEFAULT NULL COMMENT '最后登录时间',
  `create_by` varchar(64) CHARACTER SET utf8 COLLATE utf8_general_ci NULL DEFAULT '' COMMENT '创建者',
  `create_time` datetime NULL DEFAULT NULL COMMENT '创建时间',
  `update_by` varchar(64) CHARACTER SET utf8 COLLATE utf8_general_ci NULL DEFAULT '' COMMENT '更新者',
  `update_time` datetime NULL DEFAULT NULL COMMENT '更新时间',
  `remark` varchar(20000) CHARACTER SET utf8 COLLATE utf8_general_ci NULL DEFAULT NULL COMMENT '备注',
  PRIMARY KEY (`user_id`) USING BTREE
) ENGINE = InnoDB AUTO_INCREMENT = 103 CHARACTER SET = utf8 COLLATE = utf8_general_ci COMMENT = '用户信息表' ROW_FORMAT = Dynamic;

-- ----------------------------
-- Records of sys_user
-- ----------------------------
INSERT INTO `sys_user` VALUES (1, 103, 'admin', '校长', '00', '123@163.com', '15888888888', '0', '/profile/avatar/2022/12/02/blob_20221202101834A001.png', '$2a$10$7JB720yubVSZvUI0rEqK/.VqGOZTH.ulu33dHOiBE8ByOhJIrdAu2', '0', '0', '127.0.0.1', '2022-12-05 10:51:38', 'admin', '2022-11-13 20:38:52', '', '2022-12-05 10:51:38', '管理员');
INSERT INTO `sys_user` VALUES (2, 110, '邓周明', '教师管理员测试', '00', '123@qq.com', '19967561455', '0', '/profile/avatar/2022/12/02/blob_20221202104905A002.png', '$2a$10$7JB720yubVSZvUI0rEqK/.VqGOZTH.ulu33dHOiBE8ByOhJIrdAu2', '0', '0', '127.0.0.1', '2022-12-04 21:50:13', 'admin', '2022-11-13 20:38:52', '邓周明', '2022-12-04 21:50:13', '测试号');
INSERT INTO `sys_user` VALUES (100, NULL, '王小明', '王小明', '00', '', '', '0', '', '$2a$10$m/HAVw/SbG5CLEDV5Qch/.IcXR8ZbqXUF/bANsGGVGzEzXvg.TLCi', '0', '0', '127.0.0.1', '2022-11-14 23:22:01', '', '2022-11-14 23:21:33', 'admin', '2022-11-24 02:45:23', '-- 菜单 SQL\ninsert into sys_menu (menu_name, parent_id, order_num, path, component, is_frame, is_cache, menu_type, visible, status, perms, icon, create_by, create_time, update_by, update_time, remark)\nvalues(\'填表管理\', \'3\', \'1\', \'tianbiao\', \'tianbiao/tianbiao/index\', 1, 0, \'C\', \'0\', \'0\', \'tianbiao:tianbiao:list\', \'#\', \'admin\', sysdate(), \'\', null, \'填表管理菜单\');\n\n-- 按钮父菜单ID\nSELECT @parentId := LAST_INSERT_ID();\n\n-- 按钮 SQL\ninsert into sys_menu (menu_name, parent_id, order_num, path, component, is_frame, is_cache, menu_type, visible, status, perms, icon, create_by, create_time, update_by, update_time, remark)\nvalues(\'填表管理查询\', @parentId, \'1\',  \'#\', \'\', 1, 0, \'F\', \'0\', \'0\', \'tianbiao:tianbiao:query\',        \'#\', \'admin\', sysdate(), \'\', null, \'\');\n\ninsert into sys_menu (menu_name, parent_id, order_num, path, component, is_frame, is_cache, menu_type, visible, status, perms, icon, create_by, create_time, update_by, update_time, remark)\nvalues(\'填表管理新增\', @parentId, \'2\',  \'#\', \'\', 1, 0, \'F\', \'0\', \'0\', \'tianbiao:tianbiao:add\',          \'#\', \'admin\', sysdate(), \'\', null, \'\');\n\ninsert into sys_menu (menu_name, parent_id, order_num, path, component, is_frame, is_cache, menu_type, visible, status, perms, icon, create_by, create_time, update_by, update_time, remark)\nvalues(\'填表管理修改\', @parentId, \'3\',  \'#\', \'\', 1, 0, \'F\', \'0\', \'0\', \'tianbiao:tianbiao:edit\',         \'#\', \'admin\', sysdate(), \'\', null, \'\');\n\ninsert into sys_menu (menu_name, parent_id, order_num, path, component, is_frame, is_cache, menu_type, visible, status, perms, icon, create_by, create_time, update_by, update_time, remark)\nvalues(\'填表管理删除\', @parentId, \'4\',  \'#\', \'\', 1, 0, \'F\', \'0\', \'0\', \'tianbiao:tianbiao:remove\',       \'#\', \'admin\', sysdate(), \'\', null, \'\');\n\ninsert into sys_menu (menu_name, parent_id, order_num, path, component, is_frame, is_cache, menu_type, visible, status, perms, icon, create_by, create_time, update_by, update_time, remark)\nvalues(\'填表管理导出\', @parentId, \'5\',  \'#\', \'\', 1, 0, \'F\', \'0\', \'0\', \'tianbiao:tianbiao:export\',       \'#\', \'admin\', sysdate(), \'\', null, \'\');');
INSERT INTO `sys_user` VALUES (101, 110, 'zhanglaoshi', '周老师', '00', '158@qq.com', '15852412154', '0', '', '$2a$10$IQSCQ7LdgZwCUme15kXgjeDJwkhEsQm5xMJu2IcIdJtoTA2hf0YA.', '0', '2', '', NULL, 'admin', '2022-12-02 15:40:02', '', NULL, 'B2005班主任');
INSERT INTO `sys_user` VALUES (102, 110, 'zhou', '周老师', '00', '158@qq.com', '15854214125', '1', '/profile/avatar/2022/12/02/blob_20221202160402A001.png', '$2a$10$bLWMrWc31lxgYsv/TDUeIO49hLVaZp7pABq1oFhl3Xw5rF/IXhiqy', '0', '0', '127.0.0.1', '2022-12-02 16:03:40', 'admin', '2022-12-02 16:03:03', 'admin', '2022-12-02 16:05:24', NULL);

-- ----------------------------
-- Table structure for sys_user_post
-- ----------------------------
DROP TABLE IF EXISTS `sys_user_post`;
CREATE TABLE `sys_user_post`  (
  `user_id` bigint NOT NULL COMMENT '用户ID',
  `post_id` bigint NOT NULL COMMENT '岗位ID',
  PRIMARY KEY (`user_id`, `post_id`) USING BTREE
) ENGINE = InnoDB CHARACTER SET = utf8 COLLATE = utf8_general_ci COMMENT = '用户与岗位关联表' ROW_FORMAT = Dynamic;

-- ----------------------------
-- Records of sys_user_post
-- ----------------------------
INSERT INTO `sys_user_post` VALUES (1, 1);
INSERT INTO `sys_user_post` VALUES (2, 4);
INSERT INTO `sys_user_post` VALUES (102, 3);

-- ----------------------------
-- Table structure for sys_user_role
-- ----------------------------
DROP TABLE IF EXISTS `sys_user_role`;
CREATE TABLE `sys_user_role`  (
  `user_id` bigint NOT NULL COMMENT '用户ID',
  `role_id` bigint NOT NULL COMMENT '角色ID',
  PRIMARY KEY (`user_id`, `role_id`) USING BTREE
) ENGINE = InnoDB CHARACTER SET = utf8 COLLATE = utf8_general_ci COMMENT = '用户和角色关联表' ROW_FORMAT = Dynamic;

-- ----------------------------
-- Records of sys_user_role
-- ----------------------------
INSERT INTO `sys_user_role` VALUES (1, 1);
INSERT INTO `sys_user_role` VALUES (2, 100);
INSERT INTO `sys_user_role` VALUES (102, 2);

-- ----------------------------
-- Table structure for teacher
-- ----------------------------
DROP TABLE IF EXISTS `teacher`;
CREATE TABLE `teacher`  (
  `t_id` int NOT NULL COMMENT '教师ID',
  `t_name` varchar(20) CHARACTER SET utf8mb4 COLLATE utf8mb4_0900_ai_ci NULL DEFAULT NULL COMMENT '姓名',
  `t_gonghao` varchar(30) CHARACTER SET utf8mb4 COLLATE utf8mb4_0900_ai_ci NULL DEFAULT NULL COMMENT '工号',
  `t_sex` char(2) CHARACTER SET utf8mb4 COLLATE utf8mb4_0900_ai_ci NULL DEFAULT NULL COMMENT '性别',
  `t_sfz` varchar(20) CHARACTER SET utf8mb4 COLLATE utf8mb4_0900_ai_ci NULL DEFAULT NULL COMMENT '身份证',
  `t_age` varchar(10) CHARACTER SET utf8mb4 COLLATE utf8mb4_0900_ai_ci NULL DEFAULT NULL COMMENT '年龄',
  `t_politic` varchar(20) CHARACTER SET utf8mb4 COLLATE utf8mb4_0900_ai_ci NULL DEFAULT NULL COMMENT '政治面貌',
  `t_nation` varchar(20) CHARACTER SET utf8mb4 COLLATE utf8mb4_0900_ai_ci NULL DEFAULT NULL COMMENT '民族',
  `t_email` varchar(30) CHARACTER SET utf8mb4 COLLATE utf8mb4_0900_ai_ci NULL DEFAULT NULL COMMENT '邮箱',
  `t_phone` varchar(20) CHARACTER SET utf8mb4 COLLATE utf8mb4_0900_ai_ci NULL DEFAULT NULL COMMENT '手机号',
  `t_address` varchar(100) CHARACTER SET utf8mb4 COLLATE utf8mb4_0900_ai_ci NULL DEFAULT NULL COMMENT '家庭住址',
  `yimiao` varchar(20) CHARACTER SET utf8mb4 COLLATE utf8mb4_0900_ai_ci NULL DEFAULT NULL COMMENT '疫苗接种',
  `college_type` varchar(20) CHARACTER SET utf8mb4 COLLATE utf8mb4_0900_ai_ci NULL DEFAULT NULL COMMENT '任课学院',
  `t_dep` varchar(25) CHARACTER SET utf8mb4 COLLATE utf8mb4_0900_ai_ci NULL DEFAULT NULL COMMENT '任课系',
  `grade_type` varchar(20) CHARACTER SET utf8mb4 COLLATE utf8mb4_0900_ai_ci NULL DEFAULT NULL COMMENT '任课年级',
  `class_type` varchar(20) CHARACTER SET utf8mb4 COLLATE utf8mb4_0900_ai_ci NULL DEFAULT NULL COMMENT '任课班级',
  PRIMARY KEY (`t_id`) USING BTREE
) ENGINE = InnoDB CHARACTER SET = utf8mb4 COLLATE = utf8mb4_0900_ai_ci ROW_FORMAT = Dynamic;

-- ----------------------------
-- Records of teacher
-- ----------------------------
INSERT INTO `teacher` VALUES (123456, '张老师', '524125', '1', '511721200102140235', '25', '1', '汉', '3376542195@qq.com', '15865325214', '辽宁省丹东市元宝区金山镇辽东学院北校区', '4', '1,3,4', '1', '4,5', '2,3');

-- ----------------------------
-- Table structure for teacher_db
-- ----------------------------
DROP TABLE IF EXISTS `teacher_db`;
CREATE TABLE `teacher_db`  (
  `id` int NOT NULL AUTO_INCREMENT,
  `teacher_ID` varchar(20) CHARACTER SET utf8 COLLATE utf8_general_ci NULL DEFAULT NULL,
  `username` varchar(20) CHARACTER SET utf8 COLLATE utf8_general_ci NULL DEFAULT NULL,
  `tea_gh` varchar(20) CHARACTER SET utf8 COLLATE utf8_general_ci NULL DEFAULT NULL,
  `sex` char(1) CHARACTER SET utf8 COLLATE utf8_general_ci NULL DEFAULT NULL,
  `age` varchar(18) CHARACTER SET utf8 COLLATE utf8_general_ci NULL DEFAULT NULL,
  `phone` varchar(18) CHARACTER SET utf8 COLLATE utf8_general_ci NULL DEFAULT NULL,
  `mingzhu` varchar(10) CHARACTER SET utf8 COLLATE utf8_general_ci NULL DEFAULT NULL,
  `hobby` varchar(100) CHARACTER SET utf8 COLLATE utf8_general_ci NULL DEFAULT NULL,
  `type` char(1) CHARACTER SET utf8 COLLATE utf8_general_ci NULL DEFAULT NULL,
  PRIMARY KEY (`id`) USING BTREE
) ENGINE = InnoDB AUTO_INCREMENT = 3 CHARACTER SET = utf8 COLLATE = utf8_general_ci ROW_FORMAT = Dynamic;

-- ----------------------------
-- Records of teacher_db
-- ----------------------------
INSERT INTO `teacher_db` VALUES (1, '10001', '王刚', 'GH0001', '0', '40', '18896374343', '汉', '唱，跳，rap', '1');
INSERT INTO `teacher_db` VALUES (2, '22', '2', '1', '0', '1', '1', '1', '1', '1');

SET FOREIGN_KEY_CHECKS = 1;
